# Blender 4.5.14 LTS
# www.blender.org
mtllib arrowanywrap.mtl
o Mesh_0
v 0.763541 -0.001833 -0.020470 0.8666 0.8666 0.8666
v 0.763541 -0.016308 0.014475 0.9255 0.9255 0.9255
v 0.763541 -0.016308 -0.014474 0.9255 0.9255 0.9255
v 0.763541 -0.016308 -0.014474 0.9255 0.9255 0.9255
v 0.763541 -0.016308 0.014475 0.9255 0.9255 0.9255
v 0.763541 -0.022304 0.000000 0.9451 0.9451 0.9451
v 0.763541 -0.016308 0.014475 0.9255 0.9255 0.9255
v 0.763541 -0.001833 -0.020470 0.8666 0.8666 0.8666
v 0.763541 -0.001833 0.020471 0.8666 0.8666 0.8666
v 0.763541 -0.001833 0.020471 0.8666 0.8666 0.8666
v 0.763541 -0.001833 -0.020470 0.8666 0.8666 0.8666
v 0.763541 0.012640 -0.014474 0.7921 0.7921 0.7921
v 0.763541 0.012640 -0.014474 0.7921 0.7921 0.7921
v 0.763541 0.012640 0.014475 0.7921 0.7921 0.7921
v 0.763541 -0.001833 0.020471 0.8666 0.8666 0.8666
v 0.763541 0.012640 0.014475 0.7921 0.7921 0.7921
v 0.763541 0.012640 -0.014474 0.7921 0.7921 0.7921
v 0.763541 0.018636 0.000000 0.7529 0.7529 0.7529
v 0.747236 0.001488 -0.038930 0.9843 0.9843 0.9843
v 0.760305 0.040532 0.000115 0.9294 0.9294 0.9294
v 0.883024 0.001488 0.000115 0.0000 0.0000 0.0000
v 0.747236 0.001488 0.039159 0.8235 0.8235 0.8235
v 0.883024 0.001488 0.000115 0.0000 0.0000 0.0000
v 0.760305 0.040532 0.000115 0.9294 0.9294 0.9294
v 0.883024 0.001488 0.000115 0.0000 0.0000 0.0000
v 0.747236 0.001488 0.039159 0.8235 0.8235 0.8235
v 0.760305 -0.037556 0.000115 0.9294 0.9294 0.9294
v 0.883024 0.001488 0.000115 0.0000 0.0000 0.0000
v 0.760305 -0.037556 0.000115 0.9294 0.9294 0.9294
v 0.747236 0.001488 -0.038930 0.9843 0.9843 0.9843
v -0.789993 -0.001830 -0.025356 0.0000 0.0000 0.0000
v -0.806993 0.016098 0.017929 0.0000 0.0000 0.0000
v -0.806993 0.016098 -0.017929 0.0000 0.0000 0.0000
v -0.806993 0.016098 -0.017929 0.0000 0.0000 0.0000
v -0.806993 0.016098 0.017929 0.0000 0.0000 0.0000
v -0.806993 0.023525 0.000000 0.0000 0.0000 0.0000
v -0.806993 0.016098 0.017929 0.0000 0.0000 0.0000
v -0.789993 -0.001830 -0.025356 0.0000 0.0000 0.0000
v -0.789993 -0.001831 0.025356 0.0000 0.0000 0.0000
v -0.806993 -0.019759 -0.017929 0.0000 0.0000 0.0000
v -0.789993 -0.001831 0.025356 0.0000 0.0000 0.0000
v -0.789993 -0.001830 -0.025356 0.0000 0.0000 0.0000
v -0.789993 -0.001831 0.025356 0.0000 0.0000 0.0000
v -0.806993 -0.019759 -0.017929 0.0000 0.0000 0.0000
v -0.806993 -0.019759 0.017929 0.0000 0.0000 0.0000
v -0.806993 -0.019759 -0.017929 0.0000 0.0000 0.0000
v -0.806993 -0.027186 0.000000 0.0000 0.0000 0.0000
v -0.806993 -0.019759 0.017929 0.0000 0.0000 0.0000
v -0.694144 0.061837 -0.037161 0.0000 0.0000 0.0000
v -0.703440 0.068881 -0.045851 0.0000 0.0000 0.0000
v -0.703440 0.070646 -0.043330 0.0000 0.0000 0.0000
v -0.703440 0.068881 -0.045851 0.0000 0.0000 0.0000
v -0.694144 0.061837 -0.037161 0.0000 0.0000 0.0000
v -0.694144 0.060071 -0.039682 0.0000 0.0000 0.0000
v -0.688617 0.055237 -0.032540 0.0510 0.0510 0.0510
v -0.694144 0.060071 -0.039682 0.0000 0.0000 0.0000
v -0.694144 0.061837 -0.037161 0.0000 0.0000 0.0000
v -0.694144 0.060071 -0.039682 0.0000 0.0000 0.0000
v -0.688617 0.055237 -0.032540 0.0510 0.0510 0.0510
v -0.688617 0.053472 -0.035062 0.0510 0.0510 0.0510
v -0.687404 0.052293 -0.030478 0.1686 0.1686 0.1686
v -0.688617 0.053472 -0.035062 0.0510 0.0510 0.0510
v -0.688617 0.055237 -0.032540 0.0510 0.0510 0.0510
v -0.688617 0.053472 -0.035062 0.0510 0.0510 0.0510
v -0.687404 0.052293 -0.030478 0.1686 0.1686 0.1686
v -0.687404 0.050527 -0.033000 0.1686 0.1686 0.1686
v -0.688876 0.046863 -0.026676 0.3568 0.3568 0.3568
v -0.687404 0.050527 -0.033000 0.1686 0.1686 0.1686
v -0.687404 0.052293 -0.030478 0.1686 0.1686 0.1686
v -0.687404 0.050527 -0.033000 0.1686 0.1686 0.1686
v -0.688876 0.046863 -0.026676 0.3568 0.3568 0.3568
v -0.688876 0.045098 -0.029198 0.3568 0.3568 0.3568
v -0.703440 -0.070646 0.043330 0.0000 0.0000 0.0000
v -0.694144 -0.061838 0.037161 0.0000 0.0000 0.0000
v -0.703440 -0.068881 0.045851 0.0000 0.0000 0.0000
v -0.694144 -0.060072 0.039683 0.0000 0.0000 0.0000
v -0.703440 -0.068881 0.045851 0.0000 0.0000 0.0000
v -0.694144 -0.061838 0.037161 0.0000 0.0000 0.0000
v -0.694144 -0.061838 0.037161 0.0000 0.0000 0.0000
v -0.688617 -0.055237 0.032541 0.0510 0.0510 0.0510
v -0.694144 -0.060072 0.039683 0.0000 0.0000 0.0000
v -0.688617 -0.053472 0.035062 0.0510 0.0510 0.0510
v -0.694144 -0.060072 0.039683 0.0000 0.0000 0.0000
v -0.688617 -0.055237 0.032541 0.0510 0.0510 0.0510
v -0.688617 -0.053472 0.035062 0.0510 0.0510 0.0510
v -0.688617 -0.055237 0.032541 0.0510 0.0510 0.0510
v -0.687404 -0.052293 0.030478 0.1686 0.1686 0.1686
v -0.687404 -0.050527 0.033000 0.1686 0.1686 0.1686
v -0.688617 -0.053472 0.035062 0.0510 0.0510 0.0510
v -0.687404 -0.052293 0.030478 0.1686 0.1686 0.1686
v -0.687404 -0.052293 0.030478 0.1686 0.1686 0.1686
v -0.688876 -0.046863 0.026676 0.3568 0.3568 0.3568
v -0.687404 -0.050527 0.033000 0.1686 0.1686 0.1686
v -0.688876 -0.045098 0.029198 0.3568 0.3568 0.3568
v -0.687404 -0.050527 0.033000 0.1686 0.1686 0.1686
v -0.688876 -0.046863 0.026676 0.3568 0.3568 0.3568
v -0.694144 -0.064648 -0.032499 0.0000 0.0000 0.0000
v -0.703440 -0.072423 -0.040542 0.0000 0.0000 0.0000
v -0.694144 -0.063109 -0.035165 0.0000 0.0000 0.0000
v -0.703440 -0.072423 -0.040542 0.0000 0.0000 0.0000
v -0.694144 -0.064648 -0.032499 0.0000 0.0000 0.0000
v -0.703440 -0.073961 -0.037876 0.0000 0.0000 0.0000
v -0.694144 -0.063109 -0.035165 0.0000 0.0000 0.0000
v -0.688617 -0.057671 -0.028471 0.0510 0.0510 0.0510
v -0.694144 -0.064648 -0.032499 0.0000 0.0000 0.0000
v -0.688617 -0.057671 -0.028471 0.0510 0.0510 0.0510
v -0.694144 -0.063109 -0.035165 0.0000 0.0000 0.0000
v -0.688617 -0.056131 -0.031136 0.0510 0.0510 0.0510
v -0.688617 -0.056131 -0.031136 0.0510 0.0510 0.0510
v -0.687404 -0.054558 -0.026673 0.1686 0.1686 0.1686
v -0.688617 -0.057671 -0.028471 0.0510 0.0510 0.0510
v -0.687404 -0.054558 -0.026673 0.1686 0.1686 0.1686
v -0.688617 -0.056131 -0.031136 0.0510 0.0510 0.0510
v -0.687404 -0.053019 -0.029339 0.1686 0.1686 0.1686
v -0.687404 -0.053019 -0.029339 0.1686 0.1686 0.1686
v -0.688876 -0.048817 -0.023359 0.3568 0.3568 0.3568
v -0.687404 -0.054558 -0.026673 0.1686 0.1686 0.1686
v -0.688876 -0.048817 -0.023359 0.3568 0.3568 0.3568
v -0.687404 -0.053019 -0.029339 0.1686 0.1686 0.1686
v -0.688876 -0.047278 -0.026024 0.3568 0.3568 0.3568
v -0.703440 0.072423 0.040542 0.0000 0.0000 0.0000
v -0.694144 0.064648 0.032499 0.0000 0.0000 0.0000
v -0.703440 0.073961 0.037876 0.0000 0.0000 0.0000
v -0.694144 0.064648 0.032499 0.0000 0.0000 0.0000
v -0.703440 0.072423 0.040542 0.0000 0.0000 0.0000
v -0.694144 0.063109 0.035165 0.0000 0.0000 0.0000
v -0.694144 0.063109 0.035165 0.0000 0.0000 0.0000
v -0.688617 0.057671 0.028471 0.0510 0.0510 0.0510
v -0.694144 0.064648 0.032499 0.0000 0.0000 0.0000
v -0.688617 0.057671 0.028471 0.0510 0.0510 0.0510
v -0.694144 0.063109 0.035165 0.0000 0.0000 0.0000
v -0.688617 0.056131 0.031136 0.0510 0.0510 0.0510
v -0.688617 0.056131 0.031136 0.0510 0.0510 0.0510
v -0.687404 0.054557 0.026674 0.1686 0.1686 0.1686
v -0.688617 0.057671 0.028471 0.0510 0.0510 0.0510
v -0.687404 0.054557 0.026674 0.1686 0.1686 0.1686
v -0.688617 0.056131 0.031136 0.0510 0.0510 0.0510
v -0.687404 0.053019 0.029339 0.1686 0.1686 0.1686
v -0.687404 0.053019 0.029339 0.1686 0.1686 0.1686
v -0.688876 0.048817 0.023359 0.3568 0.3568 0.3568
v -0.687404 0.054557 0.026674 0.1686 0.1686 0.1686
v -0.688876 0.048817 0.023359 0.3568 0.3568 0.3568
v -0.687404 0.053019 0.029339 0.1686 0.1686 0.1686
v -0.688876 0.047278 0.026025 0.3568 0.3568 0.3568
v -0.883024 0.078716 -0.047773 0.0000 0.0000 0.0000
v -0.856809 0.078382 -0.047539 0.0000 0.0000 0.0000
v -0.883024 0.075817 -0.051915 0.0000 0.0000 0.0000
v -0.883024 0.075817 -0.051915 0.0000 0.0000 0.0000
v -0.856809 0.078382 -0.047539 0.0000 0.0000 0.0000
v -0.856809 0.075483 -0.051680 0.0000 0.0000 0.0000
v -0.856809 0.078382 -0.047539 0.0000 0.0000 0.0000
v -0.834169 0.076509 -0.046227 0.0000 0.0000 0.0000
v -0.856809 0.075483 -0.051680 0.0000 0.0000 0.0000
v -0.856809 0.075483 -0.051680 0.0000 0.0000 0.0000
v -0.834169 0.076509 -0.046227 0.0000 0.0000 0.0000
v -0.834169 0.073609 -0.050368 0.0000 0.0000 0.0000
v -0.834169 0.076509 -0.046227 0.0000 0.0000 0.0000
v -0.820542 0.074396 -0.044748 0.0000 0.0000 0.0000
v -0.834169 0.073609 -0.050368 0.0000 0.0000 0.0000
v -0.834169 0.073609 -0.050368 0.0000 0.0000 0.0000
v -0.820542 0.074396 -0.044748 0.0000 0.0000 0.0000
v -0.820542 0.071497 -0.048889 0.0000 0.0000 0.0000
v -0.795665 0.066054 -0.038906 0.2235 0.2235 0.2235
v -0.820542 0.071497 -0.048889 0.0000 0.0000 0.0000
v -0.820542 0.074396 -0.044748 0.0000 0.0000 0.0000
v -0.820542 0.071497 -0.048889 0.0000 0.0000 0.0000
v -0.795665 0.066054 -0.038906 0.2235 0.2235 0.2235
v -0.795665 0.063154 -0.043047 0.2235 0.2235 0.2235
v -0.778543 0.055329 -0.031397 0.4745 0.4745 0.4745
v -0.795665 0.063154 -0.043047 0.2235 0.2235 0.2235
v -0.795665 0.066054 -0.038906 0.2235 0.2235 0.2235
v -0.795665 0.063154 -0.043047 0.2235 0.2235 0.2235
v -0.778543 0.055329 -0.031397 0.4745 0.4745 0.4745
v -0.778543 0.052430 -0.035538 0.4745 0.4745 0.4745
v -0.751339 0.035346 -0.017405 0.8666 0.8666 0.8666
v -0.778543 0.052430 -0.035538 0.4745 0.4745 0.4745
v -0.778543 0.055329 -0.031397 0.4745 0.4745 0.4745
v -0.778543 0.052430 -0.035538 0.4745 0.4745 0.4745
v -0.751339 0.035346 -0.017405 0.8666 0.8666 0.8666
v -0.751339 0.032446 -0.021546 0.8666 0.8666 0.8666
v -0.883024 -0.078717 0.047773 0.0000 0.0000 0.0000
v -0.856809 -0.078382 0.047539 0.0000 0.0000 0.0000
v -0.883024 -0.075817 0.051915 0.0000 0.0000 0.0000
v -0.883024 -0.075817 0.051915 0.0000 0.0000 0.0000
v -0.856809 -0.078382 0.047539 0.0000 0.0000 0.0000
v -0.856809 -0.075483 0.051680 0.0000 0.0000 0.0000
v -0.856809 -0.078382 0.047539 0.0000 0.0000 0.0000
v -0.834169 -0.076509 0.046227 0.0000 0.0000 0.0000
v -0.856809 -0.075483 0.051680 0.0000 0.0000 0.0000
v -0.856809 -0.075483 0.051680 0.0000 0.0000 0.0000
v -0.834169 -0.076509 0.046227 0.0000 0.0000 0.0000
v -0.834169 -0.073609 0.050368 0.0000 0.0000 0.0000
v -0.834169 -0.076509 0.046227 0.0000 0.0000 0.0000
v -0.820542 -0.074396 0.044748 0.0000 0.0000 0.0000
v -0.834169 -0.073609 0.050368 0.0000 0.0000 0.0000
v -0.834169 -0.073609 0.050368 0.0000 0.0000 0.0000
v -0.820542 -0.074396 0.044748 0.0000 0.0000 0.0000
v -0.820542 -0.071497 0.048889 0.0000 0.0000 0.0000
v -0.820542 -0.074396 0.044748 0.0000 0.0000 0.0000
v -0.795665 -0.066054 0.038907 0.2235 0.2235 0.2235
v -0.820542 -0.071497 0.048889 0.0000 0.0000 0.0000
v -0.795665 -0.063154 0.043047 0.2235 0.2235 0.2235
v -0.820542 -0.071497 0.048889 0.0000 0.0000 0.0000
v -0.795665 -0.066054 0.038907 0.2235 0.2235 0.2235
v -0.795665 -0.066054 0.038907 0.2235 0.2235 0.2235
v -0.778543 -0.055329 0.031397 0.4745 0.4745 0.4745
v -0.795665 -0.063154 0.043047 0.2235 0.2235 0.2235
v -0.778543 -0.052430 0.035538 0.4745 0.4745 0.4745
v -0.795665 -0.063154 0.043047 0.2235 0.2235 0.2235
v -0.778543 -0.055329 0.031397 0.4745 0.4745 0.4745
v -0.778543 -0.055329 0.031397 0.4745 0.4745 0.4745
v -0.751339 -0.035346 0.017405 0.8666 0.8666 0.8666
v -0.778543 -0.052430 0.035538 0.4745 0.4745 0.4745
v -0.751339 -0.032446 0.021546 0.8666 0.8666 0.8666
v -0.778543 -0.052430 0.035538 0.4745 0.4745 0.4745
v -0.751339 -0.035346 0.017405 0.8666 0.8666 0.8666
v -0.883024 -0.079860 -0.045977 0.0000 0.0000 0.0000
v -0.856809 -0.082034 -0.041396 0.0000 0.0000 0.0000
v -0.883024 -0.082388 -0.041600 0.0000 0.0000 0.0000
v -0.856809 -0.082034 -0.041396 0.0000 0.0000 0.0000
v -0.883024 -0.079860 -0.045977 0.0000 0.0000 0.0000
v -0.856809 -0.079506 -0.045773 0.0000 0.0000 0.0000
v -0.856809 -0.079506 -0.045773 0.0000 0.0000 0.0000
v -0.834169 -0.080054 -0.040252 0.0000 0.0000 0.0000
v -0.856809 -0.082034 -0.041396 0.0000 0.0000 0.0000
v -0.834169 -0.080054 -0.040252 0.0000 0.0000 0.0000
v -0.856809 -0.079506 -0.045773 0.0000 0.0000 0.0000
v -0.834169 -0.077527 -0.044630 0.0000 0.0000 0.0000
v -0.834169 -0.077527 -0.044630 0.0000 0.0000 0.0000
v -0.820542 -0.077821 -0.038963 0.0000 0.0000 0.0000
v -0.834169 -0.080054 -0.040252 0.0000 0.0000 0.0000
v -0.820542 -0.077821 -0.038963 0.0000 0.0000 0.0000
v -0.834169 -0.077527 -0.044630 0.0000 0.0000 0.0000
v -0.820542 -0.075293 -0.043341 0.0000 0.0000 0.0000
v -0.820542 -0.075293 -0.043341 0.0000 0.0000 0.0000
v -0.795665 -0.069000 -0.033870 0.2235 0.2235 0.2235
v -0.820542 -0.077821 -0.038963 0.0000 0.0000 0.0000
v -0.795665 -0.069000 -0.033870 0.2235 0.2235 0.2235
v -0.820542 -0.075293 -0.043341 0.0000 0.0000 0.0000
v -0.795665 -0.066473 -0.038248 0.2235 0.2235 0.2235
v -0.795665 -0.066473 -0.038248 0.2235 0.2235 0.2235
v -0.778543 -0.057662 -0.027324 0.4745 0.4745 0.4745
v -0.795665 -0.069000 -0.033870 0.2235 0.2235 0.2235
v -0.778543 -0.057662 -0.027324 0.4745 0.4745 0.4745
v -0.795665 -0.066473 -0.038248 0.2235 0.2235 0.2235
v -0.778543 -0.055134 -0.031702 0.4745 0.4745 0.4745
v -0.778543 -0.055134 -0.031702 0.4745 0.4745 0.4745
v -0.751339 -0.036536 -0.015127 0.8666 0.8666 0.8666
v -0.778543 -0.057662 -0.027324 0.4745 0.4745 0.4745
v -0.751339 -0.036536 -0.015127 0.8666 0.8666 0.8666
v -0.778543 -0.055134 -0.031702 0.4745 0.4745 0.4745
v -0.751339 -0.034008 -0.019505 0.8666 0.8666 0.8666
v -0.883024 0.079860 0.045977 0.0000 0.0000 0.0000
v -0.856809 0.082034 0.041396 0.0000 0.0000 0.0000
v -0.883024 0.082388 0.041600 0.0000 0.0000 0.0000
v -0.856809 0.082034 0.041396 0.0000 0.0000 0.0000
v -0.883024 0.079860 0.045977 0.0000 0.0000 0.0000
v -0.856809 0.079506 0.045773 0.0000 0.0000 0.0000
v -0.856809 0.079506 0.045773 0.0000 0.0000 0.0000
v -0.834169 0.080054 0.040253 0.0000 0.0000 0.0000
v -0.856809 0.082034 0.041396 0.0000 0.0000 0.0000
v -0.834169 0.080054 0.040253 0.0000 0.0000 0.0000
v -0.856809 0.079506 0.045773 0.0000 0.0000 0.0000
v -0.834169 0.077527 0.044630 0.0000 0.0000 0.0000
v -0.834169 0.077527 0.044630 0.0000 0.0000 0.0000
v -0.820542 0.077821 0.038963 0.0000 0.0000 0.0000
v -0.834169 0.080054 0.040253 0.0000 0.0000 0.0000
v -0.820542 0.077821 0.038963 0.0000 0.0000 0.0000
v -0.834169 0.077527 0.044630 0.0000 0.0000 0.0000
v -0.820542 0.075293 0.043341 0.0000 0.0000 0.0000
v -0.820542 0.075293 0.043341 0.0000 0.0000 0.0000
v -0.795665 0.069000 0.033871 0.2235 0.2235 0.2235
v -0.820542 0.077821 0.038963 0.0000 0.0000 0.0000
v -0.795665 0.069000 0.033871 0.2235 0.2235 0.2235
v -0.820542 0.075293 0.043341 0.0000 0.0000 0.0000
v -0.795665 0.066473 0.038248 0.2235 0.2235 0.2235
v -0.795665 0.066473 0.038248 0.2235 0.2235 0.2235
v -0.778543 0.057662 0.027324 0.4745 0.4745 0.4745
v -0.795665 0.069000 0.033871 0.2235 0.2235 0.2235
v -0.778543 0.057662 0.027324 0.4745 0.4745 0.4745
v -0.795665 0.066473 0.038248 0.2235 0.2235 0.2235
v -0.778543 0.055134 0.031702 0.4745 0.4745 0.4745
v -0.778543 0.055134 0.031702 0.4745 0.4745 0.4745
v -0.751339 0.036536 0.015127 0.8666 0.8666 0.8666
v -0.778543 0.057662 0.027324 0.4745 0.4745 0.4745
v -0.751339 0.036536 0.015127 0.8666 0.8666 0.8666
v -0.778543 0.055134 0.031702 0.4745 0.4745 0.4745
v -0.751339 0.034008 0.019505 0.8666 0.8666 0.8666
v -0.759479 0.085326 0.048266 0.0000 0.0000 0.0000
v -0.738384 0.078617 0.040291 0.0000 0.0000 0.0000
v -0.759479 0.087102 0.045189 0.0000 0.0000 0.0000
v -0.738384 0.078617 0.040291 0.0000 0.0000 0.0000
v -0.759479 0.085326 0.048266 0.0000 0.0000 0.0000
v -0.738384 0.076842 0.043367 0.0000 0.0000 0.0000
v -0.738384 0.076842 0.043367 0.0000 0.0000 0.0000
v -0.724393 0.071758 0.036330 0.0039 0.0039 0.0039
v -0.738384 0.078617 0.040291 0.0000 0.0000 0.0000
v -0.724393 0.071758 0.036330 0.0039 0.0039 0.0039
v -0.738384 0.076842 0.043367 0.0000 0.0000 0.0000
v -0.724393 0.069981 0.039407 0.0039 0.0039 0.0039
v -0.724393 0.069981 0.039407 0.0039 0.0039 0.0039
v -0.719728 0.068258 0.034309 0.1020 0.1020 0.1020
v -0.724393 0.071758 0.036330 0.0039 0.0039 0.0039
v -0.719728 0.068258 0.034309 0.1020 0.1020 0.1020
v -0.724393 0.069981 0.039407 0.0039 0.0039 0.0039
v -0.719728 0.066482 0.037386 0.1020 0.1020 0.1020
v -0.719728 0.066482 0.037386 0.1020 0.1020 0.1020
v -0.715804 0.060506 0.029833 0.3019 0.3019 0.3019
v -0.719728 0.068258 0.034309 0.1020 0.1020 0.1020
v -0.715804 0.060506 0.029833 0.3019 0.3019 0.3019
v -0.719728 0.066482 0.037386 0.1020 0.1020 0.1020
v -0.715804 0.058730 0.032910 0.3019 0.3019 0.3019
v -0.715804 0.058730 0.032910 0.3059 0.3059 0.3059
v -0.711321 0.043947 0.020273 0.6628 0.6628 0.6628
v -0.715804 0.060506 0.029833 0.3019 0.3019 0.3019
v -0.711321 0.043947 0.020273 0.6628 0.6628 0.6628
v -0.715804 0.058730 0.032910 0.3059 0.3059 0.3059
v -0.711321 0.042170 0.023350 0.6628 0.6628 0.6628
v -0.711321 0.042170 0.023350 0.6628 0.6628 0.6628
v -0.714786 0.031607 0.013149 0.8902 0.8902 0.8902
v -0.711321 0.043947 0.020273 0.6628 0.6628 0.6628
v -0.714786 0.031607 0.013149 0.8902 0.8902 0.8902
v -0.711321 0.042170 0.023350 0.6628 0.6628 0.6628
v -0.714786 0.029831 0.016226 0.8902 0.8902 0.8902
v -0.738384 0.075075 -0.046141 0.0000 0.0000 0.0000
v -0.759479 0.081061 -0.054669 0.0000 0.0000 0.0000
v -0.759479 0.083099 -0.051759 0.0000 0.0000 0.0000
v -0.759479 0.081061 -0.054669 0.0000 0.0000 0.0000
v -0.738384 0.075075 -0.046141 0.0000 0.0000 0.0000
v -0.738384 0.073037 -0.049051 0.0000 0.0000 0.0000
v -0.724392 0.068586 -0.041596 0.0039 0.0039 0.0039
v -0.738384 0.073037 -0.049051 0.0000 0.0000 0.0000
v -0.738384 0.075075 -0.046141 0.0000 0.0000 0.0000
v -0.738384 0.073037 -0.049051 0.0000 0.0000 0.0000
v -0.724392 0.068586 -0.041596 0.0039 0.0039 0.0039
v -0.724392 0.066548 -0.044507 0.0039 0.0039 0.0039
v -0.719728 0.065276 -0.039279 0.1020 0.1020 0.1020
v -0.724392 0.066548 -0.044507 0.0039 0.0039 0.0039
v -0.724392 0.068586 -0.041596 0.0039 0.0039 0.0039
v -0.724392 0.066548 -0.044507 0.0039 0.0039 0.0039
v -0.719728 0.065276 -0.039279 0.1020 0.1020 0.1020
v -0.719728 0.063237 -0.042189 0.1020 0.1020 0.1020
v -0.715804 0.057943 -0.034144 0.3019 0.3019 0.3019
v -0.719728 0.063237 -0.042189 0.1020 0.1020 0.1020
v -0.719728 0.065276 -0.039279 0.1020 0.1020 0.1020
v -0.719728 0.063237 -0.042189 0.1020 0.1020 0.1020
v -0.715804 0.057943 -0.034144 0.3019 0.3019 0.3019
v -0.715804 0.055905 -0.037055 0.3019 0.3019 0.3019
v -0.711320 0.042280 -0.023178 0.6628 0.6628 0.6628
v -0.715804 0.055905 -0.037055 0.3019 0.3019 0.3019
v -0.715804 0.057943 -0.034144 0.3059 0.3059 0.3059
v -0.711320 0.040242 -0.026087 0.6628 0.6628 0.6628
v -0.715804 0.055905 -0.037055 0.3019 0.3019 0.3019
v -0.711320 0.042280 -0.023178 0.6628 0.6628 0.6628
v -0.714785 0.030609 -0.015005 0.8902 0.8902 0.8902
v -0.711320 0.040242 -0.026087 0.6628 0.6628 0.6628
v -0.711320 0.042280 -0.023178 0.6628 0.6628 0.6628
v -0.711320 0.040242 -0.026087 0.6628 0.6628 0.6628
v -0.714785 0.030609 -0.015005 0.8902 0.8902 0.8902
v -0.714785 0.028570 -0.017915 0.8902 0.8902 0.8902
v -0.759479 -0.083099 0.051760 0.0000 0.0000 0.0000
v -0.738384 -0.075075 0.046141 0.0000 0.0000 0.0000
v -0.759479 -0.081062 0.054669 0.0000 0.0000 0.0000
v -0.738384 -0.073037 0.049051 0.0000 0.0000 0.0000
v -0.759479 -0.081062 0.054669 0.0000 0.0000 0.0000
v -0.738384 -0.075075 0.046141 0.0000 0.0000 0.0000
v -0.738384 -0.075075 0.046141 0.0000 0.0000 0.0000
v -0.724393 -0.068586 0.041597 0.0039 0.0039 0.0039
v -0.738384 -0.073037 0.049051 0.0000 0.0000 0.0000
v -0.724393 -0.066548 0.044507 0.0039 0.0039 0.0039
v -0.738384 -0.073037 0.049051 0.0000 0.0000 0.0000
v -0.724393 -0.068586 0.041597 0.0039 0.0039 0.0039
v -0.724393 -0.066548 0.044507 0.0039 0.0039 0.0039
v -0.724393 -0.068586 0.041597 0.0039 0.0039 0.0039
v -0.719728 -0.065276 0.039279 0.1020 0.1020 0.1020
v -0.719728 -0.063238 0.042190 0.1020 0.1020 0.1020
v -0.724393 -0.066548 0.044507 0.0039 0.0039 0.0039
v -0.719728 -0.065276 0.039279 0.1020 0.1020 0.1020
v -0.719728 -0.065276 0.039279 0.1020 0.1020 0.1020
v -0.715804 -0.057944 0.034144 0.3019 0.3019 0.3019
v -0.719728 -0.063238 0.042190 0.1020 0.1020 0.1020
v -0.715804 -0.055905 0.037055 0.3019 0.3019 0.3019
v -0.719728 -0.063238 0.042190 0.1020 0.1020 0.1020
v -0.715804 -0.057944 0.034144 0.3019 0.3019 0.3019
v -0.715804 -0.057944 0.034144 0.3059 0.3059 0.3059
v -0.711321 -0.042280 0.023178 0.6628 0.6628 0.6628
v -0.715804 -0.055905 0.037055 0.3019 0.3019 0.3019
v -0.711321 -0.040242 0.026087 0.6628 0.6628 0.6628
v -0.715804 -0.055905 0.037055 0.3019 0.3019 0.3019
v -0.711321 -0.042280 0.023178 0.6628 0.6628 0.6628
v -0.711321 -0.042280 0.023178 0.6628 0.6628 0.6628
v -0.714786 -0.030609 0.015005 0.8902 0.8902 0.8902
v -0.711321 -0.040242 0.026087 0.6628 0.6628 0.6628
v -0.714786 -0.028571 0.017915 0.8902 0.8902 0.8902
v -0.711321 -0.040242 0.026087 0.6628 0.6628 0.6628
v -0.714786 -0.030609 0.015005 0.8902 0.8902 0.8902
v -0.738384 -0.078617 -0.040290 0.0000 0.0000 0.0000
v -0.759479 -0.085326 -0.048266 0.0000 0.0000 0.0000
v -0.738384 -0.076842 -0.043367 0.0000 0.0000 0.0000
v -0.759479 -0.085326 -0.048266 0.0000 0.0000 0.0000
v -0.738384 -0.078617 -0.040290 0.0000 0.0000 0.0000
v -0.759479 -0.087102 -0.045189 0.0000 0.0000 0.0000
v -0.738384 -0.076842 -0.043367 0.0000 0.0000 0.0000
v -0.724392 -0.071758 -0.036330 0.0039 0.0039 0.0039
v -0.738384 -0.078617 -0.040290 0.0000 0.0000 0.0000
v -0.724392 -0.071758 -0.036330 0.0039 0.0039 0.0039
v -0.738384 -0.076842 -0.043367 0.0000 0.0000 0.0000
v -0.724392 -0.069981 -0.039406 0.0039 0.0039 0.0039
v -0.724392 -0.069981 -0.039406 0.0039 0.0039 0.0039
v -0.719728 -0.068258 -0.034309 0.1020 0.1020 0.1020
v -0.724392 -0.071758 -0.036330 0.0039 0.0039 0.0039
v -0.719728 -0.068258 -0.034309 0.1020 0.1020 0.1020
v -0.724392 -0.069981 -0.039406 0.0039 0.0039 0.0039
v -0.719728 -0.066482 -0.037386 0.1020 0.1020 0.1020
v -0.719728 -0.066482 -0.037386 0.1020 0.1020 0.1020
v -0.715804 -0.060506 -0.029833 0.3019 0.3019 0.3019
v -0.719728 -0.068258 -0.034309 0.1020 0.1020 0.1020
v -0.715804 -0.060506 -0.029833 0.3019 0.3019 0.3019
v -0.719728 -0.066482 -0.037386 0.1020 0.1020 0.1020
v -0.715804 -0.058729 -0.032910 0.3019 0.3019 0.3019
v -0.715804 -0.058729 -0.032910 0.3059 0.3059 0.3059
v -0.711320 -0.043947 -0.020273 0.6628 0.6628 0.6628
v -0.715804 -0.060506 -0.029833 0.3019 0.3019 0.3019
v -0.711320 -0.043947 -0.020273 0.6628 0.6628 0.6628
v -0.715804 -0.058729 -0.032910 0.3059 0.3059 0.3059
v -0.711320 -0.042170 -0.023350 0.6628 0.6628 0.6628
v -0.711320 -0.042170 -0.023350 0.6628 0.6628 0.6628
v -0.714785 -0.031607 -0.013149 0.8902 0.8902 0.8902
v -0.711320 -0.043947 -0.020273 0.6628 0.6628 0.6628
v -0.714785 -0.031607 -0.013149 0.8902 0.8902 0.8902
v -0.711320 -0.042170 -0.023350 0.6628 0.6628 0.6628
v -0.714785 -0.029831 -0.016226 0.8902 0.8902 0.8902
v -0.814241 0.088345 -0.055108 0.0000 0.0000 0.0000
v -0.789899 0.084045 -0.052097 0.0000 0.0000 0.0000
v -0.814241 0.086002 -0.058454 0.0000 0.0000 0.0000
v -0.814241 0.086002 -0.058454 0.0000 0.0000 0.0000
v -0.789899 0.084045 -0.052097 0.0000 0.0000 0.0000
v -0.789899 0.081702 -0.055443 0.0000 0.0000 0.0000
v -0.773152 0.080076 -0.049318 0.0078 0.0078 0.0078
v -0.789899 0.081702 -0.055443 0.0000 0.0000 0.0000
v -0.789899 0.084045 -0.052097 0.0000 0.0000 0.0000
v -0.789899 0.081702 -0.055443 0.0000 0.0000 0.0000
v -0.773152 0.080076 -0.049318 0.0078 0.0078 0.0078
v -0.773152 0.077733 -0.052663 0.0078 0.0078 0.0078
v -0.766980 0.077654 -0.047622 0.1098 0.1098 0.1098
v -0.773152 0.077733 -0.052663 0.0078 0.0078 0.0078
v -0.773152 0.080076 -0.049318 0.0078 0.0078 0.0078
v -0.773152 0.077733 -0.052663 0.0078 0.0078 0.0078
v -0.766980 0.077654 -0.047622 0.1098 0.1098 0.1098
v -0.766980 0.075312 -0.050968 0.1098 0.1098 0.1098
v -0.759441 0.071261 -0.043146 0.2745 0.2745 0.2745
v -0.766980 0.075312 -0.050968 0.1098 0.1098 0.1098
v -0.766980 0.077654 -0.047622 0.1098 0.1098 0.1098
v -0.766980 0.075312 -0.050968 0.1098 0.1098 0.1098
v -0.759441 0.071261 -0.043146 0.2745 0.2745 0.2745
v -0.759441 0.068919 -0.046492 0.2745 0.2745 0.2745
v -0.747070 0.056980 -0.033147 0.5647 0.5647 0.5647
v -0.759441 0.068919 -0.046492 0.2745 0.2745 0.2745
v -0.759441 0.071261 -0.043146 0.2745 0.2745 0.2745
v -0.759441 0.068919 -0.046492 0.2745 0.2745 0.2745
v -0.747070 0.056980 -0.033147 0.5647 0.5647 0.5647
v -0.747070 0.054637 -0.036491 0.5647 0.5647 0.5647
v -0.747070 0.056980 -0.033147 0.5647 0.5647 0.5647
v -0.735547 0.035233 -0.017918 0.9058 0.9058 0.9058
v -0.747070 0.054637 -0.036491 0.5647 0.5647 0.5647
v -0.735547 0.032890 -0.021264 0.9058 0.9058 0.9058
v -0.747070 0.054637 -0.036491 0.5647 0.5647 0.5647
v -0.735547 0.035233 -0.017918 0.9058 0.9058 0.9058
v -0.814241 -0.088345 0.055108 0.0000 0.0000 0.0000
v -0.789899 -0.084045 0.052097 0.0000 0.0000 0.0000
v -0.814241 -0.086002 0.058454 0.0000 0.0000 0.0000
v -0.814241 -0.086002 0.058454 0.0000 0.0000 0.0000
v -0.789899 -0.084045 0.052097 0.0000 0.0000 0.0000
v -0.789899 -0.081703 0.055442 0.0000 0.0000 0.0000
v -0.789899 -0.081703 0.055442 0.0000 0.0000 0.0000
v -0.789899 -0.084045 0.052097 0.0000 0.0000 0.0000
v -0.773153 -0.080076 0.049318 0.0078 0.0078 0.0078
v -0.773153 -0.077733 0.052663 0.0078 0.0078 0.0078
v -0.789899 -0.081703 0.055442 0.0000 0.0000 0.0000
v -0.773153 -0.080076 0.049318 0.0078 0.0078 0.0078
v -0.773153 -0.077733 0.052663 0.0078 0.0078 0.0078
v -0.773153 -0.080076 0.049318 0.0078 0.0078 0.0078
v -0.766980 -0.077654 0.047622 0.1098 0.1098 0.1098
v -0.766980 -0.075312 0.050968 0.1098 0.1098 0.1098
v -0.773153 -0.077733 0.052663 0.0078 0.0078 0.0078
v -0.766980 -0.077654 0.047622 0.1098 0.1098 0.1098
v -0.766980 -0.077654 0.047622 0.1098 0.1098 0.1098
v -0.759441 -0.071261 0.043146 0.2745 0.2745 0.2745
v -0.766980 -0.075312 0.050968 0.1098 0.1098 0.1098
v -0.759441 -0.068919 0.046492 0.2745 0.2745 0.2745
v -0.766980 -0.075312 0.050968 0.1098 0.1098 0.1098
v -0.759441 -0.071261 0.043146 0.2745 0.2745 0.2745
v -0.759441 -0.071261 0.043146 0.2745 0.2745 0.2745
v -0.747070 -0.056981 0.033147 0.5647 0.5647 0.5647
v -0.759441 -0.068919 0.046492 0.2745 0.2745 0.2745
v -0.747070 -0.054638 0.036491 0.5647 0.5647 0.5647
v -0.759441 -0.068919 0.046492 0.2745 0.2745 0.2745
v -0.747070 -0.056981 0.033147 0.5647 0.5647 0.5647
v -0.747070 -0.056981 0.033147 0.5647 0.5647 0.5647
v -0.735547 -0.035233 0.017918 0.9058 0.9058 0.9058
v -0.747070 -0.054638 0.036491 0.5647 0.5647 0.5647
v -0.735547 -0.032890 0.021264 0.9058 0.9058 0.9058
v -0.747070 -0.054638 0.036491 0.5647 0.5647 0.5647
v -0.735547 -0.035233 0.017918 0.9058 0.9058 0.9058
v -0.814241 -0.090577 -0.051604 0.0000 0.0000 0.0000
v -0.789899 -0.088073 -0.045443 0.0000 0.0000 0.0000
v -0.814241 -0.092619 -0.048068 0.0000 0.0000 0.0000
v -0.789899 -0.088073 -0.045443 0.0000 0.0000 0.0000
v -0.814241 -0.090577 -0.051604 0.0000 0.0000 0.0000
v -0.789899 -0.086031 -0.048980 0.0000 0.0000 0.0000
v -0.789899 -0.086031 -0.048980 0.0000 0.0000 0.0000
v -0.773152 -0.083877 -0.043020 0.0078 0.0078 0.0078
v -0.789899 -0.088073 -0.045443 0.0000 0.0000 0.0000
v -0.773152 -0.083877 -0.043020 0.0078 0.0078 0.0078
v -0.789899 -0.086031 -0.048980 0.0000 0.0000 0.0000
v -0.773152 -0.081835 -0.046557 0.0078 0.0078 0.0078
v -0.773152 -0.081835 -0.046557 0.0078 0.0078 0.0078
v -0.766980 -0.081316 -0.041542 0.1098 0.1098 0.1098
v -0.773152 -0.083877 -0.043020 0.0078 0.0078 0.0078
v -0.766980 -0.081316 -0.041542 0.1098 0.1098 0.1098
v -0.773152 -0.081835 -0.046557 0.0078 0.0078 0.0078
v -0.766980 -0.079274 -0.045079 0.1098 0.1098 0.1098
v -0.766980 -0.079274 -0.045079 0.1098 0.1098 0.1098
v -0.759441 -0.074558 -0.037640 0.2745 0.2745 0.2745
v -0.766980 -0.081316 -0.041542 0.1098 0.1098 0.1098
v -0.759441 -0.074558 -0.037640 0.2745 0.2745 0.2745
v -0.766980 -0.079274 -0.045079 0.1098 0.1098 0.1098
v -0.759441 -0.072516 -0.041177 0.2745 0.2745 0.2745
v -0.759441 -0.072516 -0.041177 0.2745 0.2745 0.2745
v -0.747070 -0.059459 -0.028923 0.5647 0.5647 0.5647
v -0.759441 -0.074558 -0.037640 0.2745 0.2745 0.2745
v -0.747070 -0.059459 -0.028923 0.5647 0.5647 0.5647
v -0.759441 -0.072516 -0.041177 0.2745 0.2745 0.2745
v -0.747070 -0.057418 -0.032460 0.5647 0.5647 0.5647
v -0.747070 -0.057418 -0.032460 0.5647 0.5647 0.5647
v -0.735547 -0.036468 -0.015648 0.9058 0.9058 0.9058
v -0.747070 -0.059459 -0.028923 0.5647 0.5647 0.5647
v -0.735547 -0.036468 -0.015648 0.9058 0.9058 0.9058
v -0.747070 -0.057418 -0.032460 0.5647 0.5647 0.5647
v -0.735547 -0.034426 -0.019185 0.9058 0.9058 0.9058
v -0.814241 0.090577 0.051604 0.0000 0.0000 0.0000
v -0.789899 0.088073 0.045443 0.0000 0.0000 0.0000
v -0.814241 0.092619 0.048068 0.0000 0.0000 0.0000
v -0.789899 0.088073 0.045443 0.0000 0.0000 0.0000
v -0.814241 0.090577 0.051604 0.0000 0.0000 0.0000
v -0.789899 0.086031 0.048980 0.0000 0.0000 0.0000
v -0.789899 0.086031 0.048980 0.0000 0.0000 0.0000
v -0.773153 0.083877 0.043020 0.0078 0.0078 0.0078
v -0.789899 0.088073 0.045443 0.0000 0.0000 0.0000
v -0.773153 0.083877 0.043020 0.0078 0.0078 0.0078
v -0.789899 0.086031 0.048980 0.0000 0.0000 0.0000
v -0.773153 0.081835 0.046557 0.0078 0.0078 0.0078
v -0.773153 0.081835 0.046557 0.0078 0.0078 0.0078
v -0.766980 0.081317 0.041542 0.1098 0.1098 0.1098
v -0.773153 0.083877 0.043020 0.0078 0.0078 0.0078
v -0.766980 0.081317 0.041542 0.1098 0.1098 0.1098
v -0.773153 0.081835 0.046557 0.0078 0.0078 0.0078
v -0.766980 0.079274 0.045079 0.1098 0.1098 0.1098
v -0.766980 0.079274 0.045079 0.1098 0.1098 0.1098
v -0.759441 0.074558 0.037640 0.2745 0.2745 0.2745
v -0.766980 0.081317 0.041542 0.1098 0.1098 0.1098
v -0.759441 0.074558 0.037640 0.2745 0.2745 0.2745
v -0.766980 0.079274 0.045079 0.1098 0.1098 0.1098
v -0.759441 0.072516 0.041177 0.2745 0.2745 0.2745
v -0.759441 0.072516 0.041177 0.2745 0.2745 0.2745
v -0.747070 0.059459 0.028923 0.5647 0.5647 0.5647
v -0.759441 0.074558 0.037640 0.2745 0.2745 0.2745
v -0.747070 0.059459 0.028923 0.5647 0.5647 0.5647
v -0.759441 0.072516 0.041177 0.2745 0.2745 0.2745
v -0.747070 0.057418 0.032460 0.5647 0.5647 0.5647
v -0.747070 0.057418 0.032460 0.5647 0.5647 0.5647
v -0.735547 0.036468 0.015648 0.9058 0.9058 0.9058
v -0.747070 0.059459 0.028923 0.5647 0.5647 0.5647
v -0.735547 0.036468 0.015648 0.9058 0.9058 0.9058
v -0.747070 0.057418 0.032460 0.5647 0.5647 0.5647
v -0.735547 0.034426 0.019185 0.9058 0.9058 0.9058
v -0.733273 0.034507 -0.013977 0.3961 0.3961 0.3961
v -0.705931 0.034723 -0.020055 0.1725 0.1725 0.1725
v -0.733029 0.037402 -0.021930 0.3647 0.3647 0.3647
v -0.705931 0.034723 -0.020055 0.1725 0.1725 0.1725
v -0.733273 0.034507 -0.013977 0.3961 0.3961 0.3961
v -0.709579 0.031794 -0.011329 0.2353 0.2353 0.2353
v -0.733029 0.037402 -0.021930 0.3647 0.3647 0.3647
v -0.757758 0.033447 -0.013234 0.5725 0.5725 0.5725
v -0.733273 0.034507 -0.013977 0.3961 0.3961 0.3961
v -0.709579 0.031794 -0.011329 0.2353 0.2353 0.2353
v -0.687137 0.028642 -0.015796 0.0745 0.0745 0.0745
v -0.705931 0.034723 -0.020055 0.1725 0.1725 0.1725
v -0.757758 0.033447 -0.013234 0.5725 0.5725 0.5725
v -0.733029 0.037402 -0.021930 0.3647 0.3647 0.3647
v -0.760697 0.036101 -0.021020 0.5647 0.5647 0.5647
v -0.687137 0.028642 -0.015796 0.0745 0.0745 0.0745
v -0.709579 0.031794 -0.011329 0.2353 0.2353 0.2353
v -0.692919 0.026537 -0.008084 0.1647 0.1647 0.1647
v -0.692919 0.026537 -0.008084 0.1647 0.1647 0.1647
v -0.652457 0.014572 -0.006842 0.0745 0.0745 0.0745
v -0.687137 0.028642 -0.015796 0.0745 0.0745 0.0745
v -0.652457 0.014572 -0.006842 0.0745 0.0745 0.0745
v -0.692919 0.026537 -0.008084 0.1647 0.1647 0.1647
v -0.657339 0.015226 -0.002031 0.1647 0.1647 0.1647
v -0.767992 0.035595 -0.020665 0.6157 0.6157 0.6157
v -0.757758 0.033447 -0.013234 0.5725 0.5725 0.5725
v -0.760697 0.036101 -0.021020 0.5647 0.5647 0.5647
v -0.767992 0.035595 -0.020665 0.6157 0.6157 0.6157
v -0.771997 0.033157 -0.013031 0.6706 0.6706 0.6706
v -0.757758 0.033447 -0.013234 0.5725 0.5725 0.5725
v -0.767992 0.035595 -0.020665 0.6157 0.6157 0.6157
v -0.796669 0.038531 -0.019751 0.7960 0.7960 0.7960
v -0.771997 0.033157 -0.013031 0.6706 0.6706 0.6706
v -0.796669 0.038531 -0.019751 0.7960 0.7960 0.7960
v -0.767992 0.035595 -0.020665 0.6157 0.6157 0.6157
v -0.794708 0.039764 -0.023584 0.7725 0.7725 0.7725
v -0.796669 0.038531 -0.019751 0.7960 0.7960 0.7960
v -0.794708 0.039764 -0.023584 0.7725 0.7725 0.7725
v -0.813617 0.045213 -0.027400 0.8627 0.8627 0.8627
v -0.733274 -0.034507 0.013977 0.3961 0.3961 0.3961
v -0.705932 -0.034723 0.020055 0.1725 0.1725 0.1725
v -0.733029 -0.037402 0.021930 0.3647 0.3647 0.3647
v -0.705932 -0.034723 0.020055 0.1725 0.1725 0.1725
v -0.733274 -0.034507 0.013977 0.3961 0.3961 0.3961
v -0.709579 -0.031794 0.011330 0.2353 0.2353 0.2353
v -0.733029 -0.037402 0.021930 0.3647 0.3647 0.3647
v -0.757758 -0.033447 0.013234 0.5725 0.5725 0.5725
v -0.733274 -0.034507 0.013977 0.3961 0.3961 0.3961
v -0.709579 -0.031794 0.011330 0.2353 0.2353 0.2353
v -0.687138 -0.028642 0.015796 0.0745 0.0745 0.0745
v -0.705932 -0.034723 0.020055 0.1725 0.1725 0.1725
v -0.757758 -0.033447 0.013234 0.5725 0.5725 0.5725
v -0.733029 -0.037402 0.021930 0.3647 0.3647 0.3647
v -0.760697 -0.036101 0.021020 0.5647 0.5647 0.5647
v -0.687138 -0.028642 0.015796 0.0745 0.0745 0.0745
v -0.709579 -0.031794 0.011330 0.2353 0.2353 0.2353
v -0.692919 -0.026538 0.008084 0.1647 0.1647 0.1647
v -0.692919 -0.026538 0.008084 0.1647 0.1647 0.1647
v -0.652457 -0.014572 0.006842 0.0745 0.0745 0.0745
v -0.687138 -0.028642 0.015796 0.0745 0.0745 0.0745
v -0.652457 -0.014572 0.006842 0.0745 0.0745 0.0745
v -0.692919 -0.026538 0.008084 0.1647 0.1647 0.1647
v -0.657339 -0.015226 0.002031 0.1647 0.1647 0.1647
v -0.767992 -0.035595 0.020665 0.6157 0.6157 0.6157
v -0.757758 -0.033447 0.013234 0.5725 0.5725 0.5725
v -0.760697 -0.036101 0.021020 0.5647 0.5647 0.5647
v -0.767992 -0.035595 0.020665 0.6157 0.6157 0.6157
v -0.771997 -0.033158 0.013031 0.6706 0.6706 0.6706
v -0.757758 -0.033447 0.013234 0.5725 0.5725 0.5725
v -0.767992 -0.035595 0.020665 0.6157 0.6157 0.6157
v -0.796670 -0.038531 0.019751 0.7960 0.7960 0.7960
v -0.771997 -0.033158 0.013031 0.6706 0.6706 0.6706
v -0.796670 -0.038531 0.019751 0.7960 0.7960 0.7960
v -0.767992 -0.035595 0.020665 0.6157 0.6157 0.6157
v -0.794708 -0.039764 0.023584 0.7725 0.7725 0.7725
v -0.796670 -0.038531 0.019751 0.7960 0.7960 0.7960
v -0.794708 -0.039764 0.023584 0.7725 0.7725 0.7725
v -0.813617 -0.045213 0.027400 0.8627 0.8627 0.8627
v -0.705931 -0.036147 -0.017821 0.1725 0.1725 0.1725
v -0.687137 -0.029717 -0.014108 0.0745 0.0745 0.0745
v -0.709579 -0.032467 -0.009384 0.2353 0.2353 0.2353
v -0.687137 -0.029717 -0.014108 0.0745 0.0745 0.0745
v -0.692919 -0.026948 -0.006610 0.1647 0.1647 0.1647
v -0.709579 -0.032467 -0.009384 0.2353 0.2353 0.2353
v -0.687137 -0.029717 -0.014108 0.0745 0.0745 0.0745
v -0.652457 -0.014961 -0.006231 0.0745 0.0745 0.0745
v -0.692919 -0.026948 -0.006610 0.1647 0.1647 0.1647
v -0.692919 -0.026948 -0.006610 0.1647 0.1647 0.1647
v -0.652457 -0.014961 -0.006231 0.0745 0.0745 0.0745
v -0.657339 -0.015193 -0.001382 0.1647 0.1647 0.1647
v -0.705931 -0.036147 -0.017821 0.1725 0.1725 0.1725
v -0.709579 -0.032467 -0.009384 0.2353 0.2353 0.2353
v -0.733273 -0.035401 -0.011784 0.3961 0.3961 0.3961
v -0.733029 -0.038978 -0.019456 0.3647 0.3647 0.3647
v -0.705931 -0.036147 -0.017821 0.1725 0.1725 0.1725
v -0.733273 -0.035401 -0.011784 0.3961 0.3961 0.3961
v -0.757758 -0.034281 -0.011138 0.5725 0.5725 0.5725
v -0.733029 -0.038978 -0.019456 0.3647 0.3647 0.3647
v -0.733273 -0.035401 -0.011784 0.3961 0.3961 0.3961
v -0.757758 -0.034281 -0.011138 0.5725 0.5725 0.5725
v -0.760697 -0.037603 -0.018662 0.5647 0.5647 0.5647
v -0.733029 -0.038978 -0.019456 0.3647 0.3647 0.3647
v -0.757758 -0.034281 -0.011138 0.5725 0.5725 0.5725
v -0.767992 -0.037069 -0.018353 0.6157 0.6157 0.6157
v -0.760697 -0.037603 -0.018662 0.5647 0.5647 0.5647
v -0.767992 -0.037069 -0.018353 0.6157 0.6157 0.6157
v -0.757758 -0.034281 -0.011138 0.5725 0.5725 0.5725
v -0.771997 -0.033974 -0.010961 0.6706 0.6706 0.6706
v -0.767992 -0.037069 -0.018353 0.6157 0.6157 0.6157
v -0.771997 -0.033974 -0.010961 0.6706 0.6706 0.6706
v -0.796669 -0.039913 -0.017185 0.7960 0.7960 0.7960
v -0.794708 -0.041476 -0.020897 0.7725 0.7725 0.7725
v -0.767992 -0.037069 -0.018353 0.6157 0.6157 0.6157
v -0.796669 -0.039913 -0.017185 0.7960 0.7960 0.7960
v -0.794708 -0.041476 -0.020897 0.7725 0.7725 0.7725
v -0.796669 -0.039913 -0.017185 0.7960 0.7960 0.7960
v -0.813617 -0.047236 -0.024223 0.8627 0.8627 0.8627
v -0.687138 0.029717 0.014108 0.0745 0.0745 0.0745
v -0.652457 0.014961 0.006231 0.0745 0.0745 0.0745
v -0.692919 0.026948 0.006610 0.1647 0.1647 0.1647
v -0.657339 0.015193 0.001382 0.1647 0.1647 0.1647
v -0.692919 0.026948 0.006610 0.1647 0.1647 0.1647
v -0.652457 0.014961 0.006231 0.0745 0.0745 0.0745
v -0.687138 0.029717 0.014108 0.0745 0.0745 0.0745
v -0.692919 0.026948 0.006610 0.1647 0.1647 0.1647
v -0.709579 0.032467 0.009384 0.2353 0.2353 0.2353
v -0.705932 0.036147 0.017821 0.1725 0.1725 0.1725
v -0.687138 0.029717 0.014108 0.0745 0.0745 0.0745
v -0.709579 0.032467 0.009384 0.2353 0.2353 0.2353
v -0.705932 0.036147 0.017821 0.1725 0.1725 0.1725
v -0.709579 0.032467 0.009384 0.2353 0.2353 0.2353
v -0.733273 0.035401 0.011785 0.3961 0.3961 0.3961
v -0.733029 0.038978 0.019456 0.3647 0.3647 0.3647
v -0.705932 0.036147 0.017821 0.1725 0.1725 0.1725
v -0.733273 0.035401 0.011785 0.3961 0.3961 0.3961
v -0.757758 0.034281 0.011138 0.5725 0.5725 0.5725
v -0.733029 0.038978 0.019456 0.3647 0.3647 0.3647
v -0.733273 0.035401 0.011785 0.3961 0.3961 0.3961
v -0.757758 0.034281 0.011138 0.5725 0.5725 0.5725
v -0.760697 0.037603 0.018662 0.5647 0.5647 0.5647
v -0.733029 0.038978 0.019456 0.3647 0.3647 0.3647
v -0.757758 0.034281 0.011138 0.5725 0.5725 0.5725
v -0.767992 0.037069 0.018353 0.6157 0.6157 0.6157
v -0.760697 0.037603 0.018662 0.5647 0.5647 0.5647
v -0.767992 0.037069 0.018353 0.6157 0.6157 0.6157
v -0.757758 0.034281 0.011138 0.5725 0.5725 0.5725
v -0.771997 0.033974 0.010961 0.6706 0.6706 0.6706
v -0.767992 0.037069 0.018353 0.6157 0.6157 0.6157
v -0.771997 0.033974 0.010961 0.6706 0.6706 0.6706
v -0.796670 0.039913 0.017186 0.7960 0.7960 0.7960
v -0.794708 0.041476 0.020897 0.7725 0.7725 0.7725
v -0.767992 0.037069 0.018353 0.6157 0.6157 0.6157
v -0.796670 0.039913 0.017186 0.7960 0.7960 0.7960
v -0.794708 0.041476 0.020897 0.7725 0.7725 0.7725
v -0.796670 0.039913 0.017186 0.7960 0.7960 0.7960
v -0.813617 0.047236 0.024223 0.8627 0.8627 0.8627
v -0.789993 -0.001830 -0.025356 0.0000 0.0000 0.0000
v -0.764493 0.016098 -0.017929 0.0000 0.0000 0.0000
v -0.764493 -0.001831 -0.025356 0.0000 0.0000 0.0000
v -0.789993 -0.001830 -0.025356 0.0000 0.0000 0.0000
v -0.764493 -0.019759 -0.017929 0.0000 0.0000 0.0000
v -0.806993 -0.019759 -0.017929 0.0000 0.0000 0.0000
v -0.705931 0.034723 -0.020055 0.1725 0.1725 0.1725
v -0.687137 0.028642 -0.015796 0.0745 0.0745 0.0745
v -0.709579 0.025522 -0.020286 0.2353 0.2353 0.2353
v -0.687137 0.028642 -0.015796 0.0745 0.0745 0.0745
v -0.692919 0.020675 -0.016456 0.1647 0.1647 0.1647
v -0.709579 0.025522 -0.020286 0.2353 0.2353 0.2353
v -0.652457 0.014572 -0.006842 0.0745 0.0745 0.0745
v -0.692919 0.020675 -0.016456 0.1647 0.1647 0.1647
v -0.687137 0.028642 -0.015796 0.0745 0.0745 0.0745
v -0.692919 0.020675 -0.016456 0.1647 0.1647 0.1647
v -0.652457 0.014572 -0.006842 0.0745 0.0745 0.0745
v -0.657339 0.010276 -0.009102 0.1647 0.1647 0.1647
v -0.705931 0.034723 -0.020055 0.1725 0.1725 0.1725
v -0.709579 0.025522 -0.020286 0.2353 0.2353 0.2353
v -0.733273 0.028937 -0.021930 0.3961 0.3961 0.3961
v -0.733273 0.028937 -0.021930 0.3961 0.3961 0.3961
v -0.733029 0.037402 -0.021930 0.3647 0.3647 0.3647
v -0.705931 0.034723 -0.020055 0.1725 0.1725 0.1725
v -0.733273 0.028937 -0.021930 0.3961 0.3961 0.3961
v -0.760697 0.036101 -0.021020 0.5647 0.5647 0.5647
v -0.733029 0.037402 -0.021930 0.3647 0.3647 0.3647
v -0.760697 0.036101 -0.021020 0.5647 0.5647 0.5647
v -0.733273 0.028937 -0.021930 0.3961 0.3961 0.3961
v -0.757758 0.027877 -0.021188 0.5725 0.5725 0.5725
v -0.757758 0.027877 -0.021188 0.5725 0.5725 0.5725
v -0.767992 0.035595 -0.020665 0.6157 0.6157 0.6157
v -0.760697 0.036101 -0.021020 0.5647 0.5647 0.5647
v -0.767992 0.035595 -0.020665 0.6157 0.6157 0.6157
v -0.757758 0.027877 -0.021188 0.5725 0.5725 0.5725
v -0.771997 0.027588 -0.020985 0.6706 0.6706 0.6706
v -0.771997 0.027588 -0.020985 0.6706 0.6706 0.6706
v -0.796669 0.035739 -0.023737 0.7960 0.7960 0.7960
v -0.767992 0.035595 -0.020665 0.6157 0.6157 0.6157
v -0.794708 0.039764 -0.023584 0.7725 0.7725 0.7725
v -0.767992 0.035595 -0.020665 0.6157 0.6157 0.6157
v -0.796669 0.035739 -0.023737 0.7960 0.7960 0.7960
v -0.794708 0.039764 -0.023584 0.7725 0.7725 0.7725
v -0.796669 0.035739 -0.023737 0.7960 0.7960 0.7960
v -0.813617 0.045213 -0.027400 0.8627 0.8627 0.8627
v -0.652457 -0.014572 0.006842 0.0745 0.0745 0.0745
v -0.692919 -0.020675 0.016456 0.1647 0.1647 0.1647
v -0.687138 -0.028642 0.015796 0.0745 0.0745 0.0745
v -0.692919 -0.020675 0.016456 0.1647 0.1647 0.1647
v -0.652457 -0.014572 0.006842 0.0745 0.0745 0.0745
v -0.657339 -0.010276 0.009102 0.1647 0.1647 0.1647
v -0.687138 -0.028642 0.015796 0.0745 0.0745 0.0745
v -0.692919 -0.020675 0.016456 0.1647 0.1647 0.1647
v -0.709579 -0.025522 0.020286 0.2353 0.2353 0.2353
v -0.705932 -0.034723 0.020055 0.1725 0.1725 0.1725
v -0.687138 -0.028642 0.015796 0.0745 0.0745 0.0745
v -0.709579 -0.025522 0.020286 0.2353 0.2353 0.2353
v -0.705932 -0.034723 0.020055 0.1725 0.1725 0.1725
v -0.709579 -0.025522 0.020286 0.2353 0.2353 0.2353
v -0.733273 -0.028937 0.021930 0.3961 0.3961 0.3961
v -0.733273 -0.028937 0.021930 0.3961 0.3961 0.3961
v -0.733029 -0.037402 0.021930 0.3647 0.3647 0.3647
v -0.705932 -0.034723 0.020055 0.1725 0.1725 0.1725
v -0.733273 -0.028937 0.021930 0.3961 0.3961 0.3961
v -0.760697 -0.036101 0.021020 0.5647 0.5647 0.5647
v -0.733029 -0.037402 0.021930 0.3647 0.3647 0.3647
v -0.760697 -0.036101 0.021020 0.5647 0.5647 0.5647
v -0.733273 -0.028937 0.021930 0.3961 0.3961 0.3961
v -0.757758 -0.027878 0.021188 0.5725 0.5725 0.5725
v -0.757758 -0.027878 0.021188 0.5725 0.5725 0.5725
v -0.767992 -0.035595 0.020665 0.6157 0.6157 0.6157
v -0.760697 -0.036101 0.021020 0.5647 0.5647 0.5647
v -0.767992 -0.035595 0.020665 0.6157 0.6157 0.6157
v -0.757758 -0.027878 0.021188 0.5725 0.5725 0.5725
v -0.771997 -0.027588 0.020985 0.6706 0.6706 0.6706
v -0.771997 -0.027588 0.020985 0.6706 0.6706 0.6706
v -0.796670 -0.035740 0.023737 0.7960 0.7960 0.7960
v -0.767992 -0.035595 0.020665 0.6157 0.6157 0.6157
v -0.794708 -0.039764 0.023584 0.7725 0.7725 0.7725
v -0.767992 -0.035595 0.020665 0.6157 0.6157 0.6157
v -0.796670 -0.035740 0.023737 0.7960 0.7960 0.7960
v -0.794708 -0.039764 0.023584 0.7725 0.7725 0.7725
v -0.796670 -0.035740 0.023737 0.7960 0.7960 0.7960
v -0.813617 -0.045213 0.027400 0.8627 0.8627 0.8627
v -0.733273 -0.030546 -0.020193 0.3961 0.3961 0.3961
v -0.705931 -0.036147 -0.017821 0.1725 0.1725 0.1725
v -0.733029 -0.038978 -0.019456 0.3647 0.3647 0.3647
v -0.733273 -0.030546 -0.020193 0.3961 0.3961 0.3961
v -0.733029 -0.038978 -0.019456 0.3647 0.3647 0.3647
v -0.760697 -0.037603 -0.018662 0.5647 0.5647 0.5647
v -0.705931 -0.036147 -0.017821 0.1725 0.1725 0.1725
v -0.733273 -0.030546 -0.020193 0.3961 0.3961 0.3961
v -0.709579 -0.027000 -0.018853 0.2353 0.2353 0.2353
v -0.760697 -0.037603 -0.018662 0.5647 0.5647 0.5647
v -0.757758 -0.029426 -0.019546 0.5725 0.5725 0.5725
v -0.733273 -0.030546 -0.020193 0.3961 0.3961 0.3961
v -0.709579 -0.027000 -0.018853 0.2353 0.2353 0.2353
v -0.687137 -0.029717 -0.014108 0.0745 0.0745 0.0745
v -0.705931 -0.036147 -0.017821 0.1725 0.1725 0.1725
v -0.757758 -0.029426 -0.019546 0.5725 0.5725 0.5725
v -0.760697 -0.037603 -0.018662 0.5647 0.5647 0.5647
v -0.767992 -0.037069 -0.018353 0.6157 0.6157 0.6157
v -0.687137 -0.029717 -0.014108 0.0745 0.0745 0.0745
v -0.709579 -0.027000 -0.018853 0.2353 0.2353 0.2353
v -0.692919 -0.021838 -0.015461 0.1647 0.1647 0.1647
v -0.692919 -0.021838 -0.015461 0.1647 0.1647 0.1647
v -0.652457 -0.014961 -0.006231 0.0745 0.0745 0.0745
v -0.687137 -0.029717 -0.014108 0.0745 0.0745 0.0745
v -0.652457 -0.014961 -0.006231 0.0745 0.0745 0.0745
v -0.692919 -0.021838 -0.015461 0.1647 0.1647 0.1647
v -0.657339 -0.010877 -0.008857 0.1647 0.1647 0.1647
v -0.767992 -0.037069 -0.018353 0.6157 0.6157 0.6157
v -0.771997 -0.029119 -0.019369 0.6706 0.6706 0.6706
v -0.757758 -0.029426 -0.019546 0.5725 0.5725 0.5725
v -0.767992 -0.037069 -0.018353 0.6157 0.6157 0.6157
v -0.796669 -0.037480 -0.021400 0.7960 0.7960 0.7960
v -0.771997 -0.029119 -0.019369 0.6706 0.6706 0.6706
v -0.796669 -0.037480 -0.021400 0.7960 0.7960 0.7960
v -0.767992 -0.037069 -0.018353 0.6157 0.6157 0.6157
v -0.794708 -0.041476 -0.020897 0.7725 0.7725 0.7725
v -0.796669 -0.037480 -0.021400 0.7960 0.7960 0.7960
v -0.794708 -0.041476 -0.020897 0.7725 0.7725 0.7725
v -0.813617 -0.047236 -0.024223 0.8627 0.8627 0.8627
v -0.733274 0.030546 0.020193 0.3961 0.3961 0.3961
v -0.705932 0.036147 0.017821 0.1725 0.1725 0.1725
v -0.733029 0.038978 0.019456 0.3647 0.3647 0.3647
v -0.733274 0.030546 0.020193 0.3961 0.3961 0.3961
v -0.733029 0.038978 0.019456 0.3647 0.3647 0.3647
v -0.760697 0.037603 0.018662 0.5647 0.5647 0.5647
v -0.705932 0.036147 0.017821 0.1725 0.1725 0.1725
v -0.733274 0.030546 0.020193 0.3961 0.3961 0.3961
v -0.709579 0.027000 0.018854 0.2353 0.2353 0.2353
v -0.760697 0.037603 0.018662 0.5647 0.5647 0.5647
v -0.757758 0.029426 0.019547 0.5725 0.5725 0.5725
v -0.733274 0.030546 0.020193 0.3961 0.3961 0.3961
v -0.709579 0.027000 0.018854 0.2353 0.2353 0.2353
v -0.687138 0.029717 0.014108 0.0745 0.0745 0.0745
v -0.705932 0.036147 0.017821 0.1725 0.1725 0.1725
v -0.757758 0.029426 0.019547 0.5725 0.5725 0.5725
v -0.760697 0.037603 0.018662 0.5647 0.5647 0.5647
v -0.767992 0.037069 0.018353 0.6157 0.6157 0.6157
v -0.687138 0.029717 0.014108 0.0745 0.0745 0.0745
v -0.709579 0.027000 0.018854 0.2353 0.2353 0.2353
v -0.692919 0.021838 0.015461 0.1647 0.1647 0.1647
v -0.692919 0.021838 0.015461 0.1647 0.1647 0.1647
v -0.652457 0.014961 0.006231 0.0745 0.0745 0.0745
v -0.687138 0.029717 0.014108 0.0745 0.0745 0.0745
v -0.652457 0.014961 0.006231 0.0745 0.0745 0.0745
v -0.692919 0.021838 0.015461 0.1647 0.1647 0.1647
v -0.657339 0.010877 0.008857 0.1647 0.1647 0.1647
v -0.767992 0.037069 0.018353 0.6157 0.6157 0.6157
v -0.771997 0.029119 0.019370 0.6706 0.6706 0.6706
v -0.757758 0.029426 0.019547 0.5725 0.5725 0.5725
v -0.767992 0.037069 0.018353 0.6157 0.6157 0.6157
v -0.796670 0.037480 0.021400 0.7960 0.7960 0.7960
v -0.771997 0.029119 0.019370 0.6706 0.6706 0.6706
v -0.796670 0.037480 0.021400 0.7960 0.7960 0.7960
v -0.767992 0.037069 0.018353 0.6157 0.6157 0.6157
v -0.794708 0.041476 0.020897 0.7725 0.7725 0.7725
v -0.796670 0.037480 0.021400 0.7960 0.7960 0.7960
v -0.794708 0.041476 0.020897 0.7725 0.7725 0.7725
v -0.813617 0.047236 0.024223 0.8627 0.8627 0.8627
v -0.806993 0.023525 0.000000 0.0000 0.0000 0.0000
v -0.806993 0.016098 0.017929 0.0000 0.0000 0.0000
v -0.764493 0.016098 0.017929 0.0000 0.0000 0.0000
v -0.789993 -0.001831 0.025356 0.0000 0.0000 0.0000
v -0.764493 0.016098 0.017929 0.0000 0.0000 0.0000
v -0.806993 0.016098 0.017929 0.0000 0.0000 0.0000
v -0.764493 0.016098 0.017929 0.0000 0.0000 0.0000
v -0.789993 -0.001831 0.025356 0.0000 0.0000 0.0000
v -0.764493 -0.001831 0.025356 0.0000 0.0000 0.0000
v -0.806993 0.016098 -0.017929 0.0000 0.0000 0.0000
v -0.806993 0.023525 0.000000 0.0000 0.0000 0.0000
v -0.764493 0.023525 0.000000 0.0000 0.0000 0.0000
v -0.709785 0.050789 -0.029425 0.2392 0.2392 0.2392
v -0.703440 0.068881 -0.045851 0.0000 0.0000 0.0000
v -0.709785 0.049023 -0.031946 0.2392 0.2392 0.2392
v -0.703440 0.068881 -0.045851 0.0000 0.0000 0.0000
v -0.709785 0.050789 -0.029425 0.2392 0.2392 0.2392
v -0.703440 0.070646 -0.043330 0.0000 0.0000 0.0000
v -0.709785 0.049023 -0.031946 0.2392 0.2392 0.2392
v -0.715317 0.033827 -0.017548 0.7725 0.7725 0.7725
v -0.709785 0.050789 -0.029425 0.2392 0.2392 0.2392
v -0.715317 0.033827 -0.017548 0.7725 0.7725 0.7725
v -0.709785 0.049023 -0.031946 0.2392 0.2392 0.2392
v -0.715317 0.032061 -0.020069 0.7725 0.7725 0.7725
v -0.703440 -0.068881 0.045851 0.0000 0.0000 0.0000
v -0.709785 -0.050789 0.029425 0.2392 0.2392 0.2392
v -0.703440 -0.070646 0.043330 0.0000 0.0000 0.0000
v -0.709785 -0.050789 0.029425 0.2392 0.2392 0.2392
v -0.703440 -0.068881 0.045851 0.0000 0.0000 0.0000
v -0.709785 -0.049024 0.031946 0.2392 0.2392 0.2392
v -0.709785 -0.049024 0.031946 0.2392 0.2392 0.2392
v -0.715317 -0.033827 0.017548 0.7725 0.7725 0.7725
v -0.709785 -0.050789 0.029425 0.2392 0.2392 0.2392
v -0.715317 -0.033827 0.017548 0.7725 0.7725 0.7725
v -0.709785 -0.049024 0.031946 0.2392 0.2392 0.2392
v -0.715317 -0.032061 0.020069 0.7725 0.7725 0.7725
v -0.709785 -0.051428 -0.028421 0.2392 0.2392 0.2392
v -0.703440 -0.072423 -0.040542 0.0000 0.0000 0.0000
v -0.709785 -0.052968 -0.025755 0.2392 0.2392 0.2392
v -0.703440 -0.073961 -0.037876 0.0000 0.0000 0.0000
v -0.709785 -0.052968 -0.025755 0.2392 0.2392 0.2392
v -0.703440 -0.072423 -0.040542 0.0000 0.0000 0.0000
v -0.715317 -0.035034 -0.015402 0.7725 0.7725 0.7725
v -0.709785 -0.051428 -0.028421 0.2392 0.2392 0.2392
v -0.709785 -0.052968 -0.025755 0.2392 0.2392 0.2392
v -0.715317 -0.033496 -0.018068 0.7725 0.7725 0.7725
v -0.709785 -0.051428 -0.028421 0.2392 0.2392 0.2392
v -0.715317 -0.035034 -0.015402 0.7725 0.7725 0.7725
v -0.703440 0.073961 0.037876 0.0000 0.0000 0.0000
v -0.709785 0.052968 0.025755 0.2392 0.2392 0.2392
v -0.703440 0.072423 0.040542 0.0000 0.0000 0.0000
v -0.703440 0.072423 0.040542 0.0000 0.0000 0.0000
v -0.709785 0.052968 0.025755 0.2392 0.2392 0.2392
v -0.709785 0.051428 0.028421 0.2392 0.2392 0.2392
v -0.709785 0.052968 0.025755 0.2392 0.2392 0.2392
v -0.715317 0.035034 0.015402 0.7725 0.7725 0.7725
v -0.709785 0.051428 0.028421 0.2392 0.2392 0.2392
v -0.715317 0.033496 0.018068 0.7725 0.7725 0.7725
v -0.709785 0.051428 0.028421 0.2392 0.2392 0.2392
v -0.715317 0.035034 0.015402 0.7725 0.7725 0.7725
v -0.778543 0.055329 -0.031397 0.4745 0.4745 0.4745
v -0.786481 0.034558 -0.016854 0.7176 0.7176 0.7176
v -0.751339 0.035346 -0.017405 0.8666 0.8666 0.8666
v -0.751339 0.035346 -0.017405 0.8666 0.8666 0.8666
v -0.786481 0.034558 -0.016854 0.7176 0.7176 0.7176
v -0.767445 0.030925 -0.014309 0.8509 0.8509 0.8509
v -0.786481 0.034558 -0.016854 0.7176 0.7176 0.7176
v -0.778543 0.055329 -0.031397 0.4745 0.4745 0.4745
v -0.833953 0.058079 -0.033323 0.1294 0.1294 0.1294
v -0.795665 0.066054 -0.038906 0.2235 0.2235 0.2235
v -0.833953 0.058079 -0.033323 0.1294 0.1294 0.1294
v -0.778543 0.055329 -0.031397 0.4745 0.4745 0.4745
v -0.833953 0.058079 -0.033323 0.1294 0.1294 0.1294
v -0.795665 0.066054 -0.038906 0.2235 0.2235 0.2235
v -0.820542 0.074396 -0.044748 0.0000 0.0000 0.0000
v -0.820542 0.074396 -0.044748 0.0000 0.0000 0.0000
v -0.860232 0.069629 -0.041410 0.0000 0.0000 0.0000
v -0.833953 0.058079 -0.033323 0.1294 0.1294 0.1294
v -0.860232 0.069629 -0.041410 0.0000 0.0000 0.0000
v -0.820542 0.074396 -0.044748 0.0000 0.0000 0.0000
v -0.834169 0.076509 -0.046227 0.0000 0.0000 0.0000
v -0.860232 0.069629 -0.041410 0.0000 0.0000 0.0000
v -0.834169 0.076509 -0.046227 0.0000 0.0000 0.0000
v -0.856809 0.078382 -0.047539 0.0000 0.0000 0.0000
v -0.856809 0.078382 -0.047539 0.0000 0.0000 0.0000
v -0.883024 0.078716 -0.047773 0.0000 0.0000 0.0000
v -0.860232 0.069629 -0.041410 0.0000 0.0000 0.0000
v -0.778543 -0.055329 0.031397 0.4745 0.4745 0.4745
v -0.786481 -0.034558 0.016854 0.7176 0.7176 0.7176
v -0.751339 -0.035346 0.017405 0.8666 0.8666 0.8666
v -0.751339 -0.035346 0.017405 0.8666 0.8666 0.8666
v -0.786481 -0.034558 0.016854 0.7176 0.7176 0.7176
v -0.767445 -0.030925 0.014309 0.8509 0.8509 0.8509
v -0.786481 -0.034558 0.016854 0.7176 0.7176 0.7176
v -0.778543 -0.055329 0.031397 0.4745 0.4745 0.4745
v -0.833953 -0.058079 0.033323 0.1294 0.1294 0.1294
v -0.795665 -0.066054 0.038907 0.2235 0.2235 0.2235
v -0.833953 -0.058079 0.033323 0.1294 0.1294 0.1294
v -0.778543 -0.055329 0.031397 0.4745 0.4745 0.4745
v -0.833953 -0.058079 0.033323 0.1294 0.1294 0.1294
v -0.795665 -0.066054 0.038907 0.2235 0.2235 0.2235
v -0.820542 -0.074396 0.044748 0.0000 0.0000 0.0000
v -0.820542 -0.074396 0.044748 0.0000 0.0000 0.0000
v -0.860232 -0.069629 0.041410 0.0000 0.0000 0.0000
v -0.833953 -0.058079 0.033323 0.1294 0.1294 0.1294
v -0.860232 -0.069629 0.041410 0.0000 0.0000 0.0000
v -0.820542 -0.074396 0.044748 0.0000 0.0000 0.0000
v -0.834169 -0.076509 0.046227 0.0000 0.0000 0.0000
v -0.860232 -0.069629 0.041410 0.0000 0.0000 0.0000
v -0.834169 -0.076509 0.046227 0.0000 0.0000 0.0000
v -0.856809 -0.078382 0.047539 0.0000 0.0000 0.0000
v -0.856809 -0.078382 0.047539 0.0000 0.0000 0.0000
v -0.883024 -0.078717 0.047773 0.0000 0.0000 0.0000
v -0.860232 -0.069629 0.041410 0.0000 0.0000 0.0000
v -0.806993 0.023525 0.000000 0.0000 0.0000 0.0000
v -0.764493 0.016098 0.017929 0.0000 0.0000 0.0000
v -0.764493 0.023525 0.000000 0.0000 0.0000 0.0000
v -0.806993 0.016098 -0.017929 0.0000 0.0000 0.0000
v -0.764493 0.023525 0.000000 0.0000 0.0000 0.0000
v -0.764493 0.016098 -0.017929 0.0000 0.0000 0.0000
v -0.789993 -0.001830 -0.025356 0.0000 0.0000 0.0000
v -0.806993 0.016098 -0.017929 0.0000 0.0000 0.0000
v -0.764493 0.016098 -0.017929 0.0000 0.0000 0.0000
v -0.764493 -0.019759 -0.017929 0.0000 0.0000 0.0000
v -0.789993 -0.001830 -0.025356 0.0000 0.0000 0.0000
v -0.764493 -0.001831 -0.025356 0.0000 0.0000 0.0000
v -0.764493 -0.027186 0.000000 0.0196 0.0196 0.0196
v -0.806993 -0.019759 -0.017929 0.0000 0.0000 0.0000
v -0.764493 -0.019759 -0.017929 0.0000 0.0000 0.0000
v -0.806993 -0.019759 -0.017929 0.0000 0.0000 0.0000
v -0.764493 -0.027186 0.000000 0.0196 0.0196 0.0196
v -0.806993 -0.027186 0.000000 0.0000 0.0000 0.0000
v -0.764493 -0.019759 0.017929 0.0000 0.0000 0.0000
v -0.806993 -0.027186 0.000000 0.0000 0.0000 0.0000
v -0.764493 -0.027186 0.000000 0.0196 0.0196 0.0196
v -0.806993 -0.027186 0.000000 0.0000 0.0000 0.0000
v -0.764493 -0.019759 0.017929 0.0000 0.0000 0.0000
v -0.806993 -0.019759 0.017929 0.0000 0.0000 0.0000
v -0.789993 -0.001831 0.025356 0.0000 0.0000 0.0000
v -0.806993 -0.019759 0.017929 0.0000 0.0000 0.0000
v -0.764493 -0.019759 0.017929 0.0000 0.0000 0.0000
v -0.789993 -0.001831 0.025356 0.0000 0.0000 0.0000
v -0.764493 -0.019759 0.017929 0.0000 0.0000 0.0000
v -0.764493 -0.001831 0.025356 0.0000 0.0000 0.0000
v -0.694144 0.061837 -0.037161 0.0000 0.0000 0.0000
v -0.709785 0.050789 -0.029425 0.2392 0.2392 0.2392
v -0.688617 0.055237 -0.032540 0.0510 0.0510 0.0510
v -0.703440 0.070646 -0.043330 0.0000 0.0000 0.0000
v -0.709785 0.050789 -0.029425 0.2392 0.2392 0.2392
v -0.694144 0.061837 -0.037161 0.0000 0.0000 0.0000
v -0.709785 0.050789 -0.029425 0.2392 0.2392 0.2392
v -0.687404 0.052293 -0.030478 0.1686 0.1686 0.1686
v -0.688617 0.055237 -0.032540 0.0510 0.0510 0.0510
v -0.709785 0.050789 -0.029425 0.2392 0.2392 0.2392
v -0.688876 0.046863 -0.026676 0.3608 0.3608 0.3608
v -0.687404 0.052293 -0.030478 0.1686 0.1686 0.1686
v -0.715317 0.033827 -0.017548 0.7725 0.7725 0.7725
v -0.688876 0.046863 -0.026676 0.3608 0.3608 0.3608
v -0.709785 0.050789 -0.029425 0.2392 0.2392 0.2392
v -0.688876 0.046863 -0.026676 0.3608 0.3608 0.3608
v -0.715317 0.033827 -0.017548 0.7725 0.7725 0.7725
v -0.694550 0.035930 -0.019020 0.7020 0.7020 0.7020
v -0.694550 0.035930 -0.019020 0.7020 0.7020 0.7020
v -0.715317 0.033827 -0.017548 0.7725 0.7725 0.7725
v -0.703198 0.028943 -0.014129 0.9058 0.9058 0.9058
v -0.746342 0.055964 -0.032759 0.2510 0.2510 0.2510
v -0.759479 0.081061 -0.054669 0.0000 0.0000 0.0000
v -0.746342 0.053927 -0.035669 0.2510 0.2510 0.2510
v -0.759479 0.081061 -0.054669 0.0000 0.0000 0.0000
v -0.746342 0.055964 -0.032759 0.2510 0.2510 0.2510
v -0.759479 0.083099 -0.051759 0.0000 0.0000 0.0000
v -0.746342 0.053927 -0.035669 0.2510 0.2510 0.2510
v -0.735260 0.032749 -0.016504 0.7921 0.7921 0.7921
v -0.746342 0.055964 -0.032759 0.2510 0.2510 0.2510
v -0.735260 0.032749 -0.016504 0.7921 0.7921 0.7921
v -0.746342 0.053927 -0.035669 0.2510 0.2510 0.2510
v -0.735260 0.030711 -0.019414 0.7921 0.7921 0.7921
v -0.746342 0.055964 -0.032759 0.2510 0.2510 0.2510
v -0.711320 0.042280 -0.023178 0.6628 0.6628 0.6628
v -0.715804 0.057943 -0.034144 0.3059 0.3059 0.3059
v -0.719728 0.065276 -0.039279 0.1020 0.1020 0.1020
v -0.746342 0.055964 -0.032759 0.2510 0.2510 0.2510
v -0.715804 0.057943 -0.034144 0.3059 0.3059 0.3059
v -0.746342 0.055964 -0.032759 0.2510 0.2510 0.2510
v -0.719728 0.065276 -0.039279 0.1020 0.1020 0.1020
v -0.724392 0.068586 -0.041596 0.0039 0.0039 0.0039
v -0.746342 0.055964 -0.032759 0.2510 0.2510 0.2510
v -0.724392 0.068586 -0.041596 0.0039 0.0039 0.0039
v -0.738384 0.075075 -0.046141 0.0000 0.0000 0.0000
v -0.738384 0.075075 -0.046141 0.0000 0.0000 0.0000
v -0.759479 0.083099 -0.051759 0.0000 0.0000 0.0000
v -0.746342 0.055964 -0.032759 0.2510 0.2510 0.2510
v -0.711320 0.042280 -0.023178 0.6628 0.6628 0.6628
v -0.746342 0.055964 -0.032759 0.2510 0.2510 0.2510
v -0.735260 0.032749 -0.016504 0.7921 0.7921 0.7921
v -0.711320 0.042280 -0.023178 0.6628 0.6628 0.6628
v -0.735260 0.032749 -0.016504 0.7921 0.7921 0.7921
v -0.714785 0.030609 -0.015005 0.8902 0.8902 0.8902
v -0.759441 0.071261 -0.043146 0.2745 0.2745 0.2745
v -0.787667 0.064465 -0.038388 0.1098 0.1098 0.1098
v -0.747070 0.056980 -0.033147 0.5647 0.5647 0.5647
v -0.766980 0.077654 -0.047622 0.1098 0.1098 0.1098
v -0.787667 0.064465 -0.038388 0.1098 0.1098 0.1098
v -0.759441 0.071261 -0.043146 0.2745 0.2745 0.2745
v -0.787667 0.064465 -0.038388 0.1098 0.1098 0.1098
v -0.766980 0.077654 -0.047622 0.1098 0.1098 0.1098
v -0.773152 0.080076 -0.049318 0.0078 0.0078 0.0078
v -0.787667 0.064465 -0.038388 0.1098 0.1098 0.1098
v -0.773152 0.080076 -0.049318 0.0078 0.0078 0.0078
v -0.789899 0.084045 -0.052097 0.0000 0.0000 0.0000
v -0.787667 0.064465 -0.038388 0.1098 0.1098 0.1098
v -0.789899 0.084045 -0.052097 0.0000 0.0000 0.0000
v -0.814241 0.088345 -0.055108 0.0000 0.0000 0.0000
v -0.747070 0.056980 -0.033147 0.5647 0.5647 0.5647
v -0.787667 0.064465 -0.038388 0.1098 0.1098 0.1098
v -0.752157 0.035122 -0.017841 0.7843 0.7843 0.7843
v -0.747070 0.056980 -0.033147 0.5647 0.5647 0.5647
v -0.752157 0.035122 -0.017841 0.7843 0.7843 0.7843
v -0.735547 0.035233 -0.017918 0.9058 0.9058 0.9058
v -0.694144 -0.061838 0.037161 0.0000 0.0000 0.0000
v -0.709785 -0.050789 0.029425 0.2392 0.2392 0.2392
v -0.688617 -0.055237 0.032541 0.0510 0.0510 0.0510
v -0.703440 -0.070646 0.043330 0.0000 0.0000 0.0000
v -0.709785 -0.050789 0.029425 0.2392 0.2392 0.2392
v -0.694144 -0.061838 0.037161 0.0000 0.0000 0.0000
v -0.709785 -0.050789 0.029425 0.2392 0.2392 0.2392
v -0.687404 -0.052293 0.030478 0.1686 0.1686 0.1686
v -0.688617 -0.055237 0.032541 0.0510 0.0510 0.0510
v -0.709785 -0.050789 0.029425 0.2392 0.2392 0.2392
v -0.688876 -0.046863 0.026676 0.3608 0.3608 0.3608
v -0.687404 -0.052293 0.030478 0.1686 0.1686 0.1686
v -0.715317 -0.033827 0.017548 0.7725 0.7725 0.7725
v -0.688876 -0.046863 0.026676 0.3608 0.3608 0.3608
v -0.709785 -0.050789 0.029425 0.2392 0.2392 0.2392
v -0.688876 -0.046863 0.026676 0.3608 0.3608 0.3608
v -0.715317 -0.033827 0.017548 0.7725 0.7725 0.7725
v -0.694550 -0.035930 0.019020 0.7020 0.7020 0.7020
v -0.694550 -0.035930 0.019020 0.7020 0.7020 0.7020
v -0.715317 -0.033827 0.017548 0.7725 0.7725 0.7725
v -0.703198 -0.028944 0.014129 0.9058 0.9058 0.9058
v -0.759479 -0.081062 0.054669 0.0000 0.0000 0.0000
v -0.746342 -0.055965 0.032759 0.2510 0.2510 0.2510
v -0.759479 -0.083099 0.051760 0.0000 0.0000 0.0000
v -0.746342 -0.055965 0.032759 0.2510 0.2510 0.2510
v -0.759479 -0.081062 0.054669 0.0000 0.0000 0.0000
v -0.746342 -0.053927 0.035669 0.2510 0.2510 0.2510
v -0.746342 -0.053927 0.035669 0.2510 0.2510 0.2510
v -0.735260 -0.032749 0.016504 0.7921 0.7921 0.7921
v -0.746342 -0.055965 0.032759 0.2510 0.2510 0.2510
v -0.735260 -0.032749 0.016504 0.7921 0.7921 0.7921
v -0.746342 -0.053927 0.035669 0.2510 0.2510 0.2510
v -0.735260 -0.030711 0.019414 0.7921 0.7921 0.7921
v -0.746342 -0.055965 0.032759 0.2510 0.2510 0.2510
v -0.711321 -0.042280 0.023178 0.6628 0.6628 0.6628
v -0.715804 -0.057944 0.034144 0.3059 0.3059 0.3059
v -0.719728 -0.065276 0.039279 0.1020 0.1020 0.1020
v -0.746342 -0.055965 0.032759 0.2510 0.2510 0.2510
v -0.715804 -0.057944 0.034144 0.3059 0.3059 0.3059
v -0.746342 -0.055965 0.032759 0.2510 0.2510 0.2510
v -0.719728 -0.065276 0.039279 0.1020 0.1020 0.1020
v -0.724393 -0.068586 0.041597 0.0039 0.0039 0.0039
v -0.746342 -0.055965 0.032759 0.2510 0.2510 0.2510
v -0.724393 -0.068586 0.041597 0.0039 0.0039 0.0039
v -0.738384 -0.075075 0.046141 0.0000 0.0000 0.0000
v -0.738384 -0.075075 0.046141 0.0000 0.0000 0.0000
v -0.759479 -0.083099 0.051760 0.0000 0.0000 0.0000
v -0.746342 -0.055965 0.032759 0.2510 0.2510 0.2510
v -0.711321 -0.042280 0.023178 0.6628 0.6628 0.6628
v -0.746342 -0.055965 0.032759 0.2510 0.2510 0.2510
v -0.735260 -0.032749 0.016504 0.7921 0.7921 0.7921
v -0.711321 -0.042280 0.023178 0.6628 0.6628 0.6628
v -0.735260 -0.032749 0.016504 0.7921 0.7921 0.7921
v -0.714786 -0.030609 0.015005 0.8902 0.8902 0.8902
v -0.759441 -0.071261 0.043146 0.2745 0.2745 0.2745
v -0.787667 -0.064465 0.038388 0.1098 0.1098 0.1098
v -0.747070 -0.056981 0.033147 0.5647 0.5647 0.5647
v -0.766980 -0.077654 0.047622 0.1098 0.1098 0.1098
v -0.787667 -0.064465 0.038388 0.1098 0.1098 0.1098
v -0.759441 -0.071261 0.043146 0.2745 0.2745 0.2745
v -0.787667 -0.064465 0.038388 0.1098 0.1098 0.1098
v -0.766980 -0.077654 0.047622 0.1098 0.1098 0.1098
v -0.773153 -0.080076 0.049318 0.0078 0.0078 0.0078
v -0.787667 -0.064465 0.038388 0.1098 0.1098 0.1098
v -0.773153 -0.080076 0.049318 0.0078 0.0078 0.0078
v -0.789899 -0.084045 0.052097 0.0000 0.0000 0.0000
v -0.787667 -0.064465 0.038388 0.1098 0.1098 0.1098
v -0.789899 -0.084045 0.052097 0.0000 0.0000 0.0000
v -0.814241 -0.088345 0.055108 0.0000 0.0000 0.0000
v -0.747070 -0.056981 0.033147 0.5647 0.5647 0.5647
v -0.787667 -0.064465 0.038388 0.1098 0.1098 0.1098
v -0.752157 -0.035122 0.017841 0.7843 0.7843 0.7843
v -0.747070 -0.056981 0.033147 0.5647 0.5647 0.5647
v -0.752157 -0.035122 0.017841 0.7843 0.7843 0.7843
v -0.735547 -0.035233 0.017918 0.9058 0.9058 0.9058
v -0.751339 -0.036536 -0.015127 0.8666 0.8666 0.8666
v -0.786481 -0.035703 -0.014646 0.7176 0.7176 0.7176
v -0.778543 -0.057662 -0.027324 0.4745 0.4745 0.4745
v -0.786481 -0.035703 -0.014646 0.7176 0.7176 0.7176
v -0.751339 -0.036536 -0.015127 0.8666 0.8666 0.8666
v -0.767445 -0.031861 -0.012428 0.8509 0.8509 0.8509
v -0.778543 -0.057662 -0.027324 0.4745 0.4745 0.4745
v -0.786481 -0.035703 -0.014646 0.7176 0.7176 0.7176
v -0.833953 -0.060569 -0.029003 0.1294 0.1294 0.1294
v -0.833953 -0.060569 -0.029003 0.1294 0.1294 0.1294
v -0.795665 -0.069000 -0.033870 0.2235 0.2235 0.2235
v -0.778543 -0.057662 -0.027324 0.4745 0.4745 0.4745
v -0.833953 -0.060569 -0.029003 0.1294 0.1294 0.1294
v -0.820542 -0.077821 -0.038963 0.0000 0.0000 0.0000
v -0.795665 -0.069000 -0.033870 0.2235 0.2235 0.2235
v -0.820542 -0.077821 -0.038963 0.0000 0.0000 0.0000
v -0.833953 -0.060569 -0.029003 0.1294 0.1294 0.1294
v -0.860232 -0.072780 -0.036053 0.0000 0.0000 0.0000
v -0.820542 -0.077821 -0.038963 0.0000 0.0000 0.0000
v -0.860232 -0.072780 -0.036053 0.0000 0.0000 0.0000
v -0.834169 -0.080054 -0.040252 0.0000 0.0000 0.0000
v -0.834169 -0.080054 -0.040252 0.0000 0.0000 0.0000
v -0.860232 -0.072780 -0.036053 0.0000 0.0000 0.0000
v -0.856809 -0.082034 -0.041396 0.0000 0.0000 0.0000
v -0.856809 -0.082034 -0.041396 0.0000 0.0000 0.0000
v -0.860232 -0.072780 -0.036053 0.0000 0.0000 0.0000
v -0.883024 -0.082388 -0.041600 0.0000 0.0000 0.0000
v -0.746342 -0.056637 -0.031702 0.2510 0.2510 0.2510
v -0.759479 -0.085326 -0.048266 0.0000 0.0000 0.0000
v -0.746342 -0.058414 -0.028625 0.2510 0.2510 0.2510
v -0.759479 -0.087102 -0.045189 0.0000 0.0000 0.0000
v -0.746342 -0.058414 -0.028625 0.2510 0.2510 0.2510
v -0.759479 -0.085326 -0.048266 0.0000 0.0000 0.0000
v -0.735260 -0.033870 -0.014455 0.7921 0.7921 0.7921
v -0.746342 -0.056637 -0.031702 0.2510 0.2510 0.2510
v -0.746342 -0.058414 -0.028625 0.2510 0.2510 0.2510
v -0.735260 -0.032093 -0.017532 0.7921 0.7921 0.7921
v -0.746342 -0.056637 -0.031702 0.2510 0.2510 0.2510
v -0.735260 -0.033870 -0.014455 0.7921 0.7921 0.7921
v -0.711320 -0.043947 -0.020273 0.6628 0.6628 0.6628
v -0.735260 -0.033870 -0.014455 0.7921 0.7921 0.7921
v -0.746342 -0.058414 -0.028625 0.2510 0.2510 0.2510
v -0.735260 -0.033870 -0.014455 0.7921 0.7921 0.7921
v -0.711320 -0.043947 -0.020273 0.6628 0.6628 0.6628
v -0.714785 -0.031607 -0.013149 0.8902 0.8902 0.8902
v -0.746342 -0.058414 -0.028625 0.2510 0.2510 0.2510
v -0.715804 -0.060506 -0.029833 0.3059 0.3059 0.3059
v -0.711320 -0.043947 -0.020273 0.6628 0.6628 0.6628
v -0.746342 -0.058414 -0.028625 0.2510 0.2510 0.2510
v -0.719728 -0.068258 -0.034309 0.1020 0.1020 0.1020
v -0.715804 -0.060506 -0.029833 0.3059 0.3059 0.3059
v -0.719728 -0.068258 -0.034309 0.1020 0.1020 0.1020
v -0.746342 -0.058414 -0.028625 0.2510 0.2510 0.2510
v -0.724392 -0.071758 -0.036330 0.0039 0.0039 0.0039
v -0.724392 -0.071758 -0.036330 0.0039 0.0039 0.0039
v -0.746342 -0.058414 -0.028625 0.2510 0.2510 0.2510
v -0.738384 -0.078617 -0.040290 0.0000 0.0000 0.0000
v -0.738384 -0.078617 -0.040290 0.0000 0.0000 0.0000
v -0.746342 -0.058414 -0.028625 0.2510 0.2510 0.2510
v -0.759479 -0.087102 -0.045189 0.0000 0.0000 0.0000
v -0.787667 -0.067373 -0.033492 0.1098 0.1098 0.1098
v -0.766980 -0.081316 -0.041542 0.1098 0.1098 0.1098
v -0.759441 -0.074558 -0.037640 0.2745 0.2745 0.2745
v -0.766980 -0.081316 -0.041542 0.1098 0.1098 0.1098
v -0.787667 -0.067373 -0.033492 0.1098 0.1098 0.1098
v -0.773152 -0.083877 -0.043020 0.0078 0.0078 0.0078
v -0.773152 -0.083877 -0.043020 0.0078 0.0078 0.0078
v -0.787667 -0.067373 -0.033492 0.1098 0.1098 0.1098
v -0.789899 -0.088073 -0.045443 0.0000 0.0000 0.0000
v -0.789899 -0.088073 -0.045443 0.0000 0.0000 0.0000
v -0.787667 -0.067373 -0.033492 0.1098 0.1098 0.1098
v -0.814241 -0.092619 -0.048068 0.0000 0.0000 0.0000
v -0.787667 -0.067373 -0.033492 0.1098 0.1098 0.1098
v -0.759441 -0.074558 -0.037640 0.2745 0.2745 0.2745
v -0.747070 -0.059459 -0.028923 0.5647 0.5647 0.5647
v -0.747070 -0.059459 -0.028923 0.5647 0.5647 0.5647
v -0.752157 -0.036350 -0.015581 0.7843 0.7843 0.7843
v -0.787667 -0.067373 -0.033492 0.1098 0.1098 0.1098
v -0.752157 -0.036350 -0.015581 0.7843 0.7843 0.7843
v -0.747070 -0.059459 -0.028923 0.5647 0.5647 0.5647
v -0.735547 -0.036468 -0.015648 0.9058 0.9058 0.9058
v -0.759479 0.087102 0.045189 0.0000 0.0000 0.0000
v -0.746342 0.058414 0.028625 0.2510 0.2510 0.2510
v -0.759479 0.085326 0.048266 0.0000 0.0000 0.0000
v -0.759479 0.085326 0.048266 0.0000 0.0000 0.0000
v -0.746342 0.058414 0.028625 0.2510 0.2510 0.2510
v -0.746342 0.056637 0.031702 0.2510 0.2510 0.2510
v -0.746342 0.058414 0.028625 0.2510 0.2510 0.2510
v -0.735260 0.033870 0.014455 0.7921 0.7921 0.7921
v -0.746342 0.056637 0.031702 0.2510 0.2510 0.2510
v -0.735260 0.032093 0.017532 0.7921 0.7921 0.7921
v -0.746342 0.056637 0.031702 0.2510 0.2510 0.2510
v -0.735260 0.033870 0.014455 0.7921 0.7921 0.7921
v -0.711321 0.043947 0.020273 0.6628 0.6628 0.6628
v -0.735260 0.033870 0.014455 0.7921 0.7921 0.7921
v -0.746342 0.058414 0.028625 0.2510 0.2510 0.2510
v -0.735260 0.033870 0.014455 0.7921 0.7921 0.7921
v -0.711321 0.043947 0.020273 0.6628 0.6628 0.6628
v -0.714786 0.031607 0.013149 0.8902 0.8902 0.8902
v -0.746342 0.058414 0.028625 0.2510 0.2510 0.2510
v -0.715804 0.060506 0.029833 0.3059 0.3059 0.3059
v -0.711321 0.043947 0.020273 0.6628 0.6628 0.6628
v -0.746342 0.058414 0.028625 0.2510 0.2510 0.2510
v -0.719728 0.068258 0.034309 0.1020 0.1020 0.1020
v -0.715804 0.060506 0.029833 0.3059 0.3059 0.3059
v -0.719728 0.068258 0.034309 0.1020 0.1020 0.1020
v -0.746342 0.058414 0.028625 0.2510 0.2510 0.2510
v -0.724393 0.071758 0.036330 0.0039 0.0039 0.0039
v -0.724393 0.071758 0.036330 0.0039 0.0039 0.0039
v -0.746342 0.058414 0.028625 0.2510 0.2510 0.2510
v -0.738384 0.078617 0.040291 0.0000 0.0000 0.0000
v -0.738384 0.078617 0.040291 0.0000 0.0000 0.0000
v -0.746342 0.058414 0.028625 0.2510 0.2510 0.2510
v -0.759479 0.087102 0.045189 0.0000 0.0000 0.0000
v -0.787667 0.067373 0.033492 0.1098 0.1098 0.1098
v -0.766980 0.081317 0.041542 0.1098 0.1098 0.1098
v -0.759441 0.074558 0.037640 0.2745 0.2745 0.2745
v -0.766980 0.081317 0.041542 0.1098 0.1098 0.1098
v -0.787667 0.067373 0.033492 0.1098 0.1098 0.1098
v -0.773153 0.083877 0.043020 0.0078 0.0078 0.0078
v -0.773153 0.083877 0.043020 0.0078 0.0078 0.0078
v -0.787667 0.067373 0.033492 0.1098 0.1098 0.1098
v -0.789899 0.088073 0.045443 0.0000 0.0000 0.0000
v -0.789899 0.088073 0.045443 0.0000 0.0000 0.0000
v -0.787667 0.067373 0.033492 0.1098 0.1098 0.1098
v -0.814241 0.092619 0.048068 0.0000 0.0000 0.0000
v -0.787667 0.067373 0.033492 0.1098 0.1098 0.1098
v -0.759441 0.074558 0.037640 0.2745 0.2745 0.2745
v -0.747070 0.059459 0.028923 0.5647 0.5647 0.5647
v -0.747070 0.059459 0.028923 0.5647 0.5647 0.5647
v -0.752157 0.036350 0.015581 0.7843 0.7843 0.7843
v -0.787667 0.067373 0.033492 0.1098 0.1098 0.1098
v -0.752157 0.036350 0.015581 0.7843 0.7843 0.7843
v -0.747070 0.059459 0.028923 0.5647 0.5647 0.5647
v -0.735547 0.036468 0.015648 0.9058 0.9058 0.9058
v -0.751339 0.036536 0.015127 0.8666 0.8666 0.8666
v -0.786481 0.035703 0.014646 0.7176 0.7176 0.7176
v -0.778543 0.057662 0.027324 0.4745 0.4745 0.4745
v -0.786481 0.035703 0.014646 0.7176 0.7176 0.7176
v -0.751339 0.036536 0.015127 0.8666 0.8666 0.8666
v -0.767445 0.031861 0.012428 0.8509 0.8509 0.8509
v -0.778543 0.057662 0.027324 0.4745 0.4745 0.4745
v -0.786481 0.035703 0.014646 0.7176 0.7176 0.7176
v -0.833953 0.060569 0.029003 0.1294 0.1294 0.1294
v -0.833953 0.060569 0.029003 0.1294 0.1294 0.1294
v -0.795665 0.069000 0.033871 0.2235 0.2235 0.2235
v -0.778543 0.057662 0.027324 0.4745 0.4745 0.4745
v -0.833953 0.060569 0.029003 0.1294 0.1294 0.1294
v -0.820542 0.077821 0.038963 0.0000 0.0000 0.0000
v -0.795665 0.069000 0.033871 0.2235 0.2235 0.2235
v -0.820542 0.077821 0.038963 0.0000 0.0000 0.0000
v -0.833953 0.060569 0.029003 0.1294 0.1294 0.1294
v -0.860232 0.072780 0.036053 0.0000 0.0000 0.0000
v -0.820542 0.077821 0.038963 0.0000 0.0000 0.0000
v -0.860232 0.072780 0.036053 0.0000 0.0000 0.0000
v -0.834169 0.080054 0.040253 0.0000 0.0000 0.0000
v -0.834169 0.080054 0.040253 0.0000 0.0000 0.0000
v -0.860232 0.072780 0.036053 0.0000 0.0000 0.0000
v -0.856809 0.082034 0.041396 0.0000 0.0000 0.0000
v -0.856809 0.082034 0.041396 0.0000 0.0000 0.0000
v -0.860232 0.072780 0.036053 0.0000 0.0000 0.0000
v -0.883024 0.082388 0.041600 0.0000 0.0000 0.0000
v -0.709785 -0.052968 -0.025755 0.2392 0.2392 0.2392
v -0.688617 -0.057671 -0.028471 0.0510 0.0510 0.0510
v -0.687404 -0.054558 -0.026673 0.1686 0.1686 0.1686
v -0.688617 -0.057671 -0.028471 0.0510 0.0510 0.0510
v -0.709785 -0.052968 -0.025755 0.2392 0.2392 0.2392
v -0.694144 -0.064648 -0.032499 0.0000 0.0000 0.0000
v -0.694144 -0.064648 -0.032499 0.0000 0.0000 0.0000
v -0.709785 -0.052968 -0.025755 0.2392 0.2392 0.2392
v -0.703440 -0.073961 -0.037876 0.0000 0.0000 0.0000
v -0.688876 -0.048817 -0.023359 0.3608 0.3608 0.3608
v -0.709785 -0.052968 -0.025755 0.2392 0.2392 0.2392
v -0.687404 -0.054558 -0.026673 0.1686 0.1686 0.1686
v -0.709785 -0.052968 -0.025755 0.2392 0.2392 0.2392
v -0.688876 -0.048817 -0.023359 0.3608 0.3608 0.3608
v -0.715317 -0.035034 -0.015402 0.7725 0.7725 0.7725
v -0.715317 -0.035034 -0.015402 0.7725 0.7725 0.7725
v -0.688876 -0.048817 -0.023359 0.3608 0.3608 0.3608
v -0.694550 -0.037258 -0.016686 0.7020 0.7020 0.7020
v -0.694550 -0.037258 -0.016686 0.7020 0.7020 0.7020
v -0.703198 -0.029872 -0.012421 0.9058 0.9058 0.9058
v -0.715317 -0.035034 -0.015402 0.7725 0.7725 0.7725
v -0.709785 0.052968 0.025755 0.2392 0.2392 0.2392
v -0.688617 0.057671 0.028471 0.0510 0.0510 0.0510
v -0.687404 0.054557 0.026674 0.1686 0.1686 0.1686
v -0.688617 0.057671 0.028471 0.0510 0.0510 0.0510
v -0.709785 0.052968 0.025755 0.2392 0.2392 0.2392
v -0.694144 0.064648 0.032499 0.0000 0.0000 0.0000
v -0.694144 0.064648 0.032499 0.0000 0.0000 0.0000
v -0.709785 0.052968 0.025755 0.2392 0.2392 0.2392
v -0.703440 0.073961 0.037876 0.0000 0.0000 0.0000
v -0.688876 0.048817 0.023359 0.3608 0.3608 0.3608
v -0.709785 0.052968 0.025755 0.2392 0.2392 0.2392
v -0.687404 0.054557 0.026674 0.1686 0.1686 0.1686
v -0.709785 0.052968 0.025755 0.2392 0.2392 0.2392
v -0.688876 0.048817 0.023359 0.3608 0.3608 0.3608
v -0.715317 0.035034 0.015402 0.7725 0.7725 0.7725
v -0.715317 0.035034 0.015402 0.7725 0.7725 0.7725
v -0.688876 0.048817 0.023359 0.3608 0.3608 0.3608
v -0.694550 0.037258 0.016686 0.7020 0.7020 0.7020
v -0.694550 0.037258 0.016686 0.7020 0.7020 0.7020
v -0.703198 0.029872 0.012422 0.9058 0.9058 0.9058
v -0.715317 0.035034 0.015402 0.7725 0.7725 0.7725
v -0.814241 -0.086002 0.058454 0.0000 0.0000 0.0000
v -0.787667 -0.064465 0.038388 0.1098 0.1098 0.1098
v -0.814241 -0.088345 0.055108 0.0000 0.0000 0.0000
v -0.787667 -0.064465 0.038388 0.1098 0.1098 0.1098
v -0.814241 -0.086002 0.058454 0.0000 0.0000 0.0000
v -0.787667 -0.062123 0.041732 0.1098 0.1098 0.1098
v -0.787667 -0.062123 0.041732 0.1098 0.1098 0.1098
v -0.752157 -0.035122 0.017841 0.7843 0.7843 0.7843
v -0.787667 -0.064465 0.038388 0.1098 0.1098 0.1098
v -0.752157 -0.035122 0.017841 0.7843 0.7843 0.7843
v -0.787667 -0.062123 0.041732 0.1098 0.1098 0.1098
v -0.752157 -0.032779 0.021186 0.7843 0.7843 0.7843
v -0.751339 0.032446 -0.021546 0.8666 0.8666 0.8666
v -0.786481 0.031658 -0.020994 0.7176 0.7176 0.7176
v -0.778543 0.052430 -0.035538 0.4745 0.4745 0.4745
v -0.786481 0.031658 -0.020994 0.7176 0.7176 0.7176
v -0.751339 0.032446 -0.021546 0.8666 0.8666 0.8666
v -0.767445 0.028025 -0.018450 0.8509 0.8509 0.8509
v -0.778543 0.052430 -0.035538 0.4745 0.4745 0.4745
v -0.786481 0.031658 -0.020994 0.7176 0.7176 0.7176
v -0.833953 0.055179 -0.037464 0.1294 0.1294 0.1294
v -0.833953 0.055179 -0.037464 0.1294 0.1294 0.1294
v -0.795665 0.063154 -0.043047 0.2235 0.2235 0.2235
v -0.778543 0.052430 -0.035538 0.4745 0.4745 0.4745
v -0.833953 0.055179 -0.037464 0.1294 0.1294 0.1294
v -0.820542 0.071497 -0.048889 0.0000 0.0000 0.0000
v -0.795665 0.063154 -0.043047 0.2235 0.2235 0.2235
v -0.820542 0.071497 -0.048889 0.0000 0.0000 0.0000
v -0.833953 0.055179 -0.037464 0.1294 0.1294 0.1294
v -0.860232 0.066729 -0.045552 0.0000 0.0000 0.0000
v -0.820542 0.071497 -0.048889 0.0000 0.0000 0.0000
v -0.860232 0.066729 -0.045552 0.0000 0.0000 0.0000
v -0.834169 0.073609 -0.050368 0.0000 0.0000 0.0000
v -0.834169 0.073609 -0.050368 0.0000 0.0000 0.0000
v -0.860232 0.066729 -0.045552 0.0000 0.0000 0.0000
v -0.856809 0.075483 -0.051680 0.0000 0.0000 0.0000
v -0.856809 0.075483 -0.051680 0.0000 0.0000 0.0000
v -0.860232 0.066729 -0.045552 0.0000 0.0000 0.0000
v -0.883024 0.075817 -0.051915 0.0000 0.0000 0.0000
v -0.787667 0.064465 -0.038388 0.1098 0.1098 0.1098
v -0.814241 0.086002 -0.058454 0.0000 0.0000 0.0000
v -0.787667 0.062123 -0.041732 0.1098 0.1098 0.1098
v -0.814241 0.086002 -0.058454 0.0000 0.0000 0.0000
v -0.787667 0.064465 -0.038388 0.1098 0.1098 0.1098
v -0.814241 0.088345 -0.055108 0.0000 0.0000 0.0000
v -0.787667 0.062123 -0.041732 0.1098 0.1098 0.1098
v -0.752157 0.035122 -0.017841 0.7843 0.7843 0.7843
v -0.787667 0.064465 -0.038388 0.1098 0.1098 0.1098
v -0.752157 0.035122 -0.017841 0.7843 0.7843 0.7843
v -0.787667 0.062123 -0.041732 0.1098 0.1098 0.1098
v -0.752157 0.032779 -0.021186 0.7843 0.7843 0.7843
v -0.787667 -0.062123 0.041732 0.1098 0.1098 0.1098
v -0.766980 -0.075312 0.050968 0.1098 0.1098 0.1098
v -0.759441 -0.068919 0.046492 0.2745 0.2745 0.2745
v -0.766980 -0.075312 0.050968 0.1098 0.1098 0.1098
v -0.787667 -0.062123 0.041732 0.1098 0.1098 0.1098
v -0.773153 -0.077733 0.052663 0.0078 0.0078 0.0078
v -0.773153 -0.077733 0.052663 0.0078 0.0078 0.0078
v -0.787667 -0.062123 0.041732 0.1098 0.1098 0.1098
v -0.789899 -0.081703 0.055442 0.0000 0.0000 0.0000
v -0.789899 -0.081703 0.055442 0.0000 0.0000 0.0000
v -0.787667 -0.062123 0.041732 0.1098 0.1098 0.1098
v -0.814241 -0.086002 0.058454 0.0000 0.0000 0.0000
v -0.787667 -0.062123 0.041732 0.1098 0.1098 0.1098
v -0.759441 -0.068919 0.046492 0.2745 0.2745 0.2745
v -0.747070 -0.054638 0.036491 0.5647 0.5647 0.5647
v -0.747070 -0.054638 0.036491 0.5647 0.5647 0.5647
v -0.752157 -0.032779 0.021186 0.7843 0.7843 0.7843
v -0.787667 -0.062123 0.041732 0.1098 0.1098 0.1098
v -0.752157 -0.032779 0.021186 0.7843 0.7843 0.7843
v -0.747070 -0.054638 0.036491 0.5647 0.5647 0.5647
v -0.735547 -0.032890 0.021264 0.9058 0.9058 0.9058
v -0.751339 -0.032446 0.021546 0.8666 0.8666 0.8666
v -0.786481 -0.031659 0.020995 0.7176 0.7176 0.7176
v -0.778543 -0.052430 0.035538 0.4745 0.4745 0.4745
v -0.786481 -0.031659 0.020995 0.7176 0.7176 0.7176
v -0.751339 -0.032446 0.021546 0.8666 0.8666 0.8666
v -0.767445 -0.028025 0.018450 0.8509 0.8509 0.8509
v -0.778543 -0.052430 0.035538 0.4745 0.4745 0.4745
v -0.786481 -0.031659 0.020995 0.7176 0.7176 0.7176
v -0.833953 -0.055179 0.037464 0.1294 0.1294 0.1294
v -0.833953 -0.055179 0.037464 0.1294 0.1294 0.1294
v -0.795665 -0.063154 0.043047 0.2235 0.2235 0.2235
v -0.778543 -0.052430 0.035538 0.4745 0.4745 0.4745
v -0.833953 -0.055179 0.037464 0.1294 0.1294 0.1294
v -0.820542 -0.071497 0.048889 0.0000 0.0000 0.0000
v -0.795665 -0.063154 0.043047 0.2235 0.2235 0.2235
v -0.820542 -0.071497 0.048889 0.0000 0.0000 0.0000
v -0.833953 -0.055179 0.037464 0.1294 0.1294 0.1294
v -0.860232 -0.066729 0.045552 0.0000 0.0000 0.0000
v -0.820542 -0.071497 0.048889 0.0000 0.0000 0.0000
v -0.860232 -0.066729 0.045552 0.0000 0.0000 0.0000
v -0.834169 -0.073609 0.050368 0.0000 0.0000 0.0000
v -0.834169 -0.073609 0.050368 0.0000 0.0000 0.0000
v -0.860232 -0.066729 0.045552 0.0000 0.0000 0.0000
v -0.856809 -0.075483 0.051680 0.0000 0.0000 0.0000
v -0.856809 -0.075483 0.051680 0.0000 0.0000 0.0000
v -0.860232 -0.066729 0.045552 0.0000 0.0000 0.0000
v -0.883024 -0.075817 0.051915 0.0000 0.0000 0.0000
v -0.778543 -0.055134 -0.031702 0.4745 0.4745 0.4745
v -0.786481 -0.033176 -0.019024 0.7176 0.7176 0.7176
v -0.751339 -0.034008 -0.019505 0.8666 0.8666 0.8666
v -0.751339 -0.034008 -0.019505 0.8666 0.8666 0.8666
v -0.786481 -0.033176 -0.019024 0.7176 0.7176 0.7176
v -0.767445 -0.029334 -0.016806 0.8509 0.8509 0.8509
v -0.786481 -0.033176 -0.019024 0.7176 0.7176 0.7176
v -0.778543 -0.055134 -0.031702 0.4745 0.4745 0.4745
v -0.833953 -0.058041 -0.033380 0.1294 0.1294 0.1294
v -0.795665 -0.066473 -0.038248 0.2235 0.2235 0.2235
v -0.833953 -0.058041 -0.033380 0.1294 0.1294 0.1294
v -0.778543 -0.055134 -0.031702 0.4745 0.4745 0.4745
v -0.833953 -0.058041 -0.033380 0.1294 0.1294 0.1294
v -0.795665 -0.066473 -0.038248 0.2235 0.2235 0.2235
v -0.820542 -0.075293 -0.043341 0.0000 0.0000 0.0000
v -0.820542 -0.075293 -0.043341 0.0000 0.0000 0.0000
v -0.860232 -0.070253 -0.040431 0.0000 0.0000 0.0000
v -0.833953 -0.058041 -0.033380 0.1294 0.1294 0.1294
v -0.860232 -0.070253 -0.040431 0.0000 0.0000 0.0000
v -0.820542 -0.075293 -0.043341 0.0000 0.0000 0.0000
v -0.834169 -0.077527 -0.044630 0.0000 0.0000 0.0000
v -0.860232 -0.070253 -0.040431 0.0000 0.0000 0.0000
v -0.834169 -0.077527 -0.044630 0.0000 0.0000 0.0000
v -0.856809 -0.079506 -0.045773 0.0000 0.0000 0.0000
v -0.856809 -0.079506 -0.045773 0.0000 0.0000 0.0000
v -0.883024 -0.079860 -0.045977 0.0000 0.0000 0.0000
v -0.860232 -0.070253 -0.040431 0.0000 0.0000 0.0000
v -0.694144 -0.063109 -0.035165 0.0000 0.0000 0.0000
v -0.709785 -0.051428 -0.028421 0.2392 0.2392 0.2392
v -0.688617 -0.056131 -0.031136 0.0510 0.0510 0.0510
v -0.703440 -0.072423 -0.040542 0.0000 0.0000 0.0000
v -0.709785 -0.051428 -0.028421 0.2392 0.2392 0.2392
v -0.694144 -0.063109 -0.035165 0.0000 0.0000 0.0000
v -0.709785 -0.051428 -0.028421 0.2392 0.2392 0.2392
v -0.687404 -0.053019 -0.029339 0.1686 0.1686 0.1686
v -0.688617 -0.056131 -0.031136 0.0510 0.0510 0.0510
v -0.709785 -0.051428 -0.028421 0.2392 0.2392 0.2392
v -0.688876 -0.047278 -0.026024 0.3608 0.3608 0.3608
v -0.687404 -0.053019 -0.029339 0.1686 0.1686 0.1686
v -0.715317 -0.033496 -0.018068 0.7725 0.7725 0.7725
v -0.688876 -0.047278 -0.026024 0.3608 0.3608 0.3608
v -0.709785 -0.051428 -0.028421 0.2392 0.2392 0.2392
v -0.688876 -0.047278 -0.026024 0.3608 0.3608 0.3608
v -0.715317 -0.033496 -0.018068 0.7725 0.7725 0.7725
v -0.694550 -0.035720 -0.019351 0.7020 0.7020 0.7020
v -0.694550 -0.035720 -0.019351 0.7020 0.7020 0.7020
v -0.715317 -0.033496 -0.018068 0.7725 0.7725 0.7725
v -0.703198 -0.028334 -0.015087 0.9058 0.9058 0.9058
v -0.746342 -0.056637 -0.031702 0.2510 0.2510 0.2510
v -0.711320 -0.042170 -0.023350 0.6628 0.6628 0.6628
v -0.715804 -0.058729 -0.032910 0.3059 0.3059 0.3059
v -0.719728 -0.066482 -0.037386 0.1020 0.1020 0.1020
v -0.746342 -0.056637 -0.031702 0.2510 0.2510 0.2510
v -0.715804 -0.058729 -0.032910 0.3059 0.3059 0.3059
v -0.746342 -0.056637 -0.031702 0.2510 0.2510 0.2510
v -0.719728 -0.066482 -0.037386 0.1020 0.1020 0.1020
v -0.724392 -0.069981 -0.039406 0.0039 0.0039 0.0039
v -0.746342 -0.056637 -0.031702 0.2510 0.2510 0.2510
v -0.724392 -0.069981 -0.039406 0.0039 0.0039 0.0039
v -0.738384 -0.076842 -0.043367 0.0000 0.0000 0.0000
v -0.738384 -0.076842 -0.043367 0.0000 0.0000 0.0000
v -0.759479 -0.085326 -0.048266 0.0000 0.0000 0.0000
v -0.746342 -0.056637 -0.031702 0.2510 0.2510 0.2510
v -0.711320 -0.042170 -0.023350 0.6628 0.6628 0.6628
v -0.746342 -0.056637 -0.031702 0.2510 0.2510 0.2510
v -0.735260 -0.032093 -0.017532 0.7921 0.7921 0.7921
v -0.711320 -0.042170 -0.023350 0.6628 0.6628 0.6628
v -0.735260 -0.032093 -0.017532 0.7921 0.7921 0.7921
v -0.714785 -0.029831 -0.016226 0.8902 0.8902 0.8902
v -0.787667 -0.065331 -0.037029 0.1098 0.1098 0.1098
v -0.814241 -0.090577 -0.051604 0.0000 0.0000 0.0000
v -0.787667 -0.067373 -0.033492 0.1098 0.1098 0.1098
v -0.814241 -0.092619 -0.048068 0.0000 0.0000 0.0000
v -0.787667 -0.067373 -0.033492 0.1098 0.1098 0.1098
v -0.814241 -0.090577 -0.051604 0.0000 0.0000 0.0000
v -0.752157 -0.036350 -0.015581 0.7843 0.7843 0.7843
v -0.787667 -0.065331 -0.037029 0.1098 0.1098 0.1098
v -0.787667 -0.067373 -0.033492 0.1098 0.1098 0.1098
v -0.752157 -0.034309 -0.019117 0.7843 0.7843 0.7843
v -0.787667 -0.065331 -0.037029 0.1098 0.1098 0.1098
v -0.752157 -0.036350 -0.015581 0.7843 0.7843 0.7843
v -0.759441 -0.072516 -0.041177 0.2745 0.2745 0.2745
v -0.787667 -0.065331 -0.037029 0.1098 0.1098 0.1098
v -0.747070 -0.057418 -0.032460 0.5647 0.5647 0.5647
v -0.766980 -0.079274 -0.045079 0.1098 0.1098 0.1098
v -0.787667 -0.065331 -0.037029 0.1098 0.1098 0.1098
v -0.759441 -0.072516 -0.041177 0.2745 0.2745 0.2745
v -0.787667 -0.065331 -0.037029 0.1098 0.1098 0.1098
v -0.766980 -0.079274 -0.045079 0.1098 0.1098 0.1098
v -0.773152 -0.081835 -0.046557 0.0078 0.0078 0.0078
v -0.787667 -0.065331 -0.037029 0.1098 0.1098 0.1098
v -0.773152 -0.081835 -0.046557 0.0078 0.0078 0.0078
v -0.789899 -0.086031 -0.048980 0.0000 0.0000 0.0000
v -0.787667 -0.065331 -0.037029 0.1098 0.1098 0.1098
v -0.789899 -0.086031 -0.048980 0.0000 0.0000 0.0000
v -0.814241 -0.090577 -0.051604 0.0000 0.0000 0.0000
v -0.747070 -0.057418 -0.032460 0.5647 0.5647 0.5647
v -0.787667 -0.065331 -0.037029 0.1098 0.1098 0.1098
v -0.752157 -0.034309 -0.019117 0.7843 0.7843 0.7843
v -0.747070 -0.057418 -0.032460 0.5647 0.5647 0.5647
v -0.752157 -0.034309 -0.019117 0.7843 0.7843 0.7843
v -0.735547 -0.034426 -0.019185 0.9058 0.9058 0.9058
v -0.694144 0.063109 0.035165 0.0000 0.0000 0.0000
v -0.709785 0.051428 0.028421 0.2392 0.2392 0.2392
v -0.688617 0.056131 0.031136 0.0510 0.0510 0.0510
v -0.703440 0.072423 0.040542 0.0000 0.0000 0.0000
v -0.709785 0.051428 0.028421 0.2392 0.2392 0.2392
v -0.694144 0.063109 0.035165 0.0000 0.0000 0.0000
v -0.709785 0.051428 0.028421 0.2392 0.2392 0.2392
v -0.687404 0.053019 0.029339 0.1686 0.1686 0.1686
v -0.688617 0.056131 0.031136 0.0510 0.0510 0.0510
v -0.709785 0.051428 0.028421 0.2392 0.2392 0.2392
v -0.688876 0.047278 0.026025 0.3608 0.3608 0.3608
v -0.687404 0.053019 0.029339 0.1686 0.1686 0.1686
v -0.715317 0.033496 0.018068 0.7725 0.7725 0.7725
v -0.688876 0.047278 0.026025 0.3608 0.3608 0.3608
v -0.709785 0.051428 0.028421 0.2392 0.2392 0.2392
v -0.688876 0.047278 0.026025 0.3608 0.3608 0.3608
v -0.715317 0.033496 0.018068 0.7725 0.7725 0.7725
v -0.694550 0.035720 0.019351 0.7020 0.7020 0.7020
v -0.694550 0.035720 0.019351 0.7020 0.7020 0.7020
v -0.715317 0.033496 0.018068 0.7725 0.7725 0.7725
v -0.703198 0.028334 0.015088 0.9058 0.9058 0.9058
v -0.746342 0.056637 0.031702 0.2510 0.2510 0.2510
v -0.711321 0.042170 0.023350 0.6628 0.6628 0.6628
v -0.715804 0.058730 0.032910 0.3059 0.3059 0.3059
v -0.719728 0.066482 0.037386 0.1020 0.1020 0.1020
v -0.746342 0.056637 0.031702 0.2510 0.2510 0.2510
v -0.715804 0.058730 0.032910 0.3059 0.3059 0.3059
v -0.746342 0.056637 0.031702 0.2510 0.2510 0.2510
v -0.719728 0.066482 0.037386 0.1020 0.1020 0.1020
v -0.724393 0.069981 0.039407 0.0039 0.0039 0.0039
v -0.746342 0.056637 0.031702 0.2510 0.2510 0.2510
v -0.724393 0.069981 0.039407 0.0039 0.0039 0.0039
v -0.738384 0.076842 0.043367 0.0000 0.0000 0.0000
v -0.738384 0.076842 0.043367 0.0000 0.0000 0.0000
v -0.759479 0.085326 0.048266 0.0000 0.0000 0.0000
v -0.746342 0.056637 0.031702 0.2510 0.2510 0.2510
v -0.711321 0.042170 0.023350 0.6628 0.6628 0.6628
v -0.746342 0.056637 0.031702 0.2510 0.2510 0.2510
v -0.735260 0.032093 0.017532 0.7921 0.7921 0.7921
v -0.711321 0.042170 0.023350 0.6628 0.6628 0.6628
v -0.735260 0.032093 0.017532 0.7921 0.7921 0.7921
v -0.714786 0.029831 0.016226 0.8902 0.8902 0.8902
v -0.814241 0.092619 0.048068 0.0000 0.0000 0.0000
v -0.787667 0.067373 0.033492 0.1098 0.1098 0.1098
v -0.814241 0.090577 0.051604 0.0000 0.0000 0.0000
v -0.814241 0.090577 0.051604 0.0000 0.0000 0.0000
v -0.787667 0.067373 0.033492 0.1098 0.1098 0.1098
v -0.787667 0.065331 0.037029 0.1098 0.1098 0.1098
v -0.787667 0.067373 0.033492 0.1098 0.1098 0.1098
v -0.752157 0.036350 0.015581 0.7843 0.7843 0.7843
v -0.787667 0.065331 0.037029 0.1098 0.1098 0.1098
v -0.752157 0.034309 0.019117 0.7843 0.7843 0.7843
v -0.787667 0.065331 0.037029 0.1098 0.1098 0.1098
v -0.752157 0.036350 0.015581 0.7843 0.7843 0.7843
v -0.759441 0.072516 0.041177 0.2745 0.2745 0.2745
v -0.787667 0.065331 0.037029 0.1098 0.1098 0.1098
v -0.747070 0.057418 0.032460 0.5647 0.5647 0.5647
v -0.766980 0.079274 0.045079 0.1098 0.1098 0.1098
v -0.787667 0.065331 0.037029 0.1098 0.1098 0.1098
v -0.759441 0.072516 0.041177 0.2745 0.2745 0.2745
v -0.787667 0.065331 0.037029 0.1098 0.1098 0.1098
v -0.766980 0.079274 0.045079 0.1098 0.1098 0.1098
v -0.773153 0.081835 0.046557 0.0078 0.0078 0.0078
v -0.787667 0.065331 0.037029 0.1098 0.1098 0.1098
v -0.773153 0.081835 0.046557 0.0078 0.0078 0.0078
v -0.789899 0.086031 0.048980 0.0000 0.0000 0.0000
v -0.787667 0.065331 0.037029 0.1098 0.1098 0.1098
v -0.789899 0.086031 0.048980 0.0000 0.0000 0.0000
v -0.814241 0.090577 0.051604 0.0000 0.0000 0.0000
v -0.747070 0.057418 0.032460 0.5647 0.5647 0.5647
v -0.787667 0.065331 0.037029 0.1098 0.1098 0.1098
v -0.752157 0.034309 0.019117 0.7843 0.7843 0.7843
v -0.747070 0.057418 0.032460 0.5647 0.5647 0.5647
v -0.752157 0.034309 0.019117 0.7843 0.7843 0.7843
v -0.735547 0.034426 0.019185 0.9058 0.9058 0.9058
v -0.778543 0.055134 0.031702 0.4745 0.4745 0.4745
v -0.786481 0.033176 0.019025 0.7176 0.7176 0.7176
v -0.751339 0.034008 0.019505 0.8666 0.8666 0.8666
v -0.751339 0.034008 0.019505 0.8666 0.8666 0.8666
v -0.786481 0.033176 0.019025 0.7176 0.7176 0.7176
v -0.767445 0.029334 0.016806 0.8509 0.8509 0.8509
v -0.786481 0.033176 0.019025 0.7176 0.7176 0.7176
v -0.778543 0.055134 0.031702 0.4745 0.4745 0.4745
v -0.833953 0.058041 0.033381 0.1294 0.1294 0.1294
v -0.795665 0.066473 0.038248 0.2235 0.2235 0.2235
v -0.833953 0.058041 0.033381 0.1294 0.1294 0.1294
v -0.778543 0.055134 0.031702 0.4745 0.4745 0.4745
v -0.833953 0.058041 0.033381 0.1294 0.1294 0.1294
v -0.795665 0.066473 0.038248 0.2235 0.2235 0.2235
v -0.820542 0.075293 0.043341 0.0000 0.0000 0.0000
v -0.820542 0.075293 0.043341 0.0000 0.0000 0.0000
v -0.860232 0.070253 0.040431 0.0000 0.0000 0.0000
v -0.833953 0.058041 0.033381 0.1294 0.1294 0.1294
v -0.860232 0.070253 0.040431 0.0000 0.0000 0.0000
v -0.820542 0.075293 0.043341 0.0000 0.0000 0.0000
v -0.834169 0.077527 0.044630 0.0000 0.0000 0.0000
v -0.860232 0.070253 0.040431 0.0000 0.0000 0.0000
v -0.834169 0.077527 0.044630 0.0000 0.0000 0.0000
v -0.856809 0.079506 0.045773 0.0000 0.0000 0.0000
v -0.856809 0.079506 0.045773 0.0000 0.0000 0.0000
v -0.883024 0.079860 0.045977 0.0000 0.0000 0.0000
v -0.860232 0.070253 0.040431 0.0000 0.0000 0.0000
v -0.709785 0.049023 -0.031946 0.2392 0.2392 0.2392
v -0.688617 0.053472 -0.035062 0.0510 0.0510 0.0510
v -0.687404 0.050527 -0.033000 0.1686 0.1686 0.1686
v -0.688617 0.053472 -0.035062 0.0510 0.0510 0.0510
v -0.709785 0.049023 -0.031946 0.2392 0.2392 0.2392
v -0.694144 0.060071 -0.039682 0.0000 0.0000 0.0000
v -0.694144 0.060071 -0.039682 0.0000 0.0000 0.0000
v -0.709785 0.049023 -0.031946 0.2392 0.2392 0.2392
v -0.703440 0.068881 -0.045851 0.0000 0.0000 0.0000
v -0.688876 0.045098 -0.029198 0.3608 0.3608 0.3608
v -0.709785 0.049023 -0.031946 0.2392 0.2392 0.2392
v -0.687404 0.050527 -0.033000 0.1686 0.1686 0.1686
v -0.709785 0.049023 -0.031946 0.2392 0.2392 0.2392
v -0.688876 0.045098 -0.029198 0.3608 0.3608 0.3608
v -0.715317 0.032061 -0.020069 0.7725 0.7725 0.7725
v -0.715317 0.032061 -0.020069 0.7725 0.7725 0.7725
v -0.688876 0.045098 -0.029198 0.3608 0.3608 0.3608
v -0.694550 0.034164 -0.021542 0.7020 0.7020 0.7020
v -0.694550 0.034164 -0.021542 0.7020 0.7020 0.7020
v -0.703198 0.027178 -0.016651 0.9058 0.9058 0.9058
v -0.715317 0.032061 -0.020069 0.7725 0.7725 0.7725
v -0.711320 0.040242 -0.026087 0.6628 0.6628 0.6628
v -0.735260 0.030711 -0.019414 0.7921 0.7921 0.7921
v -0.746342 0.053927 -0.035669 0.2510 0.2510 0.2510
v -0.735260 0.030711 -0.019414 0.7921 0.7921 0.7921
v -0.711320 0.040242 -0.026087 0.6628 0.6628 0.6628
v -0.714785 0.028570 -0.017915 0.8902 0.8902 0.8902
v -0.746342 0.053927 -0.035669 0.2510 0.2510 0.2510
v -0.715804 0.055905 -0.037055 0.3059 0.3059 0.3059
v -0.711320 0.040242 -0.026087 0.6628 0.6628 0.6628
v -0.746342 0.053927 -0.035669 0.2510 0.2510 0.2510
v -0.719728 0.063237 -0.042189 0.1020 0.1020 0.1020
v -0.715804 0.055905 -0.037055 0.3059 0.3059 0.3059
v -0.719728 0.063237 -0.042189 0.1020 0.1020 0.1020
v -0.746342 0.053927 -0.035669 0.2510 0.2510 0.2510
v -0.724392 0.066548 -0.044507 0.0039 0.0039 0.0039
v -0.724392 0.066548 -0.044507 0.0039 0.0039 0.0039
v -0.746342 0.053927 -0.035669 0.2510 0.2510 0.2510
v -0.738384 0.073037 -0.049051 0.0000 0.0000 0.0000
v -0.738384 0.073037 -0.049051 0.0000 0.0000 0.0000
v -0.746342 0.053927 -0.035669 0.2510 0.2510 0.2510
v -0.759479 0.081061 -0.054669 0.0000 0.0000 0.0000
v -0.787667 0.062123 -0.041732 0.1098 0.1098 0.1098
v -0.766980 0.075312 -0.050968 0.1098 0.1098 0.1098
v -0.759441 0.068919 -0.046492 0.2745 0.2745 0.2745
v -0.766980 0.075312 -0.050968 0.1098 0.1098 0.1098
v -0.787667 0.062123 -0.041732 0.1098 0.1098 0.1098
v -0.773152 0.077733 -0.052663 0.0078 0.0078 0.0078
v -0.773152 0.077733 -0.052663 0.0078 0.0078 0.0078
v -0.787667 0.062123 -0.041732 0.1098 0.1098 0.1098
v -0.789899 0.081702 -0.055443 0.0000 0.0000 0.0000
v -0.789899 0.081702 -0.055443 0.0000 0.0000 0.0000
v -0.787667 0.062123 -0.041732 0.1098 0.1098 0.1098
v -0.814241 0.086002 -0.058454 0.0000 0.0000 0.0000
v -0.787667 0.062123 -0.041732 0.1098 0.1098 0.1098
v -0.759441 0.068919 -0.046492 0.2745 0.2745 0.2745
v -0.747070 0.054637 -0.036491 0.5647 0.5647 0.5647
v -0.747070 0.054637 -0.036491 0.5647 0.5647 0.5647
v -0.752157 0.032779 -0.021186 0.7843 0.7843 0.7843
v -0.787667 0.062123 -0.041732 0.1098 0.1098 0.1098
v -0.752157 0.032779 -0.021186 0.7843 0.7843 0.7843
v -0.747070 0.054637 -0.036491 0.5647 0.5647 0.5647
v -0.735547 0.032890 -0.021264 0.9058 0.9058 0.9058
v -0.709785 -0.049024 0.031946 0.2392 0.2392 0.2392
v -0.688617 -0.053472 0.035062 0.0510 0.0510 0.0510
v -0.687404 -0.050527 0.033000 0.1686 0.1686 0.1686
v -0.688617 -0.053472 0.035062 0.0510 0.0510 0.0510
v -0.709785 -0.049024 0.031946 0.2392 0.2392 0.2392
v -0.694144 -0.060072 0.039683 0.0000 0.0000 0.0000
v -0.694144 -0.060072 0.039683 0.0000 0.0000 0.0000
v -0.709785 -0.049024 0.031946 0.2392 0.2392 0.2392
v -0.703440 -0.068881 0.045851 0.0000 0.0000 0.0000
v -0.688876 -0.045098 0.029198 0.3608 0.3608 0.3608
v -0.709785 -0.049024 0.031946 0.2392 0.2392 0.2392
v -0.687404 -0.050527 0.033000 0.1686 0.1686 0.1686
v -0.709785 -0.049024 0.031946 0.2392 0.2392 0.2392
v -0.688876 -0.045098 0.029198 0.3608 0.3608 0.3608
v -0.715317 -0.032061 0.020069 0.7725 0.7725 0.7725
v -0.715317 -0.032061 0.020069 0.7725 0.7725 0.7725
v -0.688876 -0.045098 0.029198 0.3608 0.3608 0.3608
v -0.694550 -0.034165 0.021542 0.7020 0.7020 0.7020
v -0.694550 -0.034165 0.021542 0.7020 0.7020 0.7020
v -0.703198 -0.027179 0.016651 0.9058 0.9058 0.9058
v -0.715317 -0.032061 0.020069 0.7725 0.7725 0.7725
v -0.711321 -0.040242 0.026087 0.6628 0.6628 0.6628
v -0.735260 -0.030711 0.019414 0.7921 0.7921 0.7921
v -0.746342 -0.053927 0.035669 0.2510 0.2510 0.2510
v -0.735260 -0.030711 0.019414 0.7921 0.7921 0.7921
v -0.711321 -0.040242 0.026087 0.6628 0.6628 0.6628
v -0.714786 -0.028571 0.017915 0.8902 0.8902 0.8902
v -0.746342 -0.053927 0.035669 0.2510 0.2510 0.2510
v -0.715804 -0.055905 0.037055 0.3059 0.3059 0.3059
v -0.711321 -0.040242 0.026087 0.6628 0.6628 0.6628
v -0.746342 -0.053927 0.035669 0.2510 0.2510 0.2510
v -0.719728 -0.063238 0.042190 0.1020 0.1020 0.1020
v -0.715804 -0.055905 0.037055 0.3059 0.3059 0.3059
v -0.719728 -0.063238 0.042190 0.1020 0.1020 0.1020
v -0.746342 -0.053927 0.035669 0.2510 0.2510 0.2510
v -0.724393 -0.066548 0.044507 0.0039 0.0039 0.0039
v -0.724393 -0.066548 0.044507 0.0039 0.0039 0.0039
v -0.746342 -0.053927 0.035669 0.2510 0.2510 0.2510
v -0.738384 -0.073037 0.049051 0.0000 0.0000 0.0000
v -0.738384 -0.073037 0.049051 0.0000 0.0000 0.0000
v -0.746342 -0.053927 0.035669 0.2510 0.2510 0.2510
v -0.759479 -0.081062 0.054669 0.0000 0.0000 0.0000
v -0.833953 0.058079 -0.033323 0.1294 0.1294 0.1294
v -0.860232 0.066729 -0.045552 0.0000 0.0000 0.0000
v -0.833953 0.055179 -0.037464 0.1294 0.1294 0.1294
v -0.860232 0.066729 -0.045552 0.0000 0.0000 0.0000
v -0.833953 0.058079 -0.033323 0.1294 0.1294 0.1294
v -0.860232 0.069629 -0.041410 0.0000 0.0000 0.0000
v -0.860232 0.069629 -0.041410 0.0000 0.0000 0.0000
v -0.883024 0.075817 -0.051915 0.0000 0.0000 0.0000
v -0.860232 0.066729 -0.045552 0.0000 0.0000 0.0000
v -0.883024 0.075817 -0.051915 0.0000 0.0000 0.0000
v -0.860232 0.069629 -0.041410 0.0000 0.0000 0.0000
v -0.883024 0.078716 -0.047773 0.0000 0.0000 0.0000
v -0.786481 0.034558 -0.016854 0.7176 0.7176 0.7176
v -0.833953 0.058079 -0.033323 0.1294 0.1294 0.1294
v -0.833953 0.055179 -0.037464 0.1294 0.1294 0.1294
v -0.833953 0.055179 -0.037464 0.1294 0.1294 0.1294
v -0.786481 0.031658 -0.020994 0.7176 0.7176 0.7176
v -0.786481 0.034558 -0.016854 0.7176 0.7176 0.7176
v -0.786481 0.031658 -0.020994 0.7176 0.7176 0.7176
v -0.767445 0.030925 -0.014309 0.8509 0.8509 0.8509
v -0.786481 0.034558 -0.016854 0.7176 0.7176 0.7176
v -0.767445 0.030925 -0.014309 0.8509 0.8509 0.8509
v -0.786481 0.031658 -0.020994 0.7176 0.7176 0.7176
v -0.767445 0.028025 -0.018450 0.8509 0.8509 0.8509
v -0.688876 -0.046863 0.026676 0.3608 0.3608 0.3608
v -0.694550 -0.035930 0.019020 0.7020 0.7020 0.7020
v -0.688876 -0.045098 0.029198 0.3608 0.3608 0.3608
v -0.694550 -0.034165 0.021542 0.7020 0.7020 0.7020
v -0.688876 -0.045098 0.029198 0.3608 0.3608 0.3608
v -0.694550 -0.035930 0.019020 0.7020 0.7020 0.7020
v -0.694550 -0.035930 0.019020 0.7020 0.7020 0.7020
v -0.703198 -0.028944 0.014129 0.9058 0.9058 0.9058
v -0.694550 -0.034165 0.021542 0.7020 0.7020 0.7020
v -0.703198 -0.027179 0.016651 0.9058 0.9058 0.9058
v -0.694550 -0.034165 0.021542 0.7020 0.7020 0.7020
v -0.703198 -0.028944 0.014129 0.9058 0.9058 0.9058
v -0.860232 -0.066729 0.045552 0.0000 0.0000 0.0000
v -0.833953 -0.058079 0.033323 0.1294 0.1294 0.1294
v -0.860232 -0.069629 0.041410 0.0000 0.0000 0.0000
v -0.860232 -0.069629 0.041410 0.0000 0.0000 0.0000
v -0.883024 -0.075817 0.051915 0.0000 0.0000 0.0000
v -0.860232 -0.066729 0.045552 0.0000 0.0000 0.0000
v -0.883024 -0.075817 0.051915 0.0000 0.0000 0.0000
v -0.860232 -0.069629 0.041410 0.0000 0.0000 0.0000
v -0.883024 -0.078717 0.047773 0.0000 0.0000 0.0000
v -0.833953 -0.058079 0.033323 0.1294 0.1294 0.1294
v -0.860232 -0.066729 0.045552 0.0000 0.0000 0.0000
v -0.833953 -0.055179 0.037464 0.1294 0.1294 0.1294
v -0.786481 -0.034558 0.016854 0.7176 0.7176 0.7176
v -0.833953 -0.058079 0.033323 0.1294 0.1294 0.1294
v -0.833953 -0.055179 0.037464 0.1294 0.1294 0.1294
v -0.833953 -0.055179 0.037464 0.1294 0.1294 0.1294
v -0.786481 -0.031659 0.020995 0.7176 0.7176 0.7176
v -0.786481 -0.034558 0.016854 0.7176 0.7176 0.7176
v -0.786481 -0.031659 0.020995 0.7176 0.7176 0.7176
v -0.767445 -0.030925 0.014309 0.8509 0.8509 0.8509
v -0.786481 -0.034558 0.016854 0.7176 0.7176 0.7176
v -0.767445 -0.030925 0.014309 0.8509 0.8509 0.8509
v -0.786481 -0.031659 0.020995 0.7176 0.7176 0.7176
v -0.767445 -0.028025 0.018450 0.8509 0.8509 0.8509
v -0.833953 -0.058041 -0.033380 0.1294 0.1294 0.1294
v -0.860232 -0.070253 -0.040431 0.0000 0.0000 0.0000
v -0.833953 -0.060569 -0.029003 0.1294 0.1294 0.1294
v -0.860232 -0.072780 -0.036053 0.0000 0.0000 0.0000
v -0.833953 -0.060569 -0.029003 0.1294 0.1294 0.1294
v -0.860232 -0.070253 -0.040431 0.0000 0.0000 0.0000
v -0.860232 -0.070253 -0.040431 0.0000 0.0000 0.0000
v -0.883024 -0.079860 -0.045977 0.0000 0.0000 0.0000
v -0.860232 -0.072780 -0.036053 0.0000 0.0000 0.0000
v -0.883024 -0.082388 -0.041600 0.0000 0.0000 0.0000
v -0.860232 -0.072780 -0.036053 0.0000 0.0000 0.0000
v -0.883024 -0.079860 -0.045977 0.0000 0.0000 0.0000
v -0.786481 -0.035703 -0.014646 0.7176 0.7176 0.7176
v -0.833953 -0.058041 -0.033380 0.1294 0.1294 0.1294
v -0.833953 -0.060569 -0.029003 0.1294 0.1294 0.1294
v -0.833953 -0.058041 -0.033380 0.1294 0.1294 0.1294
v -0.786481 -0.035703 -0.014646 0.7176 0.7176 0.7176
v -0.786481 -0.033176 -0.019024 0.7176 0.7176 0.7176
v -0.786481 -0.035703 -0.014646 0.7176 0.7176 0.7176
v -0.767445 -0.031861 -0.012428 0.8509 0.8509 0.8509
v -0.786481 -0.033176 -0.019024 0.7176 0.7176 0.7176
v -0.786481 -0.033176 -0.019024 0.7176 0.7176 0.7176
v -0.767445 -0.031861 -0.012428 0.8509 0.8509 0.8509
v -0.767445 -0.029334 -0.016806 0.8509 0.8509 0.8509
v -0.860232 0.070253 0.040431 0.0000 0.0000 0.0000
v -0.833953 0.060569 0.029003 0.1294 0.1294 0.1294
v -0.833953 0.058041 0.033381 0.1294 0.1294 0.1294
v -0.786481 0.035703 0.014646 0.7176 0.7176 0.7176
v -0.833953 0.058041 0.033381 0.1294 0.1294 0.1294
v -0.833953 0.060569 0.029003 0.1294 0.1294 0.1294
v -0.833953 0.060569 0.029003 0.1294 0.1294 0.1294
v -0.860232 0.070253 0.040431 0.0000 0.0000 0.0000
v -0.860232 0.072780 0.036053 0.0000 0.0000 0.0000
v -0.883024 0.079860 0.045977 0.0000 0.0000 0.0000
v -0.860232 0.072780 0.036053 0.0000 0.0000 0.0000
v -0.860232 0.070253 0.040431 0.0000 0.0000 0.0000
v -0.860232 0.072780 0.036053 0.0000 0.0000 0.0000
v -0.883024 0.079860 0.045977 0.0000 0.0000 0.0000
v -0.883024 0.082388 0.041600 0.0000 0.0000 0.0000
v -0.833953 0.058041 0.033381 0.1294 0.1294 0.1294
v -0.786481 0.035703 0.014646 0.7176 0.7176 0.7176
v -0.786481 0.033176 0.019025 0.7176 0.7176 0.7176
v -0.786481 0.035703 0.014646 0.7176 0.7176 0.7176
v -0.767445 0.031861 0.012428 0.8509 0.8509 0.8509
v -0.786481 0.033176 0.019025 0.7176 0.7176 0.7176
v -0.786481 0.033176 0.019025 0.7176 0.7176 0.7176
v -0.767445 0.031861 0.012428 0.8509 0.8509 0.8509
v -0.767445 0.029334 0.016806 0.8509 0.8509 0.8509
v -0.694550 0.035930 -0.019020 0.7020 0.7020 0.7020
v -0.688876 0.045098 -0.029198 0.3608 0.3608 0.3608
v -0.688876 0.046863 -0.026676 0.3608 0.3608 0.3608
v -0.688876 0.045098 -0.029198 0.3608 0.3608 0.3608
v -0.694550 0.035930 -0.019020 0.7020 0.7020 0.7020
v -0.694550 0.034164 -0.021542 0.7020 0.7020 0.7020
v -0.703198 0.028943 -0.014129 0.9058 0.9058 0.9058
v -0.694550 0.034164 -0.021542 0.7020 0.7020 0.7020
v -0.694550 0.035930 -0.019020 0.7020 0.7020 0.7020
v -0.694550 0.034164 -0.021542 0.7020 0.7020 0.7020
v -0.703198 0.028943 -0.014129 0.9058 0.9058 0.9058
v -0.703198 0.027178 -0.016651 0.9058 0.9058 0.9058
v -0.694550 -0.037258 -0.016686 0.7020 0.7020 0.7020
v -0.688876 -0.047278 -0.026024 0.3608 0.3608 0.3608
v -0.694550 -0.035720 -0.019351 0.7020 0.7020 0.7020
v -0.688876 -0.047278 -0.026024 0.3608 0.3608 0.3608
v -0.694550 -0.037258 -0.016686 0.7020 0.7020 0.7020
v -0.688876 -0.048817 -0.023359 0.3608 0.3608 0.3608
v -0.694550 -0.035720 -0.019351 0.7020 0.7020 0.7020
v -0.703198 -0.029872 -0.012421 0.9058 0.9058 0.9058
v -0.694550 -0.037258 -0.016686 0.7020 0.7020 0.7020
v -0.703198 -0.029872 -0.012421 0.9058 0.9058 0.9058
v -0.694550 -0.035720 -0.019351 0.7020 0.7020 0.7020
v -0.703198 -0.028334 -0.015087 0.9058 0.9058 0.9058
v -0.688876 0.047278 0.026025 0.3608 0.3608 0.3608
v -0.694550 0.037258 0.016686 0.7020 0.7020 0.7020
v -0.688876 0.048817 0.023359 0.3608 0.3608 0.3608
v -0.694550 0.037258 0.016686 0.7020 0.7020 0.7020
v -0.688876 0.047278 0.026025 0.3608 0.3608 0.3608
v -0.694550 0.035720 0.019351 0.7020 0.7020 0.7020
v -0.694550 0.035720 0.019351 0.7020 0.7020 0.7020
v -0.703198 0.029872 0.012422 0.9058 0.9058 0.9058
v -0.694550 0.037258 0.016686 0.7020 0.7020 0.7020
v -0.703198 0.029872 0.012422 0.9058 0.9058 0.9058
v -0.694550 0.035720 0.019351 0.7020 0.7020 0.7020
v -0.703198 0.028334 0.015088 0.9058 0.9058 0.9058
v -0.713226 0.022592 -0.011561 0.2980 0.2980 0.2980
v -0.692919 0.026537 -0.008084 0.1647 0.1647 0.1647
v -0.709579 0.031794 -0.011329 0.2353 0.2353 0.2353
v -0.709579 0.031794 -0.011329 0.2353 0.2353 0.2353
v -0.733516 0.026043 -0.013977 0.4275 0.4275 0.4275
v -0.713226 0.022592 -0.011561 0.2980 0.2980 0.2980
v -0.733516 0.026043 -0.013977 0.4275 0.4275 0.4275
v -0.709579 0.031794 -0.011329 0.2353 0.2353 0.2353
v -0.733273 0.034507 -0.013977 0.3961 0.3961 0.3961
v -0.692919 0.026537 -0.008084 0.1647 0.1647 0.1647
v -0.713226 0.022592 -0.011561 0.2980 0.2980 0.2980
v -0.698701 0.018571 -0.008745 0.2471 0.2471 0.2471
v -0.698701 0.018571 -0.008745 0.2471 0.2471 0.2471
v -0.657339 0.015226 -0.002031 0.1647 0.1647 0.1647
v -0.692919 0.026537 -0.008084 0.1647 0.1647 0.1647
v -0.657339 0.015226 -0.002031 0.1647 0.1647 0.1647
v -0.698701 0.018571 -0.008745 0.2471 0.2471 0.2471
v -0.662221 0.010930 -0.004292 0.2471 0.2471 0.2471
v -0.757758 0.033447 -0.013234 0.5725 0.5725 0.5725
v -0.733516 0.026043 -0.013977 0.4314 0.4314 0.4314
v -0.733273 0.034507 -0.013977 0.3961 0.3961 0.3961
v -0.757758 0.033447 -0.013234 0.5725 0.5725 0.5725
v -0.754818 0.025223 -0.013403 0.5804 0.5804 0.5804
v -0.733516 0.026043 -0.013977 0.4314 0.4314 0.4314
v -0.771997 0.033157 -0.013031 0.6706 0.6706 0.6706
v -0.754818 0.025223 -0.013403 0.5804 0.5804 0.5804
v -0.757758 0.033447 -0.013234 0.5725 0.5725 0.5725
v -0.771997 0.033157 -0.013031 0.6706 0.6706 0.6706
v -0.776004 0.025150 -0.013351 0.7216 0.7216 0.7216
v -0.754818 0.025223 -0.013403 0.5804 0.5804 0.5804
v -0.771997 0.033157 -0.013031 0.6706 0.6706 0.6706
v -0.798632 0.034507 -0.019903 0.8196 0.8196 0.8196
v -0.776004 0.025150 -0.013351 0.7216 0.7216 0.7216
v -0.798632 0.034507 -0.019903 0.8196 0.8196 0.8196
v -0.771997 0.033157 -0.013031 0.6706 0.6706 0.6706
v -0.796669 0.038531 -0.019751 0.7960 0.7960 0.7960
v -0.798632 0.034507 -0.019903 0.8196 0.8196 0.8196
v -0.796669 0.038531 -0.019751 0.7960 0.7960 0.7960
v -0.813617 0.045213 -0.027400 0.8627 0.8627 0.8627
v -0.713226 -0.022592 0.011561 0.2980 0.2980 0.2980
v -0.692919 -0.026538 0.008084 0.1647 0.1647 0.1647
v -0.709579 -0.031794 0.011330 0.2353 0.2353 0.2353
v -0.709579 -0.031794 0.011330 0.2353 0.2353 0.2353
v -0.733516 -0.026043 0.013977 0.4275 0.4275 0.4275
v -0.713226 -0.022592 0.011561 0.2980 0.2980 0.2980
v -0.733516 -0.026043 0.013977 0.4275 0.4275 0.4275
v -0.709579 -0.031794 0.011330 0.2353 0.2353 0.2353
v -0.733274 -0.034507 0.013977 0.3961 0.3961 0.3961
v -0.692919 -0.026538 0.008084 0.1647 0.1647 0.1647
v -0.713226 -0.022592 0.011561 0.2980 0.2980 0.2980
v -0.698701 -0.018572 0.008745 0.2471 0.2471 0.2471
v -0.698701 -0.018572 0.008745 0.2471 0.2471 0.2471
v -0.657339 -0.015226 0.002031 0.1647 0.1647 0.1647
v -0.692919 -0.026538 0.008084 0.1647 0.1647 0.1647
v -0.657339 -0.015226 0.002031 0.1647 0.1647 0.1647
v -0.698701 -0.018572 0.008745 0.2471 0.2471 0.2471
v -0.662221 -0.010930 0.004292 0.2471 0.2471 0.2471
v -0.757758 -0.033447 0.013234 0.5725 0.5725 0.5725
v -0.733516 -0.026043 0.013977 0.4314 0.4314 0.4314
v -0.733274 -0.034507 0.013977 0.3961 0.3961 0.3961
v -0.757758 -0.033447 0.013234 0.5725 0.5725 0.5725
v -0.754818 -0.025224 0.013403 0.5804 0.5804 0.5804
v -0.733516 -0.026043 0.013977 0.4314 0.4314 0.4314
v -0.771997 -0.033158 0.013031 0.6706 0.6706 0.6706
v -0.754818 -0.025224 0.013403 0.5804 0.5804 0.5804
v -0.757758 -0.033447 0.013234 0.5725 0.5725 0.5725
v -0.771997 -0.033158 0.013031 0.6706 0.6706 0.6706
v -0.776004 -0.025150 0.013351 0.7216 0.7216 0.7216
v -0.754818 -0.025224 0.013403 0.5804 0.5804 0.5804
v -0.771997 -0.033158 0.013031 0.6706 0.6706 0.6706
v -0.798633 -0.034507 0.019903 0.8196 0.8196 0.8196
v -0.776004 -0.025150 0.013351 0.7216 0.7216 0.7216
v -0.798633 -0.034507 0.019903 0.8196 0.8196 0.8196
v -0.771997 -0.033158 0.013031 0.6706 0.6706 0.6706
v -0.796670 -0.038531 0.019751 0.7960 0.7960 0.7960
v -0.798633 -0.034507 0.019903 0.8196 0.8196 0.8196
v -0.796670 -0.038531 0.019751 0.7960 0.7960 0.7960
v -0.813617 -0.045213 0.027400 0.8627 0.8627 0.8627
v -0.713226 -0.023321 -0.010416 0.2980 0.2980 0.2980
v -0.709579 -0.032467 -0.009384 0.2353 0.2353 0.2353
v -0.692919 -0.026948 -0.006610 0.1647 0.1647 0.1647
v -0.709579 -0.032467 -0.009384 0.2353 0.2353 0.2353
v -0.713226 -0.023321 -0.010416 0.2980 0.2980 0.2980
v -0.733516 -0.026970 -0.012522 0.4275 0.4275 0.4275
v -0.733516 -0.026970 -0.012522 0.4275 0.4275 0.4275
v -0.733273 -0.035401 -0.011784 0.3961 0.3961 0.3961
v -0.709579 -0.032467 -0.009384 0.2353 0.2353 0.2353
v -0.692919 -0.026948 -0.006610 0.1647 0.1647 0.1647
v -0.698701 -0.019070 -0.007962 0.2471 0.2471 0.2471
v -0.713226 -0.023321 -0.010416 0.2980 0.2980 0.2980
v -0.657339 -0.015193 -0.001382 0.1647 0.1647 0.1647
v -0.698701 -0.019070 -0.007962 0.2471 0.2471 0.2471
v -0.692919 -0.026948 -0.006610 0.1647 0.1647 0.1647
v -0.698701 -0.019070 -0.007962 0.2471 0.2471 0.2471
v -0.657339 -0.015193 -0.001382 0.1647 0.1647 0.1647
v -0.662221 -0.011110 -0.004009 0.2471 0.2471 0.2471
v -0.733516 -0.026970 -0.012522 0.4314 0.4314 0.4314
v -0.757758 -0.034281 -0.011138 0.5725 0.5725 0.5725
v -0.733273 -0.035401 -0.011784 0.3961 0.3961 0.3961
v -0.757758 -0.034281 -0.011138 0.5725 0.5725 0.5725
v -0.733516 -0.026970 -0.012522 0.4314 0.4314 0.4314
v -0.754818 -0.026103 -0.012022 0.5804 0.5804 0.5804
v -0.754818 -0.026103 -0.012022 0.5804 0.5804 0.5804
v -0.771997 -0.033974 -0.010961 0.6706 0.6706 0.6706
v -0.757758 -0.034281 -0.011138 0.5725 0.5725 0.5725
v -0.771997 -0.033974 -0.010961 0.6706 0.6706 0.6706
v -0.754818 -0.026103 -0.012022 0.5804 0.5804 0.5804
v -0.776004 -0.026025 -0.011977 0.7216 0.7216 0.7216
v -0.776004 -0.026025 -0.011977 0.7216 0.7216 0.7216
v -0.798632 -0.035917 -0.017689 0.8196 0.8196 0.8196
v -0.771997 -0.033974 -0.010961 0.6706 0.6706 0.6706
v -0.796669 -0.039913 -0.017185 0.7960 0.7960 0.7960
v -0.771997 -0.033974 -0.010961 0.6706 0.6706 0.6706
v -0.798632 -0.035917 -0.017689 0.8196 0.8196 0.8196
v -0.796669 -0.039913 -0.017185 0.7960 0.7960 0.7960
v -0.798632 -0.035917 -0.017689 0.8196 0.8196 0.8196
v -0.813617 -0.047236 -0.024223 0.8627 0.8627 0.8627
v -0.713226 0.023321 0.010416 0.2980 0.2980 0.2980
v -0.709579 0.032467 0.009384 0.2353 0.2353 0.2353
v -0.692919 0.026948 0.006610 0.1647 0.1647 0.1647
v -0.709579 0.032467 0.009384 0.2353 0.2353 0.2353
v -0.713226 0.023321 0.010416 0.2980 0.2980 0.2980
v -0.733516 0.026970 0.012522 0.4275 0.4275 0.4275
v -0.733516 0.026970 0.012522 0.4275 0.4275 0.4275
v -0.733273 0.035401 0.011785 0.3961 0.3961 0.3961
v -0.709579 0.032467 0.009384 0.2353 0.2353 0.2353
v -0.692919 0.026948 0.006610 0.1647 0.1647 0.1647
v -0.698701 0.019070 0.007962 0.2471 0.2471 0.2471
v -0.713226 0.023321 0.010416 0.2980 0.2980 0.2980
v -0.657339 0.015193 0.001382 0.1647 0.1647 0.1647
v -0.698701 0.019070 0.007962 0.2471 0.2471 0.2471
v -0.692919 0.026948 0.006610 0.1647 0.1647 0.1647
v -0.698701 0.019070 0.007962 0.2471 0.2471 0.2471
v -0.657339 0.015193 0.001382 0.1647 0.1647 0.1647
v -0.662221 0.011110 0.004009 0.2471 0.2471 0.2471
v -0.733516 0.026970 0.012522 0.4314 0.4314 0.4314
v -0.757758 0.034281 0.011138 0.5725 0.5725 0.5725
v -0.733273 0.035401 0.011785 0.3961 0.3961 0.3961
v -0.757758 0.034281 0.011138 0.5725 0.5725 0.5725
v -0.733516 0.026970 0.012522 0.4314 0.4314 0.4314
v -0.754818 0.026103 0.012022 0.5804 0.5804 0.5804
v -0.754818 0.026103 0.012022 0.5804 0.5804 0.5804
v -0.771997 0.033974 0.010961 0.6706 0.6706 0.6706
v -0.757758 0.034281 0.011138 0.5725 0.5725 0.5725
v -0.771997 0.033974 0.010961 0.6706 0.6706 0.6706
v -0.754818 0.026103 0.012022 0.5804 0.5804 0.5804
v -0.776004 0.026025 0.011977 0.7216 0.7216 0.7216
v -0.776004 0.026025 0.011977 0.7216 0.7216 0.7216
v -0.798633 0.035917 0.017689 0.8196 0.8196 0.8196
v -0.771997 0.033974 0.010961 0.6706 0.6706 0.6706
v -0.796670 0.039913 0.017186 0.7960 0.7960 0.7960
v -0.771997 0.033974 0.010961 0.6706 0.6706 0.6706
v -0.798633 0.035917 0.017689 0.8196 0.8196 0.8196
v -0.796670 0.039913 0.017186 0.7960 0.7960 0.7960
v -0.798633 0.035917 0.017689 0.8196 0.8196 0.8196
v -0.813617 0.047236 0.024223 0.8627 0.8627 0.8627
v -0.709579 0.025522 -0.020286 0.2353 0.2353 0.2353
v -0.692919 0.020675 -0.016456 0.1647 0.1647 0.1647
v -0.713226 0.022592 -0.011561 0.2980 0.2980 0.2980
v -0.709579 0.025522 -0.020286 0.2353 0.2353 0.2353
v -0.713226 0.022592 -0.011561 0.2980 0.2980 0.2980
v -0.733516 0.026043 -0.013977 0.4275 0.4275 0.4275
v -0.733273 0.028937 -0.021930 0.3961 0.3961 0.3961
v -0.709579 0.025522 -0.020286 0.2353 0.2353 0.2353
v -0.733516 0.026043 -0.013977 0.4275 0.4275 0.4275
v -0.692919 0.020675 -0.016456 0.1647 0.1647 0.1647
v -0.698701 0.018571 -0.008745 0.2471 0.2471 0.2471
v -0.713226 0.022592 -0.011561 0.2980 0.2980 0.2980
v -0.692919 0.020675 -0.016456 0.1647 0.1647 0.1647
v -0.662221 0.010930 -0.004292 0.2471 0.2471 0.2471
v -0.698701 0.018571 -0.008745 0.2471 0.2471 0.2471
v -0.662221 0.010930 -0.004292 0.2471 0.2471 0.2471
v -0.692919 0.020675 -0.016456 0.1647 0.1647 0.1647
v -0.657339 0.010276 -0.009102 0.1647 0.1647 0.1647
v -0.754818 0.025223 -0.013403 0.5804 0.5804 0.5804
v -0.733273 0.028937 -0.021930 0.3961 0.3961 0.3961
v -0.733516 0.026043 -0.013977 0.4314 0.4314 0.4314
v -0.754818 0.025223 -0.013403 0.5804 0.5804 0.5804
v -0.757758 0.027877 -0.021188 0.5725 0.5725 0.5725
v -0.733273 0.028937 -0.021930 0.3961 0.3961 0.3961
v -0.754818 0.025223 -0.013403 0.5804 0.5804 0.5804
v -0.771997 0.027588 -0.020985 0.6706 0.6706 0.6706
v -0.757758 0.027877 -0.021188 0.5725 0.5725 0.5725
v -0.771997 0.027588 -0.020985 0.6706 0.6706 0.6706
v -0.754818 0.025223 -0.013403 0.5804 0.5804 0.5804
v -0.776004 0.025150 -0.013351 0.7216 0.7216 0.7216
v -0.771997 0.027588 -0.020985 0.6706 0.6706 0.6706
v -0.776004 0.025150 -0.013351 0.7216 0.7216 0.7216
v -0.798632 0.034507 -0.019903 0.8196 0.8196 0.8196
v -0.796669 0.035739 -0.023737 0.7960 0.7960 0.7960
v -0.771997 0.027588 -0.020985 0.6706 0.6706 0.6706
v -0.798632 0.034507 -0.019903 0.8196 0.8196 0.8196
v -0.796669 0.035739 -0.023737 0.7960 0.7960 0.7960
v -0.798632 0.034507 -0.019903 0.8196 0.8196 0.8196
v -0.813617 0.045213 -0.027400 0.8627 0.8627 0.8627
v -0.709579 -0.025522 0.020286 0.2353 0.2353 0.2353
v -0.692919 -0.020675 0.016456 0.1647 0.1647 0.1647
v -0.713226 -0.022592 0.011561 0.2980 0.2980 0.2980
v -0.709579 -0.025522 0.020286 0.2353 0.2353 0.2353
v -0.713226 -0.022592 0.011561 0.2980 0.2980 0.2980
v -0.733516 -0.026043 0.013977 0.4275 0.4275 0.4275
v -0.733273 -0.028937 0.021930 0.3961 0.3961 0.3961
v -0.709579 -0.025522 0.020286 0.2353 0.2353 0.2353
v -0.733516 -0.026043 0.013977 0.4275 0.4275 0.4275
v -0.692919 -0.020675 0.016456 0.1647 0.1647 0.1647
v -0.698701 -0.018572 0.008745 0.2471 0.2471 0.2471
v -0.713226 -0.022592 0.011561 0.2980 0.2980 0.2980
v -0.692919 -0.020675 0.016456 0.1647 0.1647 0.1647
v -0.662221 -0.010930 0.004292 0.2471 0.2471 0.2471
v -0.698701 -0.018572 0.008745 0.2471 0.2471 0.2471
v -0.662221 -0.010930 0.004292 0.2471 0.2471 0.2471
v -0.692919 -0.020675 0.016456 0.1647 0.1647 0.1647
v -0.657339 -0.010276 0.009102 0.1647 0.1647 0.1647
v -0.754818 -0.025224 0.013403 0.5804 0.5804 0.5804
v -0.733273 -0.028937 0.021930 0.3961 0.3961 0.3961
v -0.733516 -0.026043 0.013977 0.4314 0.4314 0.4314
v -0.754818 -0.025224 0.013403 0.5804 0.5804 0.5804
v -0.757758 -0.027878 0.021188 0.5725 0.5725 0.5725
v -0.733273 -0.028937 0.021930 0.3961 0.3961 0.3961
v -0.754818 -0.025224 0.013403 0.5804 0.5804 0.5804
v -0.771997 -0.027588 0.020985 0.6706 0.6706 0.6706
v -0.757758 -0.027878 0.021188 0.5725 0.5725 0.5725
v -0.771997 -0.027588 0.020985 0.6706 0.6706 0.6706
v -0.754818 -0.025224 0.013403 0.5804 0.5804 0.5804
v -0.776004 -0.025150 0.013351 0.7216 0.7216 0.7216
v -0.771997 -0.027588 0.020985 0.6706 0.6706 0.6706
v -0.776004 -0.025150 0.013351 0.7216 0.7216 0.7216
v -0.798633 -0.034507 0.019903 0.8196 0.8196 0.8196
v -0.796670 -0.035740 0.023737 0.7960 0.7960 0.7960
v -0.771997 -0.027588 0.020985 0.6706 0.6706 0.6706
v -0.798633 -0.034507 0.019903 0.8196 0.8196 0.8196
v -0.796670 -0.035740 0.023737 0.7960 0.7960 0.7960
v -0.798633 -0.034507 0.019903 0.8196 0.8196 0.8196
v -0.813617 -0.045213 0.027400 0.8627 0.8627 0.8627
v -0.713226 -0.023321 -0.010416 0.2980 0.2980 0.2980
v -0.692919 -0.021838 -0.015461 0.1647 0.1647 0.1647
v -0.709579 -0.027000 -0.018853 0.2353 0.2353 0.2353
v -0.709579 -0.027000 -0.018853 0.2353 0.2353 0.2353
v -0.733516 -0.026970 -0.012522 0.4275 0.4275 0.4275
v -0.713226 -0.023321 -0.010416 0.2980 0.2980 0.2980
v -0.733516 -0.026970 -0.012522 0.4275 0.4275 0.4275
v -0.709579 -0.027000 -0.018853 0.2353 0.2353 0.2353
v -0.733273 -0.030546 -0.020193 0.3961 0.3961 0.3961
v -0.692919 -0.021838 -0.015461 0.1647 0.1647 0.1647
v -0.713226 -0.023321 -0.010416 0.2980 0.2980 0.2980
v -0.698701 -0.019070 -0.007962 0.2471 0.2471 0.2471
v -0.698701 -0.019070 -0.007962 0.2471 0.2471 0.2471
v -0.662221 -0.011110 -0.004009 0.2471 0.2471 0.2471
v -0.692919 -0.021838 -0.015461 0.1647 0.1647 0.1647
v -0.657339 -0.010877 -0.008857 0.1647 0.1647 0.1647
v -0.692919 -0.021838 -0.015461 0.1647 0.1647 0.1647
v -0.662221 -0.011110 -0.004009 0.2471 0.2471 0.2471
v -0.733273 -0.030546 -0.020193 0.3961 0.3961 0.3961
v -0.754818 -0.026103 -0.012022 0.5804 0.5804 0.5804
v -0.733516 -0.026970 -0.012522 0.4314 0.4314 0.4314
v -0.754818 -0.026103 -0.012022 0.5804 0.5804 0.5804
v -0.733273 -0.030546 -0.020193 0.3961 0.3961 0.3961
v -0.757758 -0.029426 -0.019546 0.5725 0.5725 0.5725
v -0.771997 -0.029119 -0.019369 0.6706 0.6706 0.6706
v -0.754818 -0.026103 -0.012022 0.5804 0.5804 0.5804
v -0.757758 -0.029426 -0.019546 0.5725 0.5725 0.5725
v -0.771997 -0.029119 -0.019369 0.6706 0.6706 0.6706
v -0.776004 -0.026025 -0.011977 0.7216 0.7216 0.7216
v -0.754818 -0.026103 -0.012022 0.5804 0.5804 0.5804
v -0.771997 -0.029119 -0.019369 0.6706 0.6706 0.6706
v -0.798632 -0.035917 -0.017689 0.8196 0.8196 0.8196
v -0.776004 -0.026025 -0.011977 0.7216 0.7216 0.7216
v -0.798632 -0.035917 -0.017689 0.8196 0.8196 0.8196
v -0.771997 -0.029119 -0.019369 0.6706 0.6706 0.6706
v -0.796669 -0.037480 -0.021400 0.7960 0.7960 0.7960
v -0.798632 -0.035917 -0.017689 0.8196 0.8196 0.8196
v -0.796669 -0.037480 -0.021400 0.7960 0.7960 0.7960
v -0.813617 -0.047236 -0.024223 0.8627 0.8627 0.8627
v -0.713226 0.023321 0.010416 0.2980 0.2980 0.2980
v -0.692919 0.021838 0.015461 0.1647 0.1647 0.1647
v -0.709579 0.027000 0.018854 0.2353 0.2353 0.2353
v -0.709579 0.027000 0.018854 0.2353 0.2353 0.2353
v -0.733516 0.026970 0.012522 0.4275 0.4275 0.4275
v -0.713226 0.023321 0.010416 0.2980 0.2980 0.2980
v -0.733516 0.026970 0.012522 0.4275 0.4275 0.4275
v -0.709579 0.027000 0.018854 0.2353 0.2353 0.2353
v -0.733274 0.030546 0.020193 0.3961 0.3961 0.3961
v -0.692919 0.021838 0.015461 0.1647 0.1647 0.1647
v -0.713226 0.023321 0.010416 0.2980 0.2980 0.2980
v -0.698701 0.019070 0.007962 0.2471 0.2471 0.2471
v -0.698701 0.019070 0.007962 0.2471 0.2471 0.2471
v -0.662221 0.011110 0.004009 0.2471 0.2471 0.2471
v -0.692919 0.021838 0.015461 0.1647 0.1647 0.1647
v -0.657339 0.010877 0.008857 0.1647 0.1647 0.1647
v -0.692919 0.021838 0.015461 0.1647 0.1647 0.1647
v -0.662221 0.011110 0.004009 0.2471 0.2471 0.2471
v -0.733274 0.030546 0.020193 0.3961 0.3961 0.3961
v -0.754818 0.026103 0.012022 0.5804 0.5804 0.5804
v -0.733516 0.026970 0.012522 0.4314 0.4314 0.4314
v -0.754818 0.026103 0.012022 0.5804 0.5804 0.5804
v -0.733274 0.030546 0.020193 0.3961 0.3961 0.3961
v -0.757758 0.029426 0.019547 0.5725 0.5725 0.5725
v -0.771997 0.029119 0.019370 0.6706 0.6706 0.6706
v -0.754818 0.026103 0.012022 0.5804 0.5804 0.5804
v -0.757758 0.029426 0.019547 0.5725 0.5725 0.5725
v -0.771997 0.029119 0.019370 0.6706 0.6706 0.6706
v -0.776004 0.026025 0.011977 0.7216 0.7216 0.7216
v -0.754818 0.026103 0.012022 0.5804 0.5804 0.5804
v -0.771997 0.029119 0.019370 0.6706 0.6706 0.6706
v -0.798633 0.035917 0.017689 0.8196 0.8196 0.8196
v -0.776004 0.026025 0.011977 0.7216 0.7216 0.7216
v -0.798633 0.035917 0.017689 0.8196 0.8196 0.8196
v -0.771997 0.029119 0.019370 0.6706 0.6706 0.6706
v -0.796670 0.037480 0.021400 0.7960 0.7960 0.7960
v -0.798633 0.035917 0.017689 0.8196 0.8196 0.8196
v -0.796670 0.037480 0.021400 0.7960 0.7960 0.7960
v -0.813617 0.047236 0.024223 0.8627 0.8627 0.8627
v -0.715317 0.032061 -0.020069 0.7764 0.7764 0.7764
v -0.703198 0.027178 -0.016651 0.9058 0.9058 0.9058
v -0.703198 0.028943 -0.014129 0.9058 0.9058 0.9058
v -0.715317 0.032061 -0.020069 0.7764 0.7764 0.7764
v -0.703198 0.028943 -0.014129 0.9058 0.9058 0.9058
v -0.715317 0.033827 -0.017548 0.7764 0.7764 0.7764
v -0.714785 0.030609 -0.015005 0.8902 0.8902 0.8902
v -0.735260 0.032749 -0.016504 0.7921 0.7921 0.7921
v -0.735260 0.030711 -0.019414 0.7921 0.7921 0.7921
v -0.735260 0.030711 -0.019414 0.7921 0.7921 0.7921
v -0.714785 0.028570 -0.017915 0.8902 0.8902 0.8902
v -0.714785 0.030609 -0.015005 0.8902 0.8902 0.8902
v -0.703198 -0.028944 0.014129 0.9058 0.9058 0.9058
v -0.715317 -0.033827 0.017548 0.7764 0.7764 0.7764
v -0.715317 -0.032061 0.020069 0.7764 0.7764 0.7764
v -0.715317 -0.032061 0.020069 0.7764 0.7764 0.7764
v -0.703198 -0.027179 0.016651 0.9058 0.9058 0.9058
v -0.703198 -0.028944 0.014129 0.9058 0.9058 0.9058
v -0.714786 -0.030609 0.015005 0.8902 0.8902 0.8902
v -0.735260 -0.032749 0.016504 0.7921 0.7921 0.7921
v -0.735260 -0.030711 0.019414 0.7921 0.7921 0.7921
v -0.735260 -0.030711 0.019414 0.7921 0.7921 0.7921
v -0.714786 -0.028571 0.017915 0.8902 0.8902 0.8902
v -0.714786 -0.030609 0.015005 0.8902 0.8902 0.8902
v -0.703198 -0.029872 -0.012421 0.9058 0.9058 0.9058
v -0.715317 -0.033496 -0.018068 0.7764 0.7764 0.7764
v -0.715317 -0.035034 -0.015402 0.7764 0.7764 0.7764
v -0.715317 -0.033496 -0.018068 0.7764 0.7764 0.7764
v -0.703198 -0.029872 -0.012421 0.9058 0.9058 0.9058
v -0.703198 -0.028334 -0.015087 0.9058 0.9058 0.9058
v -0.714785 -0.031607 -0.013149 0.8902 0.8902 0.8902
v -0.735260 -0.032093 -0.017532 0.7921 0.7921 0.7921
v -0.735260 -0.033870 -0.014455 0.7921 0.7921 0.7921
v -0.735260 -0.032093 -0.017532 0.7921 0.7921 0.7921
v -0.714785 -0.031607 -0.013149 0.8902 0.8902 0.8902
v -0.714785 -0.029831 -0.016226 0.8902 0.8902 0.8902
v -0.715317 0.033496 0.018068 0.7764 0.7764 0.7764
v -0.703198 0.029872 0.012422 0.9058 0.9058 0.9058
v -0.703198 0.028334 0.015088 0.9058 0.9058 0.9058
v -0.703198 0.029872 0.012422 0.9058 0.9058 0.9058
v -0.715317 0.033496 0.018068 0.7764 0.7764 0.7764
v -0.715317 0.035034 0.015402 0.7764 0.7764 0.7764
v -0.714786 0.031607 0.013149 0.8902 0.8902 0.8902
v -0.735260 0.032093 0.017532 0.7921 0.7921 0.7921
v -0.735260 0.033870 0.014455 0.7921 0.7921 0.7921
v -0.735260 0.032093 0.017532 0.7921 0.7921 0.7921
v -0.714786 0.031607 0.013149 0.8902 0.8902 0.8902
v -0.714786 0.029831 0.016226 0.8902 0.8902 0.8902
v -0.752157 0.035122 -0.017841 0.7882 0.7882 0.7882
v -0.735547 0.032890 -0.021264 0.9058 0.9058 0.9058
v -0.735547 0.035233 -0.017918 0.9058 0.9058 0.9058
v -0.735547 0.032890 -0.021264 0.9058 0.9058 0.9058
v -0.752157 0.035122 -0.017841 0.7882 0.7882 0.7882
v -0.752157 0.032779 -0.021186 0.7882 0.7882 0.7882
v -0.752157 -0.035122 0.017841 0.7882 0.7882 0.7882
v -0.735547 -0.032890 0.021264 0.9058 0.9058 0.9058
v -0.735547 -0.035233 0.017918 0.9058 0.9058 0.9058
v -0.735547 -0.032890 0.021264 0.9058 0.9058 0.9058
v -0.752157 -0.035122 0.017841 0.7882 0.7882 0.7882
v -0.752157 -0.032779 0.021186 0.7882 0.7882 0.7882
v -0.735547 -0.034426 -0.019185 0.9058 0.9058 0.9058
v -0.752157 -0.034309 -0.019117 0.7882 0.7882 0.7882
v -0.752157 -0.036350 -0.015581 0.7882 0.7882 0.7882
v -0.752157 -0.036350 -0.015581 0.7882 0.7882 0.7882
v -0.735547 -0.036468 -0.015648 0.9058 0.9058 0.9058
v -0.735547 -0.034426 -0.019185 0.9058 0.9058 0.9058
v -0.735547 0.034426 0.019185 0.9058 0.9058 0.9058
v -0.752157 0.034309 0.019117 0.7882 0.7882 0.7882
v -0.752157 0.036350 0.015581 0.7882 0.7882 0.7882
v -0.752157 0.036350 0.015581 0.7882 0.7882 0.7882
v -0.735547 0.036468 0.015648 0.9058 0.9058 0.9058
v -0.735547 0.034426 0.019185 0.9058 0.9058 0.9058
v -0.767445 0.030925 -0.014309 0.8509 0.8509 0.8509
v -0.751339 0.032446 -0.021546 0.8666 0.8666 0.8666
v -0.751339 0.035346 -0.017405 0.8666 0.8666 0.8666
v -0.751339 0.032446 -0.021546 0.8666 0.8666 0.8666
v -0.767445 0.030925 -0.014309 0.8509 0.8509 0.8509
v -0.767445 0.028025 -0.018450 0.8509 0.8509 0.8509
v -0.767445 -0.028025 0.018450 0.8509 0.8509 0.8509
v -0.751339 -0.032446 0.021546 0.8666 0.8666 0.8666
v -0.767445 -0.030925 0.014309 0.8509 0.8509 0.8509
v -0.751339 -0.032446 0.021546 0.8666 0.8666 0.8666
v -0.751339 -0.035346 0.017405 0.8666 0.8666 0.8666
v -0.767445 -0.030925 0.014309 0.8509 0.8509 0.8509
v -0.767445 -0.031861 -0.012428 0.8509 0.8509 0.8509
v -0.751339 -0.034008 -0.019505 0.8666 0.8666 0.8666
v -0.767445 -0.029334 -0.016806 0.8509 0.8509 0.8509
v -0.751339 -0.034008 -0.019505 0.8666 0.8666 0.8666
v -0.767445 -0.031861 -0.012428 0.8509 0.8509 0.8509
v -0.751339 -0.036536 -0.015127 0.8666 0.8666 0.8666
v -0.751339 0.034008 0.019505 0.8666 0.8666 0.8666
v -0.767445 0.031861 0.012428 0.8509 0.8509 0.8509
v -0.751339 0.036536 0.015127 0.8666 0.8666 0.8666
v -0.767445 0.031861 0.012428 0.8509 0.8509 0.8509
v -0.751339 0.034008 0.019505 0.8666 0.8666 0.8666
v -0.767445 0.029334 0.016806 0.8509 0.8509 0.8509
v -0.764493 -0.019759 -0.017929 0.0000 0.0000 0.0000
v -0.764493 -0.001831 0.025356 0.0000 0.0000 0.0000
v -0.764493 -0.019759 0.017929 0.0000 0.0000 0.0000
v -0.764493 -0.019759 -0.017929 0.0000 0.0000 0.0000
v -0.764493 -0.019759 0.017929 0.0000 0.0000 0.0000
v -0.764493 -0.027186 0.000000 0.0196 0.0196 0.0196
v -0.764493 -0.001831 0.025356 0.0000 0.0000 0.0000
v -0.764493 -0.019759 -0.017929 0.0000 0.0000 0.0000
v -0.764493 -0.001831 -0.025356 0.0000 0.0000 0.0000
v -0.764493 -0.001831 0.025356 0.0000 0.0000 0.0000
v -0.764493 -0.001831 -0.025356 0.0000 0.0000 0.0000
v -0.764493 0.016098 0.017929 0.0000 0.0000 0.0000
v -0.764493 0.016098 -0.017929 0.0000 0.0000 0.0000
v -0.764493 0.016098 0.017929 0.0000 0.0000 0.0000
v -0.764493 -0.001831 -0.025356 0.0000 0.0000 0.0000
v -0.764493 0.016098 0.017929 0.0000 0.0000 0.0000
v -0.764493 0.016098 -0.017929 0.0000 0.0000 0.0000
v -0.764493 0.023525 0.000000 0.0000 0.0000 0.0000
v -0.767967 -0.001834 0.020470 0.0000 0.0000 0.0000
v 0.763541 -0.016308 0.014475 0.9255 0.9255 0.9255
v 0.763541 -0.001833 0.020471 0.8666 0.8666 0.8666
v 0.763541 -0.016308 0.014475 0.9255 0.9255 0.9255
v -0.767967 -0.001834 0.020470 0.0000 0.0000 0.0000
v -0.767967 -0.016308 0.014475 0.0000 0.0000 0.0000
v -0.767967 -0.022304 0.000000 0.0000 0.0000 0.0000
v 0.763541 -0.016308 0.014475 0.9255 0.9255 0.9255
v -0.767967 -0.016308 0.014475 0.0000 0.0000 0.0000
v 0.763541 -0.016308 0.014475 0.9255 0.9255 0.9255
v -0.767967 -0.022304 0.000000 0.0000 0.0000 0.0000
v 0.763541 -0.022304 0.000000 0.9451 0.9451 0.9451
v -0.767967 -0.016308 -0.014475 0.0000 0.0000 0.0000
v 0.763541 -0.022304 0.000000 0.9451 0.9451 0.9451
v -0.767967 -0.022304 0.000000 0.0000 0.0000 0.0000
v 0.763541 -0.022304 0.000000 0.9451 0.9451 0.9451
v -0.767967 -0.016308 -0.014475 0.0000 0.0000 0.0000
v 0.763541 -0.016308 -0.014474 0.9255 0.9255 0.9255
v -0.767967 -0.001834 -0.020470 0.0000 0.0000 0.0000
v 0.763541 -0.016308 -0.014474 0.9255 0.9255 0.9255
v -0.767967 -0.016308 -0.014475 0.0000 0.0000 0.0000
v 0.763541 -0.016308 -0.014474 0.9255 0.9255 0.9255
v -0.767967 -0.001834 -0.020470 0.0000 0.0000 0.0000
v 0.763541 -0.001833 -0.020470 0.8666 0.8666 0.8666
v -0.767967 0.012640 -0.014475 0.0000 0.0000 0.0000
v 0.763541 -0.001833 -0.020470 0.8666 0.8666 0.8666
v -0.767967 -0.001834 -0.020470 0.0000 0.0000 0.0000
v 0.763541 -0.001833 -0.020470 0.8666 0.8666 0.8666
v -0.767967 0.012640 -0.014475 0.0000 0.0000 0.0000
v 0.763541 0.012640 -0.014474 0.7921 0.7921 0.7921
v -0.767967 0.012640 -0.014475 0.0000 0.0000 0.0000
v 0.763541 0.018636 0.000000 0.7529 0.7529 0.7529
v 0.763541 0.012640 -0.014474 0.7921 0.7921 0.7921
v 0.763541 0.018636 0.000000 0.7529 0.7529 0.7529
v -0.767967 0.012640 -0.014475 0.0000 0.0000 0.0000
v -0.767967 0.018636 0.000000 0.0000 0.0000 0.0000
v -0.767967 0.018636 0.000000 0.0000 0.0000 0.0000
v 0.763541 0.012640 0.014475 0.7921 0.7921 0.7921
v 0.763541 0.018636 0.000000 0.7529 0.7529 0.7529
v 0.763541 0.012640 0.014475 0.7921 0.7921 0.7921
v -0.767967 0.018636 0.000000 0.0000 0.0000 0.0000
v -0.767967 0.012640 0.014475 0.0000 0.0000 0.0000
v -0.767967 0.012640 0.014475 0.0000 0.0000 0.0000
v 0.763541 -0.001833 0.020471 0.8666 0.8666 0.8666
v 0.763541 0.012640 0.014475 0.7921 0.7921 0.7921
v 0.763541 -0.001833 0.020471 0.8666 0.8666 0.8666
v -0.767967 0.012640 0.014475 0.0000 0.0000 0.0000
v -0.767967 -0.001834 0.020470 0.0000 0.0000 0.0000
v 0.747236 0.001488 0.039159 0.8235 0.8235 0.8235
v 0.747236 0.001488 -0.038930 0.9843 0.9843 0.9843
v 0.760305 -0.037556 0.000115 0.9294 0.9294 0.9294
v 0.747236 0.001488 -0.038930 0.9843 0.9843 0.9843
v 0.747236 0.001488 0.039159 0.8235 0.8235 0.8235
v 0.760305 0.040532 0.000115 0.9294 0.9294 0.9294
vn 1.0000 0.0005 0.0005
vn 0.2085 0.6561 -0.7253
vn 0.2086 0.6560 0.7254
vn 0.2086 -0.6557 0.7256
vn 0.2085 -0.6561 -0.7253
vn -1.0000 -0.0004 0.0005
vn -0.7775 -0.6289 -0.0005
vn -0.7774 -0.6289 -0.0005
vn -1.0000 -0.0005 0.0005
vn -1.0000 0.0006 0.0004
vn -0.7775 0.6289 0.0005
vn -1.0000 0.0004 0.0005
vn -1.0000 0.0005 0.0004
vn -0.7774 0.6289 0.0005
vn 0.7801 0.5124 -0.3590
vn 0.7566 0.5358 -0.3747
vn 0.8014 0.4898 -0.3433
vn 0.8700 0.4040 -0.2828
vn 0.8699 0.4040 -0.2828
vn 0.9107 0.3384 -0.2369
vn 0.9891 0.1207 -0.0845
vn 0.9107 0.3384 -0.2368
vn 0.8700 0.4039 -0.2828
vn 0.9994 -0.0278 0.0200
vn 0.9605 -0.2280 0.1597
vn 0.9994 -0.0279 0.0201
vn 0.9891 0.1206 -0.0845
vn 0.9419 -0.2749 0.1928
vn 0.7565 -0.5357 0.3751
vn 0.7801 -0.5124 0.3590
vn 0.8014 -0.4898 0.3433
vn 0.7565 -0.5357 0.3750
vn 0.8700 -0.4040 0.2828
vn 0.9107 -0.3384 0.2369
vn 0.9107 -0.3384 0.2368
vn 0.8700 -0.4039 0.2829
vn 0.9891 -0.1207 0.0845
vn 0.9994 0.0278 -0.0200
vn 0.9891 -0.1206 0.0845
vn 0.9604 0.2282 -0.1598
vn 0.9994 0.0279 -0.0201
vn 0.9419 0.2749 -0.1928
vn 0.7803 -0.5419 -0.3122
vn 0.7566 -0.5663 -0.3270
vn 0.8009 -0.5185 -0.2996
vn 0.7565 -0.5664 -0.3269
vn 0.8713 -0.4247 -0.2458
vn 0.8009 -0.5185 -0.2995
vn 0.9095 -0.3602 -0.2077
vn 0.9899 -0.1226 -0.0708
vn 0.8714 -0.4246 -0.2458
vn 0.9899 -0.1226 -0.0709
vn 0.9996 0.0249 0.0141
vn 0.9996 0.0250 0.0142
vn 0.9599 0.2427 0.1402
vn 0.9899 -0.1225 -0.0708
vn 0.9599 0.2428 0.1402
vn 0.9425 0.2897 0.1666
vn 0.7565 0.5664 0.3269
vn 0.7803 0.5419 0.3122
vn 0.8009 0.5185 0.2995
vn 0.8009 0.5184 0.2995
vn 0.8713 0.4247 0.2458
vn 0.9095 0.3602 0.2077
vn 0.9899 0.1226 0.0708
vn 0.8714 0.4246 0.2458
vn 0.9095 0.3601 0.2077
vn 0.9996 -0.0249 -0.0142
vn 0.9996 -0.0250 -0.0142
vn 0.9599 -0.2428 -0.1402
vn 0.9899 0.1225 0.0708
vn 0.9599 -0.2427 -0.1402
vn 0.9425 -0.2897 -0.1666
vn 0.0152 0.8193 -0.5732
vn 0.0552 0.8179 -0.5728
vn 0.0151 0.8194 -0.5731
vn 0.0601 0.8173 -0.5730
vn 0.0552 0.8179 -0.5727
vn 0.1363 0.8115 -0.5682
vn 0.0601 0.8173 -0.5731
vn 0.1470 0.8104 -0.5671
vn 0.2524 0.7925 -0.5552
vn 0.2926 0.7832 -0.5487
vn 0.4499 0.7314 -0.5125
vn 0.2927 0.7832 -0.5486
vn 0.2525 0.7925 -0.5552
vn 0.2927 0.7831 -0.5487
vn 0.5135 0.7031 -0.4920
vn 0.6279 0.6377 -0.4462
vn 0.5135 0.7030 -0.4920
vn 0.4500 0.7313 -0.5125
vn 0.6463 0.6248 -0.4382
vn 0.6676 0.6099 -0.4270
vn 0.6279 0.6377 -0.4461
vn 0.6674 0.6099 -0.4274
vn 0.0153 -0.8193 0.5732
vn 0.0552 -0.8179 0.5728
vn 0.0601 -0.8173 0.5730
vn 0.1363 -0.8115 0.5682
vn 0.1470 -0.8104 0.5671
vn 0.2524 -0.7925 0.5552
vn 0.2926 -0.7832 0.5487
vn 0.2525 -0.7925 0.5552
vn 0.4500 -0.7314 0.5125
vn 0.2927 -0.7832 0.5486
vn 0.5135 -0.7031 0.4920
vn 0.2927 -0.7831 0.5487
vn 0.4499 -0.7314 0.5125
vn 0.4500 -0.7313 0.5125
vn 0.6279 -0.6377 0.4461
vn 0.5135 -0.7030 0.4920
vn 0.6463 -0.6248 0.4382
vn 0.6279 -0.6377 0.4462
vn 0.6676 -0.6099 0.4270
vn 0.6674 -0.6099 0.4274
vn 0.0152 -0.8660 -0.4998
vn 0.0552 -0.8650 -0.4987
vn 0.0591 -0.8646 -0.4990
vn 0.1363 -0.8582 -0.4948
vn 0.1470 -0.8564 -0.4949
vn 0.1471 -0.8564 -0.4949
vn 0.2525 -0.8378 -0.4841
vn 0.2906 -0.8288 -0.4782
vn 0.2906 -0.8288 -0.4781
vn 0.4508 -0.7732 -0.4460
vn 0.2526 -0.8378 -0.4841
vn 0.5105 -0.7450 -0.4294
vn 0.6285 -0.6734 -0.3892
vn 0.4509 -0.7732 -0.4459
vn 0.6457 -0.6613 -0.3817
vn 0.6680 -0.6446 -0.3719
vn 0.0152 0.8660 0.4998
vn 0.0552 0.8650 0.4987
vn 0.0591 0.8646 0.4990
vn 0.0592 0.8646 0.4990
vn 0.1363 0.8582 0.4948
vn 0.1470 0.8564 0.4949
vn 0.1471 0.8564 0.4949
vn 0.2525 0.8378 0.4841
vn 0.2906 0.8288 0.4782
vn 0.2906 0.8288 0.4781
vn 0.4508 0.7732 0.4460
vn 0.2526 0.8378 0.4841
vn 0.5105 0.7450 0.4294
vn 0.6285 0.6734 0.3892
vn 0.4509 0.7732 0.4459
vn 0.6457 0.6613 0.3817
vn 0.6680 0.6446 0.3719
vn 0.4216 0.7850 0.4538
vn 0.4460 0.7754 0.4470
vn 0.4461 0.7754 0.4470
vn 0.4217 0.7850 0.4539
vn 0.4646 0.7666 0.4432
vn 0.5458 0.7257 0.4188
vn 0.4647 0.7666 0.4432
vn 0.5916 0.6982 0.4031
vn 0.5917 0.6982 0.4031
vn 0.7459 0.5770 0.3327
vn 0.5459 0.7257 0.4188
vn 0.8270 0.4870 0.2809
vn 0.9387 0.2986 0.1725
vn 0.7460 0.5769 0.3327
vn 0.9565 0.2525 0.1460
vn 0.9565 0.2524 0.1460
vn 0.9976 0.0601 0.0347
vn 0.9387 0.2985 0.1725
vn 0.9970 -0.0669 -0.0386
vn 0.9970 -0.0670 -0.0386
vn 0.9717 -0.2047 -0.1179
vn 0.9976 0.0600 0.0347
vn 0.9717 -0.2047 -0.1182
vn 0.9970 -0.0669 -0.0387
vn 0.4460 0.7332 -0.5134
vn 0.4212 0.7429 -0.5203
vn 0.4212 0.7430 -0.5202
vn 0.4459 0.7332 -0.5134
vn 0.4657 0.7247 -0.5078
vn 0.5449 0.6866 -0.4813
vn 0.4658 0.7247 -0.5078
vn 0.5926 0.6601 -0.4617
vn 0.7434 0.5479 -0.3837
vn 0.5926 0.6600 -0.4617
vn 0.8300 0.4568 -0.3200
vn 0.9381 0.2837 -0.1988
vn 0.8301 0.4567 -0.3200
vn 0.7434 0.5479 -0.3836
vn 0.9571 0.2370 -0.1666
vn 0.9972 0.0611 -0.0425
vn 0.9571 0.2369 -0.1666
vn 0.9381 0.2837 -0.1987
vn 0.9966 -0.0678 0.0473
vn 0.9716 -0.1939 0.1354
vn 0.9966 -0.0679 0.0474
vn 0.9972 0.0610 -0.0425
vn 0.9716 -0.1939 0.1353
vn 0.4215 -0.7428 0.5201
vn 0.4459 -0.7332 0.5134
vn 0.4657 -0.7248 0.5078
vn 0.4212 -0.7430 0.5201
vn 0.4460 -0.7332 0.5134
vn 0.5449 -0.6866 0.4813
vn 0.4658 -0.7247 0.5078
vn 0.5926 -0.6601 0.4617
vn 0.4657 -0.7247 0.5078
vn 0.5449 -0.6866 0.4814
vn 0.5926 -0.6600 0.4617
vn 0.7434 -0.5479 0.3837
vn 0.8296 -0.4576 0.3199
vn 0.7434 -0.5479 0.3836
vn 0.9381 -0.2837 0.1988
vn 0.8297 -0.4575 0.3199
vn 0.9571 -0.2370 0.1666
vn 0.8297 -0.4575 0.3198
vn 0.9381 -0.2837 0.1987
vn 0.9972 -0.0611 0.0425
vn 0.9571 -0.2369 0.1666
vn 0.9966 0.0678 -0.0473
vn 0.9972 -0.0610 0.0425
vn 0.9717 0.1936 -0.1355
vn 0.9966 0.0679 -0.0474
vn 0.9716 0.1939 -0.1354
vn 0.4461 -0.7754 -0.4470
vn 0.4216 -0.7851 -0.4538
vn 0.4646 -0.7666 -0.4432
vn 0.4215 -0.7851 -0.4538
vn 0.4460 -0.7754 -0.4470
vn 0.4647 -0.7666 -0.4432
vn 0.5458 -0.7257 -0.4188
vn 0.5916 -0.6982 -0.4031
vn 0.5917 -0.6982 -0.4031
vn 0.7459 -0.5770 -0.3327
vn 0.5459 -0.7257 -0.4188
vn 0.7460 -0.5769 -0.3327
vn 0.8270 -0.4870 -0.2809
vn 0.9387 -0.2986 -0.1725
vn 0.8270 -0.4870 -0.2808
vn 0.9565 -0.2525 -0.1460
vn 0.9565 -0.2524 -0.1460
vn 0.9976 -0.0601 -0.0347
vn 0.9970 0.0669 0.0386
vn 0.9970 0.0670 0.0386
vn 0.9717 0.2047 0.1177
vn 0.9976 -0.0600 -0.0347
vn 0.9717 0.2047 0.1178
vn 0.2105 0.8010 -0.5604
vn 0.2369 0.7957 -0.5574
vn 0.2108 0.8007 -0.5607
vn 0.2497 0.7931 -0.5556
vn 0.3297 0.7732 -0.5417
vn 0.3669 0.7617 -0.5340
vn 0.5186 0.7005 -0.4903
vn 0.6032 0.6531 -0.4577
vn 0.7518 0.5398 -0.3786
vn 0.6033 0.6531 -0.4577
vn 0.5187 0.7004 -0.4902
vn 0.7822 0.5105 -0.3571
vn 0.8516 0.4295 -0.3005
vn 0.7519 0.5398 -0.3786
vn 0.8848 0.3816 -0.2673
vn 0.8516 0.4294 -0.3005
vn 0.9174 0.3259 -0.2282
vn 0.8849 0.3816 -0.2673
vn 0.9173 0.3262 -0.2284
vn 0.8849 0.3816 -0.2672
vn 0.2105 -0.8010 0.5604
vn 0.2369 -0.7957 0.5574
vn 0.2497 -0.7931 0.5556
vn 0.3297 -0.7732 0.5417
vn 0.3669 -0.7617 0.5340
vn 0.5186 -0.7005 0.4903
vn 0.6032 -0.6531 0.4577
vn 0.5187 -0.7004 0.4902
vn 0.7518 -0.5398 0.3786
vn 0.6033 -0.6531 0.4577
vn 0.7822 -0.5106 0.3571
vn 0.7519 -0.5398 0.3786
vn 0.8516 -0.4295 0.3005
vn 0.7822 -0.5105 0.3571
vn 0.8848 -0.3817 0.2672
vn 0.8516 -0.4294 0.3005
vn 0.9173 -0.3261 0.2284
vn 0.8849 -0.3816 0.2673
vn 0.8848 -0.3816 0.2673
vn 0.2108 -0.8466 -0.4887
vn 0.2368 -0.8413 -0.4859
vn 0.2496 -0.8387 -0.4841
vn 0.3306 -0.8171 -0.4723
vn 0.3659 -0.8058 -0.4657
vn 0.3660 -0.8057 -0.4657
vn 0.5199 -0.7397 -0.4272
vn 0.3307 -0.8171 -0.4723
vn 0.5994 -0.6933 -0.4001
vn 0.5995 -0.6932 -0.4001
vn 0.7529 -0.5702 -0.3288
vn 0.5200 -0.7397 -0.4272
vn 0.5995 -0.6932 -0.4002
vn 0.7811 -0.5408 -0.3122
vn 0.8528 -0.4521 -0.2615
vn 0.7529 -0.5701 -0.3288
vn 0.8838 -0.4051 -0.2341
vn 0.8838 -0.4050 -0.2340
vn 0.9174 -0.3446 -0.1989
vn 0.8528 -0.4520 -0.2615
vn 0.9173 -0.3448 -0.1991
vn 0.8839 -0.4050 -0.2340
vn 0.2108 0.8466 0.4887
vn 0.2368 0.8413 0.4859
vn 0.2496 0.8387 0.4841
vn 0.3308 0.8175 0.4715
vn 0.3660 0.8057 0.4657
vn 0.5199 0.7397 0.4272
vn 0.5994 0.6933 0.4001
vn 0.5995 0.6932 0.4001
vn 0.7529 0.5702 0.3288
vn 0.5200 0.7397 0.4272
vn 0.5995 0.6932 0.4002
vn 0.7811 0.5408 0.3122
vn 0.8528 0.4521 0.2615
vn 0.7529 0.5701 0.3288
vn 0.8838 0.4051 0.2341
vn 0.8838 0.4050 0.2340
vn 0.9174 0.3446 0.1989
vn 0.8528 0.4520 0.2615
vn 0.9173 0.3448 0.1991
vn 0.8839 0.4050 0.2340
vn 0.0210 0.9399 0.3407
vn 0.1157 0.9254 0.3609
vn 0.0161 0.9401 0.3404
vn 0.1451 0.9169 0.3717
vn -0.0298 0.9453 0.3249
vn 0.1451 0.9169 0.3718
vn 0.2242 0.9024 0.3679
vn 0.1158 0.9254 0.3609
vn 0.2360 0.9053 0.3532
vn 0.2585 0.9094 0.3260
vn 0.2243 0.9024 0.3679
vn 0.2585 0.9094 0.3259
vn 0.0337 0.9428 0.3315
vn 0.0327 0.9432 0.3307
vn 0.1285 0.9232 0.3621
vn 0.1500 0.9161 0.3718
vn 0.1286 0.9232 0.3622
vn 0.1831 0.9049 0.3843
vn 0.0210 -0.9399 -0.3407
vn 0.1157 -0.9254 -0.3609
vn 0.0161 -0.9401 -0.3404
vn 0.1451 -0.9169 -0.3717
vn -0.0298 -0.9453 -0.3249
vn 0.1451 -0.9169 -0.3718
vn 0.2243 -0.9024 -0.3679
vn 0.1158 -0.9254 -0.3609
vn 0.2242 -0.9024 -0.3679
vn 0.2360 -0.9053 -0.3532
vn 0.2585 -0.9094 -0.3260
vn 0.2585 -0.9094 -0.3259
vn 0.0337 -0.9428 -0.3315
vn 0.0327 -0.9432 -0.3307
vn 0.1285 -0.9232 -0.3621
vn 0.0328 -0.9432 -0.3307
vn 0.1285 -0.9232 -0.3622
vn 0.1500 -0.9161 -0.3718
vn 0.1286 -0.9232 -0.3622
vn 0.1831 -0.9047 -0.3846
vn 0.1148 -0.8905 0.4402
vn 0.2222 -0.8670 0.4460
vn 0.1470 -0.8805 0.4507
vn 0.2223 -0.8670 0.4460
vn 0.2360 -0.8722 0.4285
vn 0.2565 -0.8789 0.4021
vn 0.1148 -0.8906 0.4401
vn 0.0210 -0.9065 0.4217
vn 0.0151 -0.9068 0.4214
vn -0.0298 -0.9133 0.4061
vn 0.0347 -0.9102 0.4128
vn 0.0343 -0.9100 0.4133
vn -0.0298 -0.9134 0.4061
vn 0.0308 -0.9108 0.4117
vn 0.0347 -0.9101 0.4128
vn 0.0306 -0.9106 0.4121
vn 0.1275 -0.8884 0.4410
vn 0.1520 -0.8800 0.4500
vn 0.1832 -0.8680 0.4616
vn 0.2223 0.8670 -0.4460
vn 0.2565 0.8789 -0.4021
vn 0.2360 0.8722 -0.4285
vn 0.2222 0.8670 -0.4460
vn 0.1470 0.8805 -0.4507
vn 0.1149 0.8909 -0.4394
vn 0.1148 0.8909 -0.4394
vn 0.0210 0.9065 -0.4217
vn 0.0151 0.9071 -0.4206
vn -0.0298 0.9133 -0.4061
vn 0.0347 0.9102 -0.4128
vn 0.0343 0.9100 -0.4133
vn -0.0298 0.9134 -0.4061
vn 0.0308 0.9108 -0.4117
vn 0.0347 0.9101 -0.4128
vn 0.0307 0.9106 -0.4121
vn 0.1274 0.8884 -0.4410
vn 0.1510 0.8801 -0.4501
vn 0.1275 0.8884 -0.4410
vn 0.1832 0.8680 -0.4616
vn 0.0005 0.0005 -1.0000
vn 0.0005 0.7606 -0.6492
vn 0.0005 -0.0004 -1.0000
vn 0.0005 0.0004 -1.0000
vn 0.0005 -0.7606 -0.6492
vn 0.0005 -0.7822 -0.6230
vn 0.1119 -0.0210 -0.9935
vn 0.2125 -0.0367 -0.9765
vn 0.1548 -0.0396 -0.9871
vn 0.2125 -0.0366 -0.9765
vn 0.2251 -0.0015 -0.9743
vn 0.2350 0.0269 -0.9716
vn 0.2252 -0.0014 -0.9743
vn 0.1548 -0.0396 -0.9872
vn 0.0220 0.0015 -0.9998
vn 0.0152 0.0015 -0.9999
vn -0.0298 0.0171 -0.9994
vn 0.0151 0.0015 -0.9999
vn 0.0219 0.0015 -0.9998
vn -0.0298 0.0181 -0.9994
vn 0.0386 0.0091 -0.9992
vn 0.0386 0.0093 -0.9992
vn 0.0239 0.0142 -0.9996
vn 0.0238 0.0137 -0.9996
vn 0.1226 -0.0220 -0.9922
vn 0.1558 -0.0386 -0.9870
vn 0.1833 -0.0525 -0.9817
vn 0.2350 -0.0268 0.9716
vn 0.2251 0.0015 0.9743
vn 0.2125 0.0366 0.9765
vn 0.2252 0.0014 0.9743
vn 0.2350 -0.0269 0.9716
vn 0.1548 0.0396 0.9871
vn 0.1119 0.0210 0.9935
vn 0.1548 0.0396 0.9872
vn 0.0220 -0.0015 0.9998
vn 0.0152 -0.0015 0.9999
vn -0.0298 -0.0171 0.9994
vn 0.0151 -0.0015 0.9999
vn 0.0219 -0.0015 0.9998
vn -0.0298 -0.0181 0.9994
vn 0.0386 -0.0091 0.9992
vn 0.0386 -0.0093 0.9992
vn 0.0239 -0.0142 0.9996
vn 0.0238 -0.0137 0.9996
vn 0.1226 0.0220 0.9922
vn 0.1558 0.0386 0.9870
vn 0.1833 0.0524 0.9817
vn 0.0220 -0.0884 -0.9958
vn 0.1109 -0.0660 -0.9916
vn 0.0152 -0.0884 -0.9960
vn 0.0219 -0.0884 -0.9958
vn 0.0151 -0.0884 -0.9960
vn -0.0298 -0.1041 -0.9941
vn 0.1559 -0.0464 -0.9867
vn -0.0298 -0.1040 -0.9941
vn -0.0298 -0.1060 -0.9939
vn 0.2135 -0.0474 -0.9758
vn 0.1110 -0.0660 -0.9916
vn 0.0386 -0.0963 -0.9946
vn 0.2271 -0.0815 -0.9705
vn 0.2389 -0.1080 -0.9650
vn 0.2271 -0.0816 -0.9704
vn 0.0239 -0.1012 -0.9946
vn 0.1226 -0.0650 -0.9903
vn 0.0240 -0.1012 -0.9946
vn 0.1559 -0.0484 -0.9866
vn 0.1833 -0.0336 -0.9825
vn 0.0220 0.0884 0.9958
vn 0.1109 0.0660 0.9916
vn 0.0152 0.0884 0.9960
vn 0.0219 0.0884 0.9958
vn 0.0151 0.0884 0.9960
vn -0.0298 0.1041 0.9941
vn 0.1559 0.0464 0.9867
vn -0.0298 0.1060 0.9939
vn 0.2135 0.0474 0.9758
vn 0.1110 0.0660 0.9916
vn -0.0298 0.1040 0.9941
vn 0.0386 0.0963 0.9946
vn 0.2271 0.0815 0.9705
vn 0.2271 0.0816 0.9704
vn 0.2389 0.1079 0.9650
vn 0.2389 0.1080 0.9650
vn 0.0239 0.1012 0.9946
vn 0.1226 0.0650 0.9903
vn 0.0240 0.1012 0.9946
vn 0.1559 0.0474 0.9866
vn 0.1833 0.0335 0.9825
vn 0.0005 1.0000 0.0005
vn 0.0005 0.7823 0.6229
vn 0.0005 0.7606 0.6492
vn -0.0005 0.0005 1.0000
vn 0.0005 0.7822 0.6230
vn 0.0005 0.7823 -0.6229
vn 0.0005 1.0000 0.0004
vn -0.9670 0.2087 -0.1461
vn -0.9674 0.2076 -0.1450
vn -0.9665 0.2105 -0.1470
vn -0.9674 0.2074 -0.1453
vn -0.9670 0.2086 -0.1461
vn -0.9661 0.2114 -0.1481
vn -0.9660 0.2118 -0.1481
vn -0.9674 -0.2074 0.1453
vn -0.9670 -0.2086 0.1461
vn -0.9670 -0.2087 0.1461
vn -0.9674 -0.2076 0.1450
vn -0.9665 -0.2105 0.1470
vn -0.9665 -0.2105 0.1471
vn -0.9661 -0.2114 0.1481
vn -0.9665 -0.2222 -0.1284
vn -0.9674 -0.2193 -0.1266
vn -0.9670 -0.2204 -0.1275
vn -0.9675 -0.2192 -0.1263
vn -0.9670 -0.2204 -0.1276
vn -0.9661 -0.2235 -0.1291
vn -0.9665 -0.2223 -0.1285
vn -0.9661 -0.2233 -0.1295
vn -0.9675 0.2192 0.1263
vn -0.9670 0.2204 0.1276
vn -0.9665 0.2222 0.1284
vn -0.9670 0.2204 0.1275
vn -0.9661 0.2234 0.1294
vn -0.9665 0.2223 0.1285
vn -0.9661 0.2233 0.1296
vn -0.0004 0.5738 0.8190
vn -0.0006 0.5739 0.8189
vn -0.0005 0.5739 0.8190
vn 0.0004 -0.5738 -0.8190
vn 0.0005 -0.5738 -0.8190
vn 0.0005 0.7823 -0.6230
vn 0.0005 -0.0005 -1.0000
vn -0.0004 -1.0000 -0.0005
vn 0.0005 -0.7823 -0.6229
vn -0.0005 -1.0000 -0.0005
vn -0.0005 -1.0000 0.0004
vn -0.0005 -0.7606 0.6492
vn -0.0005 -1.0000 0.0005
vn -0.0005 -1.0000 -0.0004
vn -0.0005 -0.7823 0.6229
vn -0.0005 -0.7823 0.6230
vn -0.0004 -0.7606 0.6492
vn -0.0005 0.5738 0.8190
vn -0.0006 0.5739 0.8190
vn -0.9303 -0.3003 0.2105
vn -0.9296 -0.3020 0.2114
vn -0.9308 -0.2995 0.2096
vn -0.9295 -0.3023 0.2115
vn -0.9314 -0.2984 0.2085
vn -0.9314 -0.2984 0.2086
vn 0.0005 0.5738 0.8190
vn 0.0004 0.5738 0.8190
vn 0.0006 0.5739 0.8189
vn 0.0005 0.5739 0.8190
vn 0.0003 0.5737 0.8191
vn 0.0006 -0.5739 -0.8190
vn 0.0003 -0.5737 -0.8190
vn -0.9296 0.3020 -0.2115
vn -0.9303 0.3003 -0.2105
vn -0.9294 0.3024 -0.2115
vn -0.9308 0.2995 -0.2096
vn -0.9313 0.2983 -0.2089
vn -0.9313 0.2983 -0.2088
vn -0.0004 -0.5738 -0.8190
vn -0.0005 -0.5738 -0.8190
vn -0.0006 -0.5739 -0.8190
vn -0.0006 -0.5739 -0.8189
vn -0.0003 -0.5737 -0.8191
vn -0.0005 -0.4998 0.8662
vn -0.0000 -0.5000 0.8660
vn -0.0004 -0.4998 0.8661
vn -0.0003 -0.4999 0.8661
vn -0.0004 -0.4998 0.8662
vn -0.9305 0.3171 0.1832
vn -0.9296 0.3193 0.1843
vn -0.9302 0.3180 0.1832
vn -0.9313 0.3154 0.1821
vn -0.9306 0.3170 0.1832
vn -0.9303 0.3179 0.1831
vn -0.9315 0.3149 0.1822
vn 0.0004 -0.4998 0.8661
vn 0.0003 -0.4999 0.8661
vn 0.0003 -0.4998 0.8661
vn -0.0006 -0.4997 0.8662
vn -0.9296 -0.3193 -0.1843
vn -0.9302 -0.3180 -0.1832
vn -0.9297 -0.3190 -0.1842
vn -0.9303 -0.3179 -0.1831
vn -0.9306 -0.3170 -0.1832
vn -0.9313 -0.3154 -0.1821
vn -0.9315 -0.3149 -0.1822
vn -0.0000 0.5000 -0.8660
vn 0.0006 0.4997 -0.8662
vn 0.0005 0.4998 -0.8662
vn 0.0004 0.4998 -0.8661
vn 0.0005 0.4997 -0.8662
vn 0.0003 0.4999 -0.8661
vn 0.0004 -0.4998 0.8662
vn 0.0005 -0.4998 0.8662
vn 0.0004 0.4998 -0.8662
vn -0.7393 0.5514 -0.3865
vn -0.7294 0.5604 -0.3923
vn -0.7393 0.5515 -0.3865
vn -0.7199 0.5684 -0.3983
vn -0.7099 0.5770 -0.4040
vn -0.7100 0.5769 -0.4040
vn 0.0006 -0.5739 -0.8189
vn 0.0005 -0.5739 -0.8190
vn -0.7294 -0.5604 0.3923
vn -0.7393 -0.5515 0.3865
vn -0.7199 -0.5684 0.3983
vn -0.7393 -0.5514 0.3865
vn -0.7099 -0.5770 0.4040
vn -0.7100 -0.5769 0.4040
vn -0.0003 0.5737 0.8190
vn 0.0006 0.5739 0.8190
vn 0.0003 0.4998 -0.8661
vn -0.0003 0.4998 -0.8661
vn -0.0004 0.4998 -0.8661
vn -0.0003 0.4999 -0.8661
vn -0.0005 0.4998 -0.8662
vn -0.7204 0.6003 0.3473
vn -0.7390 0.5834 0.3368
vn -0.7288 0.5929 0.3426
vn -0.7390 0.5836 0.3365
vn -0.7097 0.6101 0.3522
vn -0.7096 0.6102 0.3523
vn -0.0003 -0.4998 0.8661
vn -0.7390 -0.5836 -0.3365
vn -0.7288 -0.5929 -0.3426
vn -0.7390 -0.5837 -0.3364
vn -0.7205 -0.6003 -0.3473
vn -0.7102 -0.6097 -0.3520
vn -0.7204 -0.6003 -0.3473
vn -0.7102 -0.6094 -0.3525
vn -0.4881 -0.7148 0.5008
vn -0.4597 -0.7274 0.5094
vn -0.5007 -0.7088 0.4968
vn -0.4597 -0.7274 0.5095
vn -0.4500 -0.7314 0.5125
vn -0.4374 -0.7367 0.5157
vn -0.4376 -0.7366 0.5157
vn -0.3847 -0.7562 0.5294
vn -0.5007 -0.7090 0.4966
vn -0.3162 -0.7774 0.5438
vn -0.3161 -0.7774 0.5438
vn -0.2272 -0.7979 0.5584
vn -0.2269 -0.7977 0.5587
vn 0.9604 0.2283 -0.1598
vn 0.8501 0.4312 -0.3022
vn 0.9419 0.2749 -0.1929
vn 0.7783 0.5145 -0.3600
vn 0.8502 0.4311 -0.3022
vn 0.8501 0.4312 -0.3023
vn 0.7024 0.5832 -0.4082
vn 0.7782 0.5145 -0.3601
vn 0.7024 0.5831 -0.4081
vn -0.4597 0.7274 -0.5095
vn -0.4881 0.7148 -0.5008
vn -0.4500 0.7314 -0.5125
vn -0.4377 0.7366 -0.5157
vn -0.4499 0.7314 -0.5125
vn -0.4597 0.7275 -0.5093
vn -0.5007 0.7088 -0.4968
vn -0.3847 0.7562 -0.5293
vn -0.5008 0.7088 -0.4968
vn -0.3162 0.7774 -0.5438
vn -0.3847 0.7562 -0.5294
vn -0.3161 0.7774 -0.5438
vn -0.2270 0.7978 -0.5586
vn -0.5007 0.7499 0.4324
vn -0.4596 0.7692 0.4439
vn -0.4889 0.7555 0.4361
vn -0.4501 0.7735 0.4461
vn -0.4888 0.7555 0.4361
vn -0.4596 0.7692 0.4440
vn -0.4596 0.7691 0.4441
vn -0.4374 0.7785 0.4501
vn -0.4501 0.7736 0.4462
vn -0.4375 0.7786 0.4499
vn -0.3814 0.8004 0.4625
vn -0.5008 0.7499 0.4323
vn -0.4889 0.7554 0.4362
vn -0.3162 0.8215 0.4745
vn -0.2270 0.8434 0.4870
vn -0.3161 0.8215 0.4745
vn -0.2273 0.8434 0.4868
vn -0.4596 -0.7692 -0.4439
vn -0.4888 -0.7555 -0.4361
vn -0.5007 -0.7499 -0.4324
vn -0.3814 -0.8004 -0.4625
vn -0.5008 -0.7499 -0.4323
vn -0.4889 -0.7555 -0.4362
vn -0.4501 -0.7735 -0.4461
vn -0.4374 -0.7785 -0.4501
vn -0.4501 -0.7736 -0.4462
vn -0.4596 -0.7691 -0.4441
vn -0.3162 -0.8215 -0.4745
vn -0.2273 -0.8434 -0.4868
vn -0.2270 -0.8434 -0.4870
vn 0.8502 -0.4311 0.3023
vn 0.9419 -0.2749 0.1929
vn 0.9605 -0.2281 0.1597
vn 0.8501 -0.4312 0.3022
vn 0.7783 -0.5144 0.3601
vn 0.7025 -0.5831 0.4081
vn 0.7782 -0.5145 0.3601
vn 0.8501 -0.4312 0.3023
vn 0.7783 -0.5145 0.3601
vn 0.7022 -0.5833 0.4083
vn 0.8476 0.4597 0.2652
vn 0.9425 0.2898 0.1666
vn 0.7801 0.5417 0.3131
vn 0.7018 0.6170 0.3561
vn 0.8475 0.4597 0.2653
vn 0.7019 0.6169 0.3561
vn 0.8476 -0.4596 -0.2653
vn 0.8476 -0.4596 -0.2652
vn 0.9425 -0.2898 -0.1666
vn 0.7801 -0.5417 -0.3131
vn 0.7022 -0.6167 -0.3559
vn 0.8475 -0.4597 -0.2653
vn 0.7021 -0.6167 -0.3559
vn -0.1549 0.0347 0.9873
vn -0.1745 0.0044 0.9847
vn -0.1333 0.0230 0.9908
vn -0.1333 0.0229 0.9908
vn -0.0484 0.0044 0.9988
vn -0.0357 0.0024 0.9994
vn -0.1744 0.0044 0.9847
vn -0.1705 -0.0435 0.9844
vn -0.1665 -0.0894 0.9820
vn 0.0181 -0.0181 0.9997
vn -0.0483 0.0044 0.9988
vn -0.0356 0.0024 0.9994
vn -0.1235 0.0278 0.9919
vn -0.1235 0.0278 0.9920
vn -0.0796 0.0083 0.9968
vn -0.1236 0.0278 0.9919
vn -0.2681 0.0952 0.9587
vn -0.0797 0.0083 0.9968
vn -0.3209 0.1216 0.9393
vn -0.3610 0.1412 0.9218
vn -0.1549 -0.0347 -0.9873
vn -0.1745 -0.0044 -0.9847
vn -0.1333 -0.0230 -0.9908
vn -0.1333 -0.0229 -0.9908
vn -0.0484 -0.0044 -0.9988
vn -0.0357 -0.0024 -0.9994
vn -0.1705 0.0435 -0.9844
vn -0.1665 0.0894 -0.9820
vn -0.1744 -0.0044 -0.9847
vn 0.0181 0.0181 -0.9997
vn -0.0483 -0.0044 -0.9988
vn -0.1235 -0.0278 -0.9919
vn -0.1235 -0.0278 -0.9920
vn -0.0796 -0.0083 -0.9968
vn -0.1236 -0.0278 -0.9919
vn -0.2681 -0.0952 -0.9587
vn -0.3209 -0.1216 -0.9393
vn -0.2682 -0.0953 -0.9587
vn -0.3609 -0.1411 -0.9219
vn -0.1549 0.0513 0.9866
vn -0.1324 0.0640 0.9891
vn -0.1754 0.0796 0.9813
vn -0.0484 0.0836 0.9953
vn -0.0357 0.0845 0.9958
vn -0.1734 0.1275 0.9766
vn -0.1705 0.1704 0.9705
vn -0.1734 0.1276 0.9766
vn -0.1705 0.1705 0.9705
vn -0.0483 0.0835 0.9953
vn 0.0181 0.1051 0.9943
vn -0.0356 0.0845 0.9958
vn 0.0181 0.1050 0.9943
vn -0.1236 0.0582 0.9906
vn -0.0776 0.0787 0.9939
vn -0.0777 0.0786 0.9939
vn -0.2672 -0.0112 0.9636
vn -0.1237 0.0581 0.9906
vn -0.3218 -0.0395 0.9460
vn -0.2671 -0.0112 0.9636
vn -0.3219 -0.0396 0.9460
vn -0.3611 -0.0601 0.9306
vn -0.1549 -0.0513 -0.9866
vn -0.1324 -0.0640 -0.9891
vn -0.1754 -0.0796 -0.9813
vn -0.0484 -0.0826 -0.9954
vn -0.0356 -0.0845 -0.9958
vn -0.1734 -0.1275 -0.9766
vn -0.1705 -0.1704 -0.9705
vn -0.1734 -0.1276 -0.9766
vn -0.1705 -0.1705 -0.9705
vn -0.0483 -0.0826 -0.9954
vn 0.0181 -0.1051 -0.9943
vn 0.0181 -0.1050 -0.9943
vn -0.1236 -0.0582 -0.9906
vn -0.0776 -0.0787 -0.9939
vn -0.0777 -0.0786 -0.9939
vn -0.2672 0.0112 -0.9636
vn -0.1237 -0.0581 -0.9906
vn -0.3218 0.0395 -0.9460
vn -0.2671 0.0112 -0.9636
vn -0.3219 0.0396 -0.9460
vn -0.3609 0.0601 -0.9307
vn -0.1363 -0.9226 -0.3609
vn -0.1832 -0.9237 -0.3365
vn -0.1510 -0.9175 -0.3681
vn -0.1510 -0.9175 -0.3680
vn -0.0454 -0.9374 -0.3453
vn -0.0347 -0.9382 -0.3443
vn -0.0455 -0.9374 -0.3453
vn -0.1832 -0.9237 -0.3366
vn -0.1861 -0.9296 -0.3180
vn -0.1910 -0.9431 -0.2721
vn -0.1910 -0.9431 -0.2720
vn 0.0190 -0.9452 -0.3258
vn -0.0346 -0.9382 -0.3443
vn 0.0181 -0.9456 -0.3250
vn 0.0191 -0.9452 -0.3258
vn -0.1050 -0.9274 -0.3589
vn -0.0865 -0.9319 -0.3523
vn -0.1051 -0.9274 -0.3590
vn -0.2750 -0.8651 -0.4196
vn -0.3140 -0.8453 -0.4322
vn -0.1050 -0.9274 -0.3590
vn -0.2750 -0.8650 -0.4196
vn -0.3609 -0.8181 -0.4478
vn -0.1363 0.9226 0.3609
vn -0.1832 0.9237 0.3365
vn -0.1510 0.9175 0.3681
vn -0.1510 0.9175 0.3680
vn -0.0454 0.9374 0.3454
vn -0.0347 0.9382 0.3443
vn -0.0455 0.9374 0.3453
vn -0.1832 0.9237 0.3366
vn -0.1861 0.9296 0.3181
vn -0.1511 0.9174 0.3681
vn -0.1910 0.9431 0.2721
vn -0.1861 0.9296 0.3180
vn -0.1910 0.9431 0.2720
vn 0.0191 0.9452 0.3258
vn -0.0454 0.9374 0.3453
vn 0.0181 0.9455 0.3250
vn -0.0346 0.9382 0.3443
vn 0.0190 0.9452 0.3258
vn -0.1050 0.9274 0.3589
vn 0.0180 0.9455 0.3250
vn -0.0865 0.9319 0.3523
vn -0.1051 0.9274 0.3590
vn -0.2750 0.8651 0.4196
vn -0.3140 0.8454 0.4322
vn -0.1050 0.9274 0.3590
vn -0.3140 0.8453 0.4322
vn -0.2750 0.8650 0.4196
vn -0.3606 0.8182 0.4478
vn -0.1519 0.8816 -0.4469
vn -0.1822 0.8906 -0.4167
vn -0.1353 0.8877 -0.4402
vn -0.0465 0.9037 -0.4257
vn -0.0464 0.9037 -0.4257
vn -0.0337 0.9049 -0.4244
vn -0.1851 0.9002 -0.3942
vn -0.1891 0.9170 -0.3513
vn -0.1891 0.9170 -0.3512
vn 0.0191 0.9132 -0.4070
vn 0.0190 0.9132 -0.4070
vn 0.0181 0.9138 -0.4058
vn -0.1079 0.8918 -0.4393
vn -0.1080 0.8918 -0.4393
vn -0.0835 0.8987 -0.4305
vn -0.2731 0.8261 -0.4929
vn -0.0836 0.8987 -0.4305
vn -0.3161 0.8027 -0.5057
vn -0.3608 0.7760 -0.5173
vn -0.1519 -0.8816 0.4469
vn -0.1822 -0.8906 0.4167
vn -0.1353 -0.8877 0.4402
vn -0.0465 -0.9037 0.4257
vn -0.0464 -0.9037 0.4257
vn -0.0337 -0.9049 0.4244
vn -0.1851 -0.9002 0.3942
vn -0.1891 -0.9170 0.3513
vn -0.1891 -0.9170 0.3512
vn 0.0191 -0.9132 0.4070
vn 0.0190 -0.9132 0.4070
vn 0.0181 -0.9138 0.4058
vn -0.1080 -0.8918 0.4393
vn 0.0181 -0.9138 0.4059
vn -0.0835 -0.8987 0.4305
vn -0.2731 -0.8261 0.4929
vn -0.0836 -0.8987 0.4305
vn -0.3161 -0.8027 0.5057
vn -0.3606 -0.7760 0.5174
vn -0.4414 -0.7351 0.5146
vn -0.4412 -0.7353 0.5144
vn -0.1266 -0.8125 0.5690
vn -0.1266 -0.8124 0.5692
vn -0.4414 0.7350 -0.5147
vn -0.4412 0.7354 -0.5144
vn -0.1265 0.8124 -0.5693
vn -0.4414 0.7772 0.4486
vn -0.4411 0.7771 0.4488
vn -0.1265 0.8592 0.4957
vn -0.1264 0.8593 0.4956
vn -0.4411 -0.7771 -0.4488
vn -0.4413 -0.7772 -0.4486
vn -0.1265 -0.8592 -0.4957
vn -0.1266 -0.8591 -0.4960
vn 0.0081 -0.8191 0.5736
vn 0.0081 0.8191 -0.5736
vn 0.0084 0.8662 0.4997
vn 0.0084 -0.8662 -0.4997
vn 0.3180 -0.7766 0.5439
vn 0.3182 -0.7765 0.5439
vn 0.3177 0.7767 -0.5438
vn 0.3180 0.7766 -0.5439
vn 0.3181 0.8209 0.4743
vn 0.3177 0.8211 0.4741
vn 0.3177 -0.8211 -0.4741
vn 0.3181 -0.8209 -0.4743
vn -0.0005 -0.0005 1.0000
vn 0.0005 -1.0000 0.0005
vn 0.0005 -1.0000 -0.0005
vn -0.0005 1.0000 -0.0005
vn -0.0005 1.0000 0.0005
vn -0.0005 0.7606 0.6492
vn -1.0000 -0.0005 -0.0005
vn -1.0000 -0.0004 -0.0005
vt 0.500000 0.500000
vt 0.875000 0.500000
vt 0.625000 0.500000
vt 0.750000 0.500000
vt 0.000000 0.500000
vt 0.375000 0.500000
vt 0.125000 0.500000
vt 0.250000 0.500000
vt 0.375000 0.250000
vt 0.625000 0.250000
vt 0.375000 0.000000
vt 0.875000 0.250000
vt 0.625000 0.750000
vt 0.250000 0.990000
vt 0.080294 0.580294
vt 0.080294 0.919706
vt 0.010000 0.750000
vt 0.250000 0.510000
vt 0.419706 0.919706
vt 0.419706 0.580294
vt 0.490000 0.750000
vt 1.000000 1.000000
vt 1.000000 0.000000
vt 0.500000 1.000000
vt 0.500000 0.000000
vt 1.000000 0.500000
vt 0.875000 0.000000
vt 0.750000 0.000000
vt 0.625000 0.000000
vt 0.250000 0.000000
vt 0.125000 0.000000
vt 0.000000 0.000000
s 1
usemtl Material_0
f 1/1/1 2/2/1 3/3/1
f 4/3/1 5/2/1 6/4/1
f 7/2/1 8/1/1 9/5/1
f 10/5/1 11/1/1 12/6/1
f 13/6/1 14/7/1 15/5/1
f 16/7/1 17/6/1 18/8/1
f 19/9/2 20/10/2 21/11/2
s 0
f 22/3/3 23/12/3 24/10/3
f 25/13/4 26/3/4 27/6/4
s 1
f 28/7/5 29/6/5 30/9/5
f 31/14/6 32/15/7 33/16/7
f 34/16/8 35/15/8 36/17/8
f 37/15/7 38/14/9 39/18/10
f 40/19/11 41/18/12 42/14/9
f 43/18/13 44/19/11 45/20/11
f 46/19/14 47/21/14 48/20/14
f 49/22/15 50/23/16 51/22/16
f 52/23/16 53/22/15 54/23/17
f 55/22/18 56/23/17 57/22/15
f 58/23/17 59/22/19 60/23/20
f 61/22/21 62/23/22 63/22/23
f 64/23/22 65/22/21 66/23/24
f 67/22/25 68/23/26 69/22/27
f 70/23/26 71/22/25 72/23/28
f 73/22/29 74/22/30 75/23/29
f 76/23/31 77/23/32 78/22/30
f 79/22/30 80/22/33 81/23/31
f 82/23/34 83/23/31 84/22/33
f 85/23/35 86/22/36 87/22/37
f 88/23/38 89/23/35 90/22/37
f 91/22/39 92/22/40 93/23/41
f 94/23/42 95/23/41 96/22/40
f 97/23/43 98/22/44 99/22/45
f 100/22/46 101/23/43 102/23/46
f 103/22/45 104/23/47 105/23/43
f 106/23/47 107/22/48 108/22/49
f 109/22/49 110/23/50 111/23/51
f 112/23/52 113/22/49 114/22/53
f 115/22/54 116/23/55 117/23/56
f 118/23/57 119/22/54 120/22/58
f 121/22/59 122/23/60 123/23/59
f 124/23/60 125/22/59 126/22/61
f 127/22/62 128/23/63 129/23/60
f 130/23/63 131/22/61 132/22/64
f 133/22/64 134/23/65 135/23/66
f 136/23/65 137/22/67 138/22/68
f 139/22/69 140/23/70 141/23/71
f 142/23/72 143/22/69 144/22/73
f 145/22/74 146/22/75 147/23/74
f 148/23/76 149/22/75 150/23/77
f 151/22/78 152/22/79 153/23/77
f 154/23/80 155/22/79 156/23/81
f 157/22/79 158/22/82 159/23/81
f 160/23/81 161/22/82 162/23/83
f 163/22/84 164/23/85 165/22/86
f 166/23/87 167/22/84 168/23/88
f 169/22/89 170/23/90 171/22/91
f 172/23/90 173/22/89 174/23/92
f 175/22/93 176/23/92 177/22/94
f 178/23/92 179/22/95 180/23/95
f 181/22/96 182/22/97 183/23/96
f 184/23/96 185/22/97 186/23/98
f 187/22/97 188/22/99 189/23/98
f 190/23/98 191/22/99 192/23/100
f 193/22/99 194/22/101 195/23/100
f 196/23/100 197/22/101 198/23/102
f 199/22/103 200/22/104 201/23/105
f 202/23/106 203/23/107 204/22/108
f 205/22/109 206/22/110 207/23/111
f 208/23/112 209/23/111 210/22/113
f 211/22/110 212/22/114 213/23/112
f 214/23/115 215/23/112 216/22/115
f 217/22/116 218/23/117 219/23/116
f 220/23/117 221/22/116 222/22/118
f 223/22/118 224/23/119 225/23/117
f 226/23/119 227/22/118 228/22/120
f 229/22/121 230/23/122 231/23/119
f 232/23/122 233/22/121 234/22/123
f 235/22/124 236/23/125 237/23/126
f 238/23/125 239/22/124 240/22/127
f 241/22/127 242/23/128 243/23/129
f 244/23/128 245/22/127 246/22/130
f 247/22/130 248/23/131 249/23/128
f 250/23/131 251/22/130 252/22/131
f 253/22/132 254/23/133 255/23/132
f 256/23/133 257/22/132 258/22/134
f 259/22/135 260/23/136 261/23/133
f 262/23/136 263/22/134 264/22/137
f 265/22/138 266/23/139 267/23/136
f 268/23/139 269/22/138 270/22/140
f 271/22/141 272/23/142 273/23/143
f 274/23/142 275/22/141 276/22/144
f 277/22/144 278/23/145 279/23/146
f 280/23/145 281/22/144 282/22/147
f 283/22/147 284/23/148 285/23/145
f 286/23/148 287/22/147 288/22/148
f 289/22/149 290/23/150 291/23/149
f 292/23/151 293/22/152 294/22/153
f 295/22/153 296/23/154 297/23/151
f 298/23/154 299/22/155 300/22/156
f 301/22/157 302/23/158 303/23/159
f 304/23/158 305/22/157 306/22/160
f 307/22/160 308/23/161 309/23/162
f 310/23/161 311/22/160 312/22/163
f 313/22/164 314/23/165 315/23/166
f 316/23/165 317/22/164 318/22/167
f 319/22/168 320/23/169 321/23/170
f 322/23/171 323/22/172 324/22/171
f 325/22/173 326/23/174 327/22/174
f 328/23/175 329/22/176 330/23/177
f 331/22/178 332/23/179 333/22/173
f 334/23/179 335/22/178 336/23/180
f 337/22/181 338/23/182 339/22/178
f 340/23/182 341/22/181 342/23/183
f 343/22/184 344/23/185 345/22/186
f 346/23/185 347/22/184 348/23/187
f 349/22/188 350/23/189 351/22/190
f 352/23/191 353/23/189 354/22/188
f 355/22/192 356/23/193 357/22/194
f 358/23/193 359/22/195 360/23/195
f 361/22/196 362/22/197 363/23/196
f 364/23/198 365/23/199 366/22/200
f 367/22/200 368/22/201 369/23/202
f 370/23/203 371/23/204 372/22/205
f 373/23/206 374/22/201 375/22/207
f 376/23/208 377/23/206 378/22/207
f 379/22/209 380/22/210 381/23/211
f 382/23/212 383/23/213 384/22/210
f 385/22/214 386/22/215 387/23/216
f 388/23/217 389/23/216 390/22/215
f 391/22/218 392/22/219 393/23/220
f 394/23/221 395/23/220 396/22/221
f 397/23/222 398/22/223 399/22/224
f 400/22/225 401/23/226 402/23/225
f 403/22/227 404/23/228 405/23/222
f 406/23/228 407/22/227 408/22/229
f 409/22/230 410/23/231 411/23/232
f 412/23/233 413/22/230 414/22/234
f 415/22/234 416/23/235 417/23/233
f 418/23/235 419/22/236 420/22/237
f 421/22/238 422/23/239 423/23/235
f 424/23/239 425/22/238 426/22/240
f 427/22/241 428/23/242 429/23/243
f 430/23/244 431/22/240 432/22/244
f 433/22/245 434/22/246 435/23/245
f 436/23/247 437/22/246 438/23/248
f 439/22/249 440/23/248 441/22/246
f 442/23/248 443/22/249 444/23/250
f 445/22/251 446/23/250 447/22/249
f 448/23/250 449/22/251 450/23/252
f 451/22/253 452/23/254 453/22/255
f 454/23/254 455/22/253 456/23/256
f 457/22/257 458/23/256 459/22/258
f 460/23/256 461/22/257 462/23/259
f 463/22/260 464/22/261 465/23/262
f 466/23/263 467/23/264 468/22/263
f 469/22/265 470/22/266 471/23/265
f 472/23/265 473/22/266 474/23/267
f 475/23/267 476/22/266 477/22/268
f 478/23/269 479/23/267 480/22/268
f 481/23/269 482/22/268 483/22/270
f 484/23/271 485/23/269 486/22/270
f 487/22/272 488/22/273 489/23/274
f 490/23/275 491/23/274 492/22/273
f 493/22/276 494/22/277 495/23/278
f 496/23/279 497/23/278 498/22/277
f 499/22/280 500/22/281 501/23/282
f 502/23/281 503/23/283 504/22/281
f 505/22/284 506/23/285 507/23/284
f 508/23/285 509/22/284 510/22/286
f 511/22/286 512/23/287 513/23/285
f 514/23/287 515/22/286 516/22/288
f 517/22/289 518/23/290 519/23/291
f 520/23/290 521/22/289 522/22/292
f 523/22/293 524/23/294 525/23/295
f 526/23/294 527/22/296 528/22/297
f 529/22/297 530/23/298 531/23/299
f 532/23/298 533/22/297 534/22/300
f 535/22/301 536/23/302 537/23/303
f 538/23/304 539/22/305 540/22/304
f 541/22/306 542/23/307 543/23/306
f 544/23/307 545/22/306 546/22/308
f 547/22/308 548/23/309 549/23/307
f 550/23/309 551/22/308 552/22/310
f 553/22/310 554/23/311 555/23/309
f 556/23/311 557/22/310 558/22/312
f 559/22/313 560/23/314 561/23/315
f 562/23/314 563/22/316 564/22/317
f 565/22/317 566/23/318 567/23/319
f 568/23/318 569/22/317 570/22/320
f 571/22/321 572/23/322 573/23/323
f 574/23/324 575/22/325 576/22/324
f 577/10/326 578/9/327 579/9/328
f 580/9/327 581/10/326 582/10/329
f 583/9/328 584/10/330 585/10/326
f 586/10/331 587/9/332 588/9/333
f 589/10/330 590/9/328 591/9/330
f 592/9/332 593/10/331 594/10/334
f 595/10/334 596/9/335 597/9/336
f 598/9/337 599/10/334 600/10/337
f 601/9/338 602/10/330 603/9/330
f 604/9/338 605/10/339 606/10/330
f 607/9/338 608/10/340 609/10/339
f 610/10/340 611/9/338 612/9/341
f 613/10/342 614/9/341 615/10/343
f 616/10/344 617/9/345 618/9/346
f 619/9/345 620/10/344 621/10/347
f 622/9/346 623/10/348 624/10/344
f 625/10/349 626/9/350 627/9/351
f 628/10/348 629/9/346 630/9/348
f 631/9/352 632/10/349 633/10/353
f 634/10/353 635/9/354 636/9/350
f 637/9/355 638/10/353 639/10/355
f 640/9/356 641/10/348 642/9/348
f 643/9/356 644/10/357 645/10/348
f 646/9/356 647/10/358 648/10/359
f 649/10/360 650/9/356 651/9/361
f 652/10/362 653/9/361 654/10/363
f 655/9/364 656/9/365 657/6/366
f 658/9/367 659/6/368 660/6/366
f 661/9/367 662/9/369 663/6/368
f 664/6/368 665/9/369 666/6/369
f 667/9/370 668/6/366 669/6/371
f 670/9/372 671/9/370 672/6/371
f 673/6/373 674/9/372 675/6/371
f 676/6/373 677/9/373 678/9/372
f 679/6/373 680/9/374 681/9/373
f 682/9/375 683/6/376 684/6/377
f 685/9/378 686/6/379 687/6/380
f 688/9/381 689/9/374 690/6/380
f 691/9/381 692/6/380 693/9/382
f 694/9/383 695/9/384 696/6/385
f 697/6/384 698/6/385 699/9/384
f 700/9/386 701/6/385 702/6/387
f 703/9/388 704/9/386 705/6/387
f 706/9/389 707/6/387 708/6/390
f 709/9/391 710/9/389 711/6/390
f 712/6/392 713/9/391 714/6/390
f 715/6/392 716/9/392 717/9/391
f 718/6/392 719/9/393 720/9/392
f 721/9/394 722/6/395 723/6/396
f 724/9/397 725/6/398 726/6/399
f 727/9/400 728/9/397 729/6/401
f 730/9/400 731/6/401 732/9/402
f 733/14/403 734/16/404 735/14/405
f 736/14/406 737/19/407 738/19/408
f 739/9/409 740/9/410 741/6/411
f 742/9/412 743/6/413 744/6/411
f 745/9/414 746/6/413 747/9/412
f 748/6/415 749/9/414 750/6/414
f 751/9/409 752/6/416 753/6/417
f 754/6/417 755/9/418 756/9/409
f 757/6/417 758/9/419 759/9/420
f 760/9/419 761/6/421 762/6/422
f 763/6/422 764/9/423 765/9/419
f 766/9/424 767/6/422 768/6/425
f 769/6/426 770/6/427 771/9/424
f 772/9/428 773/9/424 774/6/427
f 775/9/428 776/6/427 777/9/429
f 778/9/430 779/6/431 780/9/432
f 781/6/433 782/9/434 783/6/434
f 784/9/432 785/6/431 786/6/435
f 787/9/436 788/9/432 789/6/435
f 790/9/436 791/6/437 792/6/438
f 793/6/438 794/9/439 795/9/436
f 796/6/438 797/9/440 798/9/441
f 799/9/440 800/6/442 801/6/443
f 802/6/443 803/9/444 804/9/440
f 805/9/445 806/6/443 807/6/446
f 808/6/447 809/6/448 810/9/445
f 811/9/449 812/9/445 813/6/448
f 814/9/449 815/6/448 816/9/450
f 817/10/451 818/9/452 819/9/453
f 820/10/454 821/9/455 822/9/456
f 823/9/452 824/10/451 825/10/457
f 826/9/458 827/10/459 828/10/454
f 829/10/457 830/9/460 831/9/461
f 832/10/459 833/9/458 834/9/462
f 835/9/460 836/10/457 837/10/463
f 838/10/463 839/9/464 840/9/460
f 841/9/464 842/10/465 843/10/464
f 844/9/462 845/10/466 846/10/459
f 847/9/462 848/10/467 849/10/468
f 850/10/467 851/9/462 852/9/469
f 853/10/467 854/9/469 855/10/470
f 856/10/471 857/9/472 858/9/473
f 859/10/474 860/9/475 861/9/476
f 862/9/472 863/10/471 864/10/477
f 865/9/476 866/10/478 867/10/471
f 868/10/477 869/9/479 870/9/480
f 871/10/478 872/9/481 873/9/482
f 874/9/479 875/10/477 876/10/483
f 877/10/484 878/9/485 879/9/479
f 880/9/486 881/10/484 882/10/486
f 883/9/482 884/10/487 885/10/478
f 886/9/482 887/10/488 888/10/489
f 889/10/488 890/9/482 891/9/490
f 892/10/488 893/9/490 894/10/491
f 895/17/492 896/15/493 897/15/494
f 898/18/495 899/15/494 900/15/496
f 901/15/494 902/18/495 903/18/495
f 904/16/497 905/17/498 906/17/498
f 907/22/499 908/23/500 909/23/501
f 910/23/502 911/22/503 912/22/502
f 913/23/501 914/22/504 915/22/503
f 916/22/505 917/23/501 918/23/505
f 919/23/506 920/22/507 921/22/506
f 922/22/508 923/23/509 924/23/510
f 925/23/511 926/22/512 927/22/508
f 928/22/512 929/23/510 930/23/512
f 931/22/513 932/22/514 933/23/515
f 934/23/516 935/23/517 936/22/516
f 937/23/518 938/22/519 939/23/515
f 940/22/520 941/22/513 942/23/520
f 943/23/521 944/23/522 945/22/521
f 946/22/521 947/23/522 948/22/523
f 949/23/524 950/23/525 951/22/526
f 952/22/527 953/22/523 954/23/527
f 955/22/528 956/24/528 957/22/528
f 958/22/528 959/24/528 960/24/528
f 961/24/528 962/22/528 963/22/528
f 964/22/528 965/22/528 966/22/528
f 967/22/529 968/22/529 969/22/529
f 970/22/528 971/22/528 972/22/528
f 973/22/528 974/22/528 975/22/528
f 976/22/530 977/22/530 978/22/530
f 979/22/529 980/22/529 981/22/529
f 982/22/531 983/24/531 984/22/531
f 985/22/531 986/24/531 987/24/531
f 988/24/531 989/22/531 990/22/531
f 991/22/532 992/22/532 993/22/532
f 994/22/531 995/22/531 996/22/531
f 997/22/531 998/22/531 999/22/531
f 1000/22/532 1001/22/532 1002/22/532
f 1003/22/532 1004/22/532 1005/22/532
f 1006/22/531 1007/22/531 1008/22/531
f 1009/17/492 1010/15/494 1011/17/492
f 1012/16/497 1013/17/498 1014/16/404
f 1015/14/403 1016/16/533 1017/16/404
f 1018/19/407 1019/14/403 1020/14/534
f 1021/21/535 1022/19/536 1023/19/407
f 1024/19/536 1025/21/537 1026/21/538
f 1027/20/539 1028/21/540 1029/21/541
f 1030/21/540 1031/20/539 1032/20/542
f 1033/18/495 1034/20/543 1035/20/539
f 1036/18/495 1037/20/544 1038/18/495
f 1039/22/545 1040/22/545 1041/22/545
f 1042/22/546 1043/22/546 1044/22/546
f 1045/22/545 1046/22/545 1047/22/545
f 1048/22/545 1049/22/545 1050/22/545
f 1051/22/545 1052/22/545 1053/22/545
f 1054/22/529 1055/22/529 1056/22/529
f 1057/22/528 1058/22/528 1059/22/528
f 1060/22/547 1061/23/548 1062/23/549
f 1063/23/550 1064/22/547 1065/22/550
f 1066/23/549 1067/22/551 1068/22/547
f 1069/22/552 1070/23/549 1071/23/552
f 1072/22/553 1073/22/553 1074/22/553
f 1075/22/554 1076/22/554 1077/22/554
f 1078/22/555 1079/22/555 1080/22/555
f 1081/22/554 1082/22/554 1083/22/554
f 1084/22/555 1085/22/555 1086/22/555
f 1087/22/554 1088/22/554 1089/22/554
f 1090/22/554 1091/22/554 1092/22/554
f 1093/22/554 1094/22/554 1095/22/554
f 1096/22/556 1097/22/556 1098/22/556
f 1099/22/554 1100/22/554 1101/22/554
f 1102/22/553 1103/22/553 1104/22/553
s 0
f 1105/22/557 1106/22/557 1107/22/557
s 1
f 1108/22/554 1109/22/554 1110/22/554
f 1111/22/553 1112/22/553 1113/22/553
f 1114/22/531 1115/22/531 1116/22/531
f 1117/22/531 1118/22/531 1119/22/531
f 1120/22/531 1121/22/531 1122/22/531
f 1123/22/532 1124/22/532 1125/22/532
f 1126/22/532 1127/22/532 1128/22/532
f 1129/22/558 1130/22/558 1131/22/558
s 0
f 1132/22/559 1133/22/559 1134/22/559
s 1
f 1135/23/560 1136/22/561 1137/22/560
f 1138/22/561 1139/23/562 1140/23/563
f 1141/23/563 1142/22/564 1143/22/561
f 1144/22/565 1145/23/563 1146/23/565
f 1147/22/566 1148/22/566 1149/22/566
f 1150/22/567 1151/22/567 1152/22/567
f 1153/22/566 1154/22/566 1155/22/566
f 1156/22/566 1157/22/566 1158/22/566
f 1159/22/566 1160/22/566 1161/22/566
f 1162/22/566 1163/22/566 1164/22/566
f 1165/22/568 1166/22/568 1167/22/568
f 1168/22/566 1169/22/566 1170/22/566
f 1171/22/566 1172/22/566 1173/22/566
f 1174/22/569 1175/22/569 1176/22/569
f 1177/22/569 1178/22/569 1179/22/569
s 0
f 1180/22/570 1181/22/570 1182/22/570
s 1
f 1183/22/569 1184/22/569 1185/22/569
f 1186/22/567 1187/22/567 1188/22/567
f 1189/23/571 1190/25/571 1191/23/571
f 1192/25/572 1193/23/572 1194/25/572
f 1195/23/571 1196/25/571 1197/23/571
f 1198/23/573 1199/23/573 1200/23/573
f 1201/23/574 1202/23/574 1203/23/574
f 1204/23/574 1205/23/574 1206/23/574
f 1207/23/575 1208/23/575 1209/23/575
f 1210/23/573 1211/23/573 1212/23/573
f 1213/23/573 1214/23/573 1215/23/573
f 1216/22/576 1217/22/577 1218/23/578
f 1219/23/577 1220/23/578 1221/22/577
f 1222/23/579 1223/22/580 1224/23/581
f 1225/22/582 1226/22/580 1227/23/582
f 1228/23/583 1229/23/583 1230/23/583
f 1231/23/583 1232/23/583 1233/23/583
f 1234/23/584 1235/23/584 1236/23/584
f 1237/23/583 1238/23/583 1239/23/583
f 1240/23/583 1241/23/583 1242/23/583
f 1243/23/584 1244/23/584 1245/23/585
s 0
f 1246/23/584 1247/23/584 1248/23/584
s 1
f 1249/23/573 1250/23/573 1251/23/573
f 1252/23/573 1253/23/573 1254/23/573
f 1255/23/573 1256/23/573 1257/23/573
f 1258/23/586 1259/23/586 1260/23/586
f 1261/23/571 1262/23/571 1263/23/571
f 1264/23/573 1265/23/573 1266/23/573
f 1267/23/573 1268/23/573 1269/23/573
f 1270/23/587 1271/23/588 1272/22/587
f 1273/22/589 1274/23/590 1275/22/591
f 1276/23/590 1277/23/592 1278/22/591
f 1279/22/593 1280/22/591 1281/23/593
f 1282/23/594 1283/23/594 1284/23/594
f 1285/23/595 1286/23/595 1287/23/595
f 1288/23/596 1289/23/596 1290/23/596
f 1291/23/597 1292/23/597 1293/23/597
f 1294/23/596 1295/23/596 1296/23/596
f 1297/23/597 1298/23/597 1299/23/597
f 1300/23/598 1301/23/598 1302/23/598
f 1303/23/595 1304/23/595 1305/23/595
f 1306/23/596 1307/23/596 1308/23/596
f 1309/23/597 1310/23/597 1311/23/597
f 1312/23/595 1313/23/595 1314/23/595
f 1315/23/596 1316/23/596 1317/23/596
f 1318/23/597 1319/23/597 1320/23/597
f 1321/23/597 1322/23/597 1323/23/597
f 1324/23/596 1325/25/596 1326/23/596
f 1327/25/594 1328/23/594 1329/25/594
f 1330/23/596 1331/25/596 1332/23/596
f 1333/23/596 1334/23/596 1335/23/596
f 1336/23/597 1337/23/597 1338/23/597
f 1339/23/599 1340/23/599 1341/23/599
f 1342/23/595 1343/23/595 1344/23/595
f 1345/23/597 1346/23/597 1347/23/597
f 1348/23/597 1349/23/597 1350/23/597
f 1351/23/583 1352/23/583 1353/23/583
f 1354/23/600 1355/23/600 1356/23/600
f 1357/23/601 1358/23/601 1359/23/601
f 1360/23/583 1361/23/583 1362/23/583
f 1363/23/583 1364/23/583 1365/23/583
f 1366/23/601 1367/23/601 1368/23/601
f 1369/23/583 1370/23/583 1371/23/583
f 1372/23/596 1373/23/596 1374/23/596
f 1375/23/602 1376/23/602 1377/23/602
f 1378/23/596 1379/23/596 1380/23/596
f 1381/23/598 1382/23/598 1383/23/598
f 1384/23/597 1385/23/597 1386/23/597
f 1387/23/596 1388/23/596 1389/23/596
f 1390/23/597 1391/23/597 1392/23/597
f 1393/23/603 1394/22/604 1395/22/603
f 1396/22/604 1397/23/605 1398/23/606
f 1399/23/606 1400/22/607 1401/22/604
f 1402/22/608 1403/23/606 1404/23/608
f 1405/23/609 1406/25/609 1407/23/609
f 1408/25/610 1409/23/610 1410/25/610
f 1411/23/609 1412/25/609 1413/23/609
f 1414/23/558 1415/23/558 1416/23/558
f 1417/23/609 1418/23/609 1419/23/609
f 1420/23/609 1421/23/609 1422/23/609
f 1423/23/558 1424/23/558 1425/23/558
f 1426/23/532 1427/23/532 1428/23/532
f 1429/23/531 1430/23/531 1431/23/531
f 1432/22/611 1433/23/612 1434/23/613
f 1435/23/614 1436/22/611 1437/22/614
f 1438/23/613 1439/22/615 1440/22/611
f 1441/22/616 1442/23/613 1443/23/616
f 1444/23/545 1445/23/545 1446/23/545
f 1447/23/528 1448/23/528 1449/23/528
f 1450/23/528 1451/23/528 1452/23/528
f 1453/23/528 1454/23/528 1455/23/528
s 0
f 1456/23/617 1457/23/617 1458/23/617
s 1
f 1459/23/528 1460/23/528 1461/23/528
f 1462/23/545 1463/23/545 1464/23/545
f 1465/23/555 1466/25/555 1467/23/555
f 1468/25/554 1469/23/554 1470/25/554
f 1471/23/618 1472/25/618 1473/23/618
f 1474/23/554 1475/23/554 1476/23/554
f 1477/23/554 1478/23/554 1479/23/554
f 1480/23/555 1481/23/555 1482/23/555
f 1483/23/618 1484/23/618 1485/23/618
f 1486/23/553 1487/23/553 1488/23/553
f 1489/23/554 1490/23/554 1491/23/554
f 1492/22/599 1493/24/599 1494/22/599
f 1495/22/619 1496/24/619 1497/24/619
f 1498/24/596 1499/22/596 1500/22/596
f 1501/22/597 1502/22/597 1503/22/597
f 1504/22/597 1505/22/597 1506/22/597
f 1507/22/597 1508/22/597 1509/22/597
f 1510/22/619 1511/22/619 1512/22/619
f 1513/22/602 1514/22/602 1515/22/602
f 1516/22/619 1517/22/619 1518/22/619
f 1519/22/620 1520/22/620 1521/22/620
f 1522/22/621 1523/22/621 1524/22/621
f 1525/22/620 1526/22/620 1527/22/620
f 1528/22/622 1529/22/622 1530/22/622
s 0
f 1531/22/622 1532/22/622 1533/22/622
s 1
f 1534/22/621 1535/22/621 1536/22/621
f 1537/22/623 1538/22/623 1539/22/623
f 1540/22/597 1541/22/597 1542/22/597
f 1543/22/619 1544/22/619 1545/22/619
f 1546/22/597 1547/22/597 1548/22/597
f 1549/22/594 1550/22/594 1551/22/594
f 1552/22/597 1553/22/597 1554/22/597
f 1555/22/597 1556/22/597 1557/22/597
f 1558/22/597 1559/22/597 1560/22/597
f 1561/22/624 1562/22/625 1563/23/626
f 1564/23/627 1565/23/626 1566/22/627
f 1567/23/628 1568/22/624 1569/23/626
f 1570/22/629 1571/22/624 1572/23/629
f 1573/22/597 1574/22/597 1575/22/597
f 1576/22/597 1577/22/597 1578/22/597
f 1579/22/597 1580/22/597 1581/22/597
f 1582/22/599 1583/22/599 1584/22/599
f 1585/22/597 1586/22/597 1587/22/597
f 1588/22/597 1589/22/597 1590/22/597
f 1591/22/597 1592/22/597 1593/22/597
f 1594/22/573 1595/22/573 1596/22/573
f 1597/22/571 1598/22/571 1599/22/571
f 1600/22/586 1601/22/586 1602/22/586
f 1603/22/630 1604/22/630 1605/22/630
f 1606/22/586 1607/22/586 1608/22/586
f 1609/22/573 1610/22/573 1611/22/573
f 1612/22/630 1613/22/630 1614/22/630
f 1615/22/573 1616/22/573 1617/22/573
f 1618/22/571 1619/22/571 1620/22/571
f 1621/22/573 1622/22/573 1623/22/573
f 1624/22/571 1625/22/571 1626/22/571
f 1627/22/573 1628/22/573 1629/22/573
f 1630/22/572 1631/22/572 1632/22/572
f 1633/22/573 1634/22/573 1635/22/573
f 1636/23/631 1637/23/632 1638/22/631
f 1639/22/633 1640/23/632 1641/22/634
f 1642/23/632 1643/23/635 1644/22/636
f 1645/22/637 1646/22/636 1647/23/637
f 1648/22/583 1649/22/583 1650/22/583
f 1651/22/583 1652/22/583 1653/22/583
f 1654/22/601 1655/22/601 1656/22/601
f 1657/22/601 1658/22/601 1659/22/601
f 1660/22/583 1661/22/583 1662/22/583
f 1663/22/583 1664/22/583 1665/22/583
f 1666/22/583 1667/22/583 1668/22/583
f 1669/22/572 1670/24/572 1671/22/572
f 1672/22/586 1673/24/586 1674/24/586
f 1675/24/573 1676/22/573 1677/22/573
f 1678/22/573 1679/22/573 1680/22/573
f 1681/22/573 1682/22/573 1683/22/573
f 1684/22/573 1685/22/573 1686/22/573
f 1687/22/630 1688/22/630 1689/22/630
f 1690/22/573 1691/22/573 1692/22/573
f 1693/22/630 1694/22/630 1695/22/630
f 1696/23/532 1697/23/532 1698/23/532
f 1699/23/558 1700/23/558 1701/23/558
f 1702/23/609 1703/23/609 1704/23/609
f 1705/23/532 1706/23/532 1707/23/532
f 1708/23/609 1709/23/609 1710/23/609
f 1711/23/532 1712/23/532 1713/23/532
f 1714/23/532 1715/23/532 1716/23/532
f 1717/23/532 1718/23/532 1719/23/532
f 1720/23/609 1721/23/609 1722/23/609
f 1723/23/609 1724/23/609 1725/23/609
f 1726/23/609 1727/23/609 1728/23/609
f 1729/23/610 1730/23/610 1731/23/610
f 1732/23/609 1733/23/609 1734/23/609
f 1735/23/532 1736/23/532 1737/23/532
f 1738/23/567 1739/23/567 1740/23/567
f 1741/23/566 1742/23/566 1743/23/566
f 1744/23/568 1745/23/568 1746/23/568
f 1747/23/566 1748/23/566 1749/23/566
f 1750/23/569 1751/23/569 1752/23/569
f 1753/23/566 1754/23/566 1755/23/566
f 1756/23/568 1757/23/568 1758/23/568
f 1759/23/554 1760/23/554 1761/23/554
f 1762/23/618 1763/23/618 1764/23/618
f 1765/23/618 1766/23/618 1767/23/618
f 1768/23/554 1769/23/554 1770/23/554
f 1771/23/553 1772/23/553 1773/23/553
f 1774/23/618 1775/23/618 1776/23/618
f 1777/23/553 1778/23/553 1779/23/553
f 1780/23/546 1781/23/546 1782/23/546
f 1783/23/529 1784/23/529 1785/23/529
f 1786/23/529 1787/23/529 1788/23/529
f 1789/23/545 1790/23/545 1791/23/545
f 1792/23/545 1793/23/545 1794/23/545
f 1795/23/546 1796/23/546 1797/23/546
f 1798/23/529 1799/23/529 1800/23/529
f 1801/22/638 1802/23/639 1803/23/640
f 1804/23/641 1805/22/638 1806/22/642
f 1807/22/642 1808/23/643 1809/23/641
f 1810/23/644 1811/22/642 1812/22/644
f 1813/24/645 1814/22/638 1815/23/640
f 1816/23/646 1817/25/647 1818/24/645
f 1819/25/648 1820/24/649 1821/24/645
f 1822/24/650 1823/25/648 1824/25/650
f 1825/22/651 1826/22/652 1827/23/653
f 1828/23/654 1829/23/653 1830/22/655
f 1831/22/656 1832/22/657 1833/23/658
f 1834/23/659 1835/23/658 1836/22/659
f 1837/23/660 1838/22/661 1839/22/662
f 1840/22/662 1841/23/663 1842/23/660
f 1843/23/663 1844/22/664 1845/22/663
f 1846/22/661 1847/23/665 1848/23/666
f 1849/24/667 1850/22/661 1851/23/668
f 1852/23/666 1853/25/669 1854/24/670
f 1855/25/671 1856/24/672 1857/24/670
f 1858/24/672 1859/25/671 1860/25/672
f 1861/22/673 1862/22/674 1863/23/675
f 1864/23/676 1865/23/677 1866/22/678
f 1867/22/679 1868/22/680 1869/23/681
f 1870/23/682 1871/23/681 1872/22/682
f 1873/25/683 1874/22/684 1875/23/685
f 1876/22/684 1877/25/683 1878/24/686
f 1879/25/683 1880/25/687 1881/24/686
f 1882/24/688 1883/25/689 1884/24/689
f 1885/22/690 1886/23/691 1887/22/692
f 1888/25/693 1889/22/694 1890/23/695
f 1891/23/691 1892/22/690 1893/23/696
f 1894/22/697 1895/23/698 1896/22/699
f 1897/23/698 1898/22/697 1899/23/697
f 1900/22/694 1901/25/693 1902/24/700
f 1903/25/693 1904/25/701 1905/24/700
f 1906/24/700 1907/25/702 1908/24/702
f 1909/22/703 1910/23/704 1911/22/705
f 1912/23/704 1913/22/706 1914/23/707
f 1915/22/708 1916/23/709 1917/22/710
f 1918/23/711 1919/22/712 1920/23/712
f 1921/23/713 1922/22/714 1923/22/715
f 1924/22/58 1925/23/713 1926/23/57
f 1927/22/715 1928/23/716 1929/23/717
f 1930/23/718 1931/22/715 1932/22/718
f 1933/22/73 1934/23/719 1935/23/70
f 1936/23/720 1937/22/721 1938/22/722
f 1939/22/722 1940/23/723 1941/23/724
f 1942/23/725 1943/22/722 1944/22/725
f 1945/3/726 1946/10/727 1947/10/728
f 1948/10/729 1949/3/730 1950/3/726
f 1951/3/730 1952/10/728 1953/10/731
f 1954/10/732 1955/3/726 1956/3/733
f 1957/3/733 1958/10/734 1959/10/732
f 1960/10/734 1961/3/733 1962/3/734
f 1963/10/735 1964/3/736 1965/10/737
f 1966/10/735 1967/3/735 1968/3/736
f 1969/10/738 1970/3/735 1971/10/735
f 1972/10/739 1973/3/740 1974/3/735
f 1975/10/741 1976/3/742 1977/3/743
f 1978/3/742 1979/10/741 1980/10/744
f 1981/3/742 1982/10/744 1983/3/745
f 1984/3/746 1985/10/747 1986/10/748
f 1987/10/749 1988/3/750 1989/3/746
f 1990/3/750 1991/10/748 1992/10/751
f 1993/10/747 1994/3/746 1995/3/752
f 1996/3/752 1997/10/753 1998/10/754
f 1999/10/753 2000/3/752 2001/3/753
f 2002/10/755 2003/3/756 2004/10/751
f 2005/10/755 2006/3/755 2007/3/756
f 2008/10/757 2009/3/755 2010/10/755
f 2011/10/758 2012/3/759 2013/3/755
f 2014/10/760 2015/3/761 2016/3/759
f 2017/3/761 2018/10/760 2019/10/762
f 2020/3/763 2021/10/762 2022/3/764
f 2023/3/765 2024/6/766 2025/6/767
f 2026/6/766 2027/3/765 2028/3/768
f 2029/3/768 2030/6/769 2031/6/766
f 2032/6/767 2033/3/770 2034/3/765
f 2035/6/771 2036/3/770 2037/6/767
f 2038/3/772 2039/6/773 2040/3/773
f 2041/3/774 2042/6/775 2043/6/776
f 2044/6/777 2045/3/768 2046/3/777
f 2047/3/777 2048/6/778 2049/6/777
f 2050/6/778 2051/3/775 2052/3/779
f 2053/3/780 2054/3/781 2055/6/782
f 2056/6/783 2057/6/782 2058/3/784
f 2059/6/785 2060/3/781 2061/6/786
f 2062/3/787 2063/6/788 2064/6/789
f 2065/6/788 2066/3/787 2067/3/790
f 2068/3/790 2069/6/791 2070/6/788
f 2071/6/789 2072/3/792 2073/3/787
f 2074/6/793 2075/3/792 2076/6/789
f 2077/3/794 2078/6/795 2079/3/795
f 2080/3/796 2081/6/797 2082/6/791
f 2083/6/798 2084/3/790 2085/3/798
f 2086/3/798 2087/6/799 2088/6/798
f 2089/6/799 2090/3/797 2091/3/800
f 2092/3/801 2093/3/802 2094/6/803
f 2095/6/804 2096/6/803 2097/3/805
f 2098/6/806 2099/3/802 2100/6/807
f 2101/6/808 2102/6/809 2103/3/810
f 2104/6/808 2105/3/811 2106/3/812
f 2107/6/813 2108/6/808 2109/3/814
f 2110/6/815 2111/3/816 2112/3/810
f 2113/6/815 2114/3/817 2115/3/816
f 2116/3/818 2117/6/809 2118/6/818
f 2119/3/819 2120/6/820 2121/3/812
f 2122/3/819 2123/6/821 2124/6/813
f 2125/3/822 2126/6/823 2127/6/821
f 2128/6/823 2129/3/819 2130/3/824
f 2131/6/825 2132/3/824 2133/3/826
f 2134/6/827 2135/6/828 2136/3/826
f 2137/6/827 2138/3/829 2139/6/830
f 2140/6/831 2141/6/832 2142/3/833
f 2143/6/831 2144/3/834 2145/3/835
f 2146/6/836 2147/6/831 2148/3/837
f 2149/6/838 2150/3/839 2151/3/840
f 2152/6/832 2153/3/841 2154/3/842
f 2155/3/843 2156/6/832 2157/6/843
f 2158/3/844 2159/6/836 2160/3/845
f 2161/3/844 2162/6/846 2163/6/847
f 2164/3/848 2165/6/849 2166/6/850
f 2167/6/849 2168/3/844 2169/3/851
f 2170/6/852 2171/3/851 2172/3/853
f 2173/6/854 2174/6/855 2175/3/853
f 2176/6/856 2177/3/857 2178/6/858
f 2179/3/859 2180/10/860 2181/10/861
f 2182/10/861 2183/3/862 2184/3/859
f 2185/3/863 2186/10/861 2187/10/864
f 2188/10/860 2189/3/859 2190/3/865
f 2191/3/865 2192/3/866 2193/10/860
f 2194/10/867 2195/10/860 2196/3/867
f 2197/10/864 2198/3/868 2199/3/863
f 2200/3/869 2201/10/864 2202/10/870
f 2203/10/871 2204/3/869 2205/10/870
f 2206/10/872 2207/3/873 2208/3/868
f 2209/10/872 2210/3/874 2211/3/875
f 2212/3/874 2213/10/872 2214/10/876
f 2215/3/874 2216/10/876 2217/3/877
f 2218/3/878 2219/10/879 2220/10/880
f 2221/10/880 2222/3/881 2223/3/878
f 2224/3/882 2225/10/880 2226/10/883
f 2227/10/879 2228/3/878 2229/3/884
f 2230/3/884 2231/3/885 2232/10/879
f 2233/10/886 2234/10/879 2235/3/886
f 2236/10/883 2237/3/887 2238/3/882
f 2239/3/888 2240/10/883 2241/10/889
f 2242/10/890 2243/3/888 2244/10/891
f 2245/10/890 2246/3/892 2247/3/888
f 2248/10/890 2249/3/893 2250/3/894
f 2251/3/893 2252/10/890 2253/10/895
f 2254/3/893 2255/10/895 2256/3/896
s 0
f 2257/23/897 2258/23/897 2259/22/897
s 1
f 2260/23/898 2261/22/898 2262/22/898
s 0
f 2263/22/899 2264/22/899 2265/23/899
f 2266/23/900 2267/23/900 2268/22/900
f 2269/22/901 2270/22/901 2271/23/901
f 2272/23/902 2273/23/902 2274/22/902
s 1
f 2275/22/903 2276/22/903 2277/23/903
f 2278/23/903 2279/23/903 2280/22/903
f 2281/23/904 2282/22/904 2283/23/904
f 2284/22/905 2285/23/905 2286/22/905
s 0
f 2287/23/906 2288/22/906 2289/23/906
s 1
f 2290/22/907 2291/23/907 2292/22/907
f 2293/22/908 2294/23/908 2295/22/908
s 0
f 2296/23/909 2297/22/909 2298/23/909
f 2299/23/910 2300/22/910 2301/23/910
f 2302/22/911 2303/23/911 2304/22/911
f 2305/22/912 2306/23/912 2307/22/912
f 2308/23/912 2309/22/912 2310/23/912
f 2311/22/913 2312/23/913 2313/22/913
f 2314/23/913 2315/22/913 2316/23/913
f 2317/22/914 2318/22/914 2319/23/914
f 2320/23/914 2321/23/914 2322/22/914
f 2323/22/915 2324/22/915 2325/23/915
f 2326/23/915 2327/23/915 2328/22/915
f 2329/24/916 2330/23/916 2331/22/916
s 1
f 2332/23/917 2333/24/917 2334/25/917
s 0
f 2335/25/918 2336/23/918 2337/24/918
f 2338/23/919 2339/22/919 2340/24/919
s 1
f 2341/25/920 2342/22/920 2343/24/920
s 0
f 2344/22/921 2345/25/921 2346/23/921
f 2347/22/922 2348/25/922 2349/23/922
s 1
f 2350/25/923 2351/22/923 2352/24/923
f 2353/19/1 2354/18/1 2355/20/1
f 2356/19/1 2357/20/1 2358/21/1
f 2359/18/1 2360/19/1 2361/14/1
f 2362/18/1 2363/14/1 2364/15/1
f 2365/16/1 2366/15/1 2367/14/1
f 2368/15/1 2369/16/1 2370/17/1
f 2371/23/924 2372/2/539 2373/26/495
f 2374/2/539 2375/23/924 2376/27/539
f 2377/28/925 2378/2/539 2379/27/539
f 2380/2/539 2381/28/925 2382/4/926
f 2383/29/407 2384/4/926 2385/28/925
f 2386/4/926 2387/29/407 2388/3/407
f 2389/25/403 2390/3/407 2391/29/407
f 2392/3/407 2393/25/403 2394/1/403
f 2395/11/404 2396/1/403 2397/25/403
f 2398/1/403 2399/11/404 2400/6/404
f 2401/11/404 2402/8/927 2403/6/404
f 2404/8/927 2405/11/404 2406/30/928
f 2407/30/928 2408/7/929 2409/8/927
f 2410/7/929 2411/30/928 2412/31/929
f 2413/31/929 2414/5/495 2415/7/929
f 2416/5/495 2417/31/929 2418/32/924
f 2419/3/930 2420/9/930 2421/6/930
f 2422/9/931 2423/3/931 2424/10/931
