o 
v 0.7635414153337479 -0.0018334499094635247 -0.020469699520617723
v 0.7635414153337479 -0.01630809949710965 0.014474650379270315
v 0.7635414153337479 -0.01630809949710965 -0.014473800174891948
v 0.7635414153337479 -0.01630809949710965 -0.014473800174891948
v 0.7635414153337479 -0.01630809949710965 0.014474650379270315
v 0.7635414153337479 -0.0223040004260838 0
v 0.7635414153337479 -0.01630809949710965 0.014474650379270315
v 0.7635414153337479 -0.0018334499094635247 -0.020469699520617723
v 0.7635414153337479 -0.0018334499094635247 0.02047054972499609
v 0.7635414153337479 -0.0018334499094635247 0.02047054972499609
v 0.7635414153337479 -0.0018334499094635247 -0.020469699520617723
v 0.7635414153337479 0.012640350265428424 -0.014473800174891948
v 0.7635414153337479 0.012640350265428424 -0.014473800174891948
v 0.7635414153337479 0.012640350265428424 0.014474650379270315
v 0.7635414153337479 -0.0018334499094635247 0.02047054972499609
v 0.7635414153337479 0.012640350265428424 0.014474650379270315
v 0.7635414153337479 0.012640350265428424 -0.014473800174891948
v 0.7635414153337479 0.018636250402778387 0
v 0.747235831618309 0.0014883499534334987 -0.03893000036478043
v 0.7603045970201492 0.04053225088864565 0.00011474999555503017
v 0.8830241799354553 0.0014883499534334987 0.00011474999555503017
v 0.747235831618309 0.0014883499534334987 0.03915864992886781
v 0.8830241799354553 0.0014883499534334987 0.00011474999555503017
v 0.7603045970201492 0.04053225088864565 0.00011474999555503017
v 0.8830241799354553 0.0014883499534334987 0.00011474999555503017
v 0.747235831618309 0.0014883499534334987 0.03915864992886781
v 0.7603045970201492 -0.037555550783872606 0.00011474999555503017
v 0.8830241799354553 0.0014883499534334987 0.00011474999555503017
v 0.7603045970201492 -0.037555550783872606 0.00011474999555503017
v 0.747235831618309 0.0014883499534334987 -0.03893000036478043
v -0.789992555975914 -0.0018300500814802945 -0.025355499517172576
v -0.8069925397634506 0.01609814967960119 0.017929049767553804
v -0.8069925397634506 0.01609814967960119 -0.017929049767553804
v -0.8069925397634506 0.01609814967960119 -0.017929049767553804
v -0.8069925397634506 0.01609814967960119 0.017929049767553804
v -0.8069925397634506 0.023524599429219962 0
v -0.8069925397634506 0.01609814967960119 0.017929049767553804
v -0.789992555975914 -0.0018300500814802945 -0.025355499517172576
v -0.789993417263031 -0.0018309000879526138 0.025355499517172576
v -0.8069925397634506 -0.019759099651128053 -0.017929049767553804
v -0.789993417263031 -0.0018309000879526138 0.025355499517172576
v -0.789992555975914 -0.0018300500814802945 -0.025355499517172576
v -0.789993417263031 -0.0018309000879526138 0.025355499517172576
v -0.8069925397634506 -0.019759099651128053 -0.017929049767553804
v -0.8069925397634506 -0.019759099651128053 0.017929049767553804
v -0.8069925397634506 -0.019759099651128053 -0.017929049767553804
v -0.8069925397634506 -0.02718554940074682 0
v -0.8069925397634506 -0.019759099651128053 0.017929049767553804
v -0.6941440165042877 0.06183664686977863 -0.03716115094721317
v -0.7034395843744278 0.06888060122728347 -0.045850698836147785
v -0.7034395843744278 0.07064604982733726 -0.04332960061728954
v -0.7034395843744278 0.06888060122728347 -0.045850698836147785
v -0.6941440165042877 0.06183664686977863 -0.03716115094721317
v -0.6941440165042877 0.060071198269724846 -0.039682249166071416
v -0.6886172890663147 0.05523724965751171 -0.03253969959914684
v -0.6941440165042877 0.060071198269724846 -0.039682249166071416
v -0.6941440165042877 0.06183664686977863 -0.03716115094721317
v -0.6941440165042877 0.060071198269724846 -0.039682249166071416
v -0.6886172890663147 0.05523724965751171 -0.03253969959914684
v -0.6886172890663147 0.05347180105745792 -0.03506164960563183
v -0.6874034821987152 0.05229285098612308 -0.030478449538350105
v -0.6886172890663147 0.05347180105745792 -0.03506164960563183
v -0.6886172890663147 0.05523724965751171 -0.03253969959914684
v -0.6886172890663147 0.05347180105745792 -0.03506164960563183
v -0.6874034821987152 0.05229285098612308 -0.030478449538350105
v -0.6874034821987152 0.05052739921957254 -0.0329995509237051
v -0.688875675201416 0.04686305001378059 -0.026676398888230323
v -0.6874034821987152 0.05052739921957254 -0.0329995509237051
v -0.6874034821987152 0.05229285098612308 -0.030478449538350105
v -0.6874034821987152 0.05052739921957254 -0.0329995509237051
v -0.688875675201416 0.04686305001378059 -0.026676398888230323
v -0.688875675201416 0.045097601413726804 -0.02919750027358532
v -0.7034395843744278 -0.07064604982733726 0.04332960061728954
v -0.6941440165042877 -0.06183750182390213 0.03716115094721317
v -0.7034395843744278 -0.06888060122728347 0.045850698836147785
v -0.6941440165042877 -0.06007204689085483 0.039683100953698154
v -0.7034395843744278 -0.06888060122728347 0.045850698836147785
v -0.6941440165042877 -0.06183750182390213 0.03716115094721317
v -0.6941440165042877 -0.06183750182390213 0.03716115094721317
v -0.6886172890663147 -0.05523724965751171 0.032540551386773586
v -0.6941440165042877 -0.06007204689085483 0.039683100953698154
v -0.6886172890663147 -0.05347180105745792 0.03506164960563183
v -0.6941440165042877 -0.06007204689085483 0.039683100953698154
v -0.6886172890663147 -0.05523724965751171 0.032540551386773586
v -0.6886172890663147 -0.05347180105745792 0.03506164960563183
v -0.6886172890663147 -0.05523724965751171 0.032540551386773586
v -0.6874034821987152 -0.05229285098612308 0.030478449538350105
v -0.6874034821987152 -0.05052739921957254 0.0329995509237051
v -0.6886172890663147 -0.05347180105745792 0.03506164960563183
v -0.6874034821987152 -0.05229285098612308 0.030478449538350105
v -0.6874034821987152 -0.05229285098612308 0.030478449538350105
v -0.688875675201416 -0.04686305001378059 0.026676398888230323
v -0.6874034821987152 -0.05052739921957254 0.0329995509237051
v -0.688875675201416 -0.045097601413726804 0.02919750027358532
v -0.6874034821987152 -0.05052739921957254 0.0329995509237051
v -0.688875675201416 -0.04686305001378059 0.026676398888230323
v -0.6941440165042877 -0.06464845165610313 -0.03249889928847551
v -0.7034395843744278 -0.07242254950106143 -0.0405416015535593
v -0.6941440165042877 -0.06310909725725651 -0.03516450058668852
v -0.7034395843744278 -0.07242254950106143 -0.0405416015535593
v -0.6941440165042877 -0.06464845165610313 -0.03249889928847551
v -0.7034395843744278 -0.07396104894578456 -0.0378760002553463
v -0.6941440165042877 -0.06310909725725651 -0.03516450058668852
v -0.6886172890663147 -0.0576707974076271 -0.028470751270651816
v -0.6941440165042877 -0.06464845165610313 -0.03249889928847551
v -0.6886172890663147 -0.0576707974076271 -0.028470751270651816
v -0.6941440165042877 -0.06310909725725651 -0.03516450058668852
v -0.6886172890663147 -0.056131449341773984 -0.031136349402368067
v -0.6886172890663147 -0.056131449341773984 -0.031136349402368067
v -0.6874034821987152 -0.05455809943377971 -0.02667300123721361
v -0.6886172890663147 -0.0576707974076271 -0.028470751270651816
v -0.6874034821987152 -0.05455809943377971 -0.02667300123721361
v -0.6886172890663147 -0.056131449341773984 -0.031136349402368067
v -0.6874034821987152 -0.053018751367926595 -0.029339451156556607
v -0.6874034821987152 -0.053018751367926595 -0.029339451156556607
v -0.688875675201416 -0.048817199654877186 -0.023358850739896297
v -0.6874034821987152 -0.05455809943377971 -0.02667300123721361
v -0.688875675201416 -0.048817199654877186 -0.023358850739896297
v -0.6874034821987152 -0.053018751367926595 -0.029339451156556607
v -0.688875675201416 -0.04727784842252731 -0.026024450454860924
v -0.7034395843744278 0.07242254950106143 0.0405416015535593
v -0.6941440165042877 0.06464845165610313 0.03249889928847551
v -0.7034395843744278 0.07396104894578456 0.0378760002553463
v -0.6941440165042877 0.06464845165610313 0.03249889928847551
v -0.7034395843744278 0.07242254950106143 0.0405416015535593
v -0.6941440165042877 0.06310909725725651 0.035165349207818504
v -0.6941440165042877 0.06310909725725651 0.035165349207818504
v -0.6886172890663147 0.0576707974076271 0.028470751270651816
v -0.6941440165042877 0.06464845165610313 0.03249889928847551
v -0.6886172890663147 0.0576707974076271 0.028470751270651816
v -0.6941440165042877 0.06310909725725651 0.035165349207818504
v -0.6886172890663147 0.056131449341773984 0.031136349402368067
v -0.6886172890663147 0.056131449341773984 0.031136349402368067
v -0.6874034821987152 0.05455725081264973 0.0266738498583436
v -0.6886172890663147 0.0576707974076271 0.028470751270651816
v -0.6874034821987152 0.05455725081264973 0.0266738498583436
v -0.6886172890663147 0.056131449341773984 0.031136349402368067
v -0.6874034821987152 0.053018751367926595 0.029339451156556607
v -0.6874034821987152 0.053018751367926595 0.029339451156556607
v -0.688875675201416 0.048817199654877186 0.023358850739896297
v -0.6874034821987152 0.05455725081264973 0.0266738498583436
v -0.688875675201416 0.048817199654877186 0.023358850739896297
v -0.6874034821987152 0.053018751367926595 0.029339451156556607
v -0.688875675201416 0.04727784842252731 0.026025300659239293
v -0.8830241799354553 0.07871594913303852 -0.0477733988314867
v -0.8568093359470367 0.07838190272450447 -0.04753879941999912
v -0.8830241799354553 0.07581659704446793 -0.05191460028290749
v -0.8830241799354553 0.07581659704446793 -0.05191460028290749
v -0.8568093359470367 0.07838190272450447 -0.04753879941999912
v -0.8568093359470367 0.07548255063593387 -0.051680000871419905
v -0.8568093359470367 0.07838190272450447 -0.04753879941999912
v -0.8341687321662903 0.07650850191712379 -0.04622724913060665
v -0.8568093359470367 0.07548255063593387 -0.051680000871419905
v -0.8568093359470367 0.07548255063593387 -0.051680000871419905
v -0.8341687321662903 0.07650850191712379 -0.04622724913060665
v -0.8341687321662903 0.0736091498285532 -0.050368450582027435
v -0.8341687321662903 0.07650850191712379 -0.04622724913060665
v -0.8205424100160599 0.07439625225961208 -0.04474825132638216
v -0.8341687321662903 0.0736091498285532 -0.050368450582027435
v -0.8341687321662903 0.0736091498285532 -0.050368450582027435
v -0.8205424100160599 0.07439625225961208 -0.04474825132638216
v -0.8205424100160599 0.07149690017104149 -0.04888944961130619
v -0.7956654489040375 0.06605350226163864 -0.03890620097517967
v -0.8205424100160599 0.07149690017104149 -0.04888944961130619
v -0.8205424100160599 0.07439625225961208 -0.04474825132638216
v -0.8205424100160599 0.07149690017104149 -0.04888944961130619
v -0.7956654489040375 0.06605350226163864 -0.03890620097517967
v -0.7956654489040375 0.06315415017306804 -0.0430473992601037
v -0.7785430610179901 0.05532905273139477 -0.03139730039983988
v -0.7956654489040375 0.06315415017306804 -0.0430473992601037
v -0.7956654489040375 0.06605350226163864 -0.03890620097517967
v -0.7956654489040375 0.06315415017306804 -0.0430473992601037
v -0.7785430610179901 0.05532905273139477 -0.03139730039983988
v -0.7785430610179901 0.05242970064282417 -0.03553849868476391
v -0.7513388007879257 0.0353455513715744 -0.017404600325971843
v -0.7785430610179901 0.05242970064282417 -0.03553849868476391
v -0.7785430610179901 0.05532905273139477 -0.03139730039983988
v -0.7785430610179901 0.05242970064282417 -0.03553849868476391
v -0.7513388007879257 0.0353455513715744 -0.017404600325971843
v -0.7513388007879257 0.0324461992830038 -0.02154580019414425
v -0.8830241799354553 -0.07871679775416851 0.0477733988314867
v -0.8568093359470367 -0.07838190272450447 0.04753879941999912
v -0.8830241799354553 -0.07581745199859143 0.05191460028290749
v -0.8830241799354553 -0.07581745199859143 0.05191460028290749
v -0.8568093359470367 -0.07838190272450447 0.04753879941999912
v -0.8568093359470367 -0.07548255063593387 0.051680000871419905
v -0.8568093359470367 -0.07838190272450447 0.04753879941999912
v -0.8341687321662903 -0.07650935053825378 0.04622724913060665
v -0.8568093359470367 -0.07548255063593387 0.051680000871419905
v -0.8568093359470367 -0.07548255063593387 0.051680000871419905
v -0.8341687321662903 -0.07650935053825378 0.04622724913060665
v -0.8341687321662903 -0.0736091498285532 0.050368450582027435
v -0.8341687321662903 -0.07650935053825378 0.04622724913060665
v -0.8205424100160599 -0.07439625225961208 0.04474825132638216
v -0.8341687321662903 -0.0736091498285532 0.050368450582027435
v -0.8341687321662903 -0.0736091498285532 0.050368450582027435
v -0.8205424100160599 -0.07439625225961208 0.04474825132638216
v -0.8205424100160599 -0.07149690017104149 0.04888944961130619
v -0.8205424100160599 -0.07439625225961208 0.04474825132638216
v -0.7956654489040375 -0.06605350226163864 0.03890704959630966
v -0.8205424100160599 -0.07149690017104149 0.04888944961130619
v -0.7956654489040375 -0.06315415017306804 0.0430473992601037
v -0.8205424100160599 -0.07149690017104149 0.04888944961130619
v -0.7956654489040375 -0.06605350226163864 0.03890704959630966
v -0.7956654489040375 -0.06605350226163864 0.03890704959630966
v -0.7785430610179901 -0.05532905273139477 0.03139730039983988
v -0.7956654489040375 -0.06315415017306804 0.0430473992601037
v -0.7785430610179901 -0.05242970064282417 0.03553849868476391
v -0.7956654489040375 -0.06315415017306804 0.0430473992601037
v -0.7785430610179901 -0.05532905273139477 0.03139730039983988
v -0.7785430610179901 -0.05532905273139477 0.03139730039983988
v -0.7513388007879257 -0.0353455513715744 0.017404600325971843
v -0.7785430610179901 -0.05242970064282417 0.03553849868476391
v -0.7513388007879257 -0.0324461992830038 0.02154580019414425
v -0.7785430610179901 -0.05242970064282417 0.03553849868476391
v -0.7513388007879257 -0.0353455513715744 0.017404600325971843
v -0.8830241799354553 -0.07986004874110221 -0.045977349206805226
v -0.8568093359470367 -0.08203434906899928 -0.04139584954828024
v -0.8830241799354553 -0.08238795176148414 -0.04159985110163689
v -0.8568093359470367 -0.08203434906899928 -0.04139584954828024
v -0.8830241799354553 -0.07986004874110221 -0.045977349206805226
v -0.8568093359470367 -0.07950645238161087 -0.04577335081994533
v -0.8568093359470367 -0.07950645238161087 -0.04577335081994533
v -0.8341687321662903 -0.08005385100841522 -0.04025174994021654
v -0.8568093359470367 -0.08203434906899928 -0.04139584954828024
v -0.8341687321662903 -0.08005385100841522 -0.04025174994021654
v -0.8568093359470367 -0.07950645238161087 -0.04577335081994533
v -0.8341687321662903 -0.07752680294215679 -0.044630099833011624
v -0.8341687321662903 -0.07752680294215679 -0.044630099833011624
v -0.8205424100160599 -0.07782090082764626 -0.03896315041929483
v -0.8341687321662903 -0.08005385100841522 -0.04025174994021654
v -0.8205424100160599 -0.07782090082764626 -0.03896315041929483
v -0.8341687321662903 -0.07752680294215679 -0.044630099833011624
v -0.8205424100160599 -0.07529299780726433 -0.04334064852446318
v -0.8205424100160599 -0.07529299780726433 -0.04334064852446318
v -0.7956654489040375 -0.06900045312941074 -0.03386995121836662
v -0.8205424100160599 -0.07782090082764626 -0.03896315041929483
v -0.7956654489040375 -0.06900045312941074 -0.03386995121836662
v -0.8205424100160599 -0.07529299780726433 -0.04334064852446318
v -0.7956654489040375 -0.06647255010902882 -0.03824830111116171
v -0.7956654489040375 -0.06647255010902882 -0.03824830111116171
v -0.7785430610179901 -0.057662298530340196 -0.027324099466204642
v -0.7956654489040375 -0.06900045312941074 -0.03386995121836662
v -0.7785430610179901 -0.057662298530340196 -0.027324099466204642
v -0.7956654489040375 -0.06647255010902882 -0.03824830111116171
v -0.7785430610179901 -0.05513440184295177 -0.031702449358999726
v -0.7785430610179901 -0.05513440184295177 -0.031702449358999726
v -0.7513388007879257 -0.03653554935008287 -0.01512660039588809
v -0.7785430610179901 -0.057662298530340196 -0.027324099466204642
v -0.7513388007879257 -0.03653554935008287 -0.01512660039588809
v -0.7785430610179901 -0.05513440184295177 -0.031702449358999726
v -0.7513388007879257 -0.0340076494961977 -0.019504950288683175
v -0.8830241799354553 0.07986004874110221 0.045977349206805226
v -0.8568093359470367 0.08203434906899928 0.04139584954828024
v -0.8830241799354553 0.08238795176148414 0.04159985110163689
v -0.8568093359470367 0.08203434906899928 0.04139584954828024
v -0.8830241799354553 0.07986004874110221 0.045977349206805226
v -0.8568093359470367 0.07950645238161087 0.04577335081994533
v -0.8568093359470367 0.07950645238161087 0.04577335081994533
v -0.8341687321662903 0.08005385100841522 0.04025259856134653
v -0.8568093359470367 0.08203434906899928 0.04139584954828024
v -0.8341687321662903 0.08005385100841522 0.04025259856134653
v -0.8568093359470367 0.07950645238161087 0.04577335081994533
v -0.8341687321662903 0.07752680294215679 0.044630099833011624
v -0.8341687321662903 0.07752680294215679 0.044630099833011624
v -0.8205424100160599 0.07782090082764626 0.03896315041929483
v -0.8341687321662903 0.08005385100841522 0.04025259856134653
v -0.8205424100160599 0.07782090082764626 0.03896315041929483
v -0.8341687321662903 0.07752680294215679 0.044630099833011624
v -0.8205424100160599 0.07529299780726433 0.04334064852446318
v -0.8205424100160599 0.07529299780726433 0.04334064852446318
v -0.7956654489040375 0.06900045312941074 0.03387079983949661
v -0.8205424100160599 0.07782090082764626 0.03896315041929483
v -0.7956654489040375 0.06900045312941074 0.03387079983949661
v -0.8205424100160599 0.07529299780726433 0.04334064852446318
v -0.7956654489040375 0.06647255010902882 0.03824830111116171
v -0.7956654489040375 0.06647255010902882 0.03824830111116171
v -0.7785430610179901 0.057662298530340196 0.027324099466204642
v -0.7956654489040375 0.06900045312941074 0.03387079983949661
v -0.7785430610179901 0.057662298530340196 0.027324099466204642
v -0.7956654489040375 0.06647255010902882 0.03824830111116171
v -0.7785430610179901 0.05513440184295177 0.031702449358999726
v -0.7785430610179901 0.05513440184295177 0.031702449358999726
v -0.7513388007879257 0.03653554935008287 0.01512660039588809
v -0.7785430610179901 0.057662298530340196 0.027324099466204642
v -0.7513388007879257 0.03653554935008287 0.01512660039588809
v -0.7785430610179901 0.05513440184295177 0.031702449358999726
v -0.7513388007879257 0.0340076494961977 0.019504950288683175
v -0.7594792306423187 0.08532554879784583 0.048265548422932625
v -0.7383839279413223 0.07861735075712203 0.04029084984213114
v -0.7594792306423187 0.08710204847157 0.04518854953348637
v -0.7383839279413223 0.07861735075712203 0.04029084984213114
v -0.7594792306423187 0.08532554879784583 0.048265548422932625
v -0.7383839279413223 0.07684169970452785 0.043367000110447404
v -0.7383839279413223 0.07684169970452785 0.043367000110447404
v -0.7243929266929626 0.0717578511685133 0.03632985055446625
v -0.7383839279413223 0.07861735075712203 0.04029084984213114
v -0.7243929266929626 0.0717578511685133 0.03632985055446625
v -0.7383839279413223 0.07684169970452785 0.043367000110447404
v -0.7243929266929626 0.06998135149478912 0.039406849443912505
v -0.7243929266929626 0.06998135149478912 0.039406849443912505
v -0.7197281450033187 0.06825839728116989 0.03430940080434084
v -0.7243929266929626 0.0717578511685133 0.03632985055446625
v -0.7197281450033187 0.06825839728116989 0.03430940080434084
v -0.7243929266929626 0.06998135149478912 0.039406849443912505
v -0.7197281450033187 0.06648189760744572 0.0373863996937871
v -0.7197281450033187 0.06648189760744572 0.0373863996937871
v -0.7158037155866622 0.06050555296242237 0.02983330115675926
v -0.7197281450033187 0.06825839728116989 0.03430940080434084
v -0.7158037155866622 0.06050555296242237 0.02983330115675926
v -0.7197281450033187 0.06648189760744572 0.0373863996937871
v -0.7158037155866622 0.058729901909828186 0.03291030004620552
v -0.7158037155866622 0.058729901909828186 0.03291030004620552
v -0.7113208174705505 0.04394670017063618 0.020273349806666372
v -0.7158037155866622 0.06050555296242237 0.02983330115675926
v -0.7113208174705505 0.04394670017063618 0.020273349806666372
v -0.7158037155866622 0.058729901909828186 0.03291030004620552
v -0.7113208174705505 0.042170200496912 0.023349500074982644
v -0.7113208174705505 0.042170200496912 0.023349500074982644
v -0.7147862315177917 0.03160724863409996 0.013148649781942367
v -0.7113208174705505 0.04394670017063618 0.020273349806666372
v -0.7147862315177917 0.03160724863409996 0.013148649781942367
v -0.7113208174705505 0.042170200496912 0.023349500074982644
v -0.7147862315177917 0.029830748960375787 0.016225650254637004
v -0.7383839279413223 0.07507454752922058 -0.046140550449490544
v -0.7594792306423187 0.08106110095977782 -0.05466945245862007
v -0.7594792306423187 0.0830994002521038 -0.05175904929637909
v -0.7594792306423187 0.08106110095977782 -0.05466945245862007
v -0.7383839279413223 0.07507454752922058 -0.046140550449490544
v -0.7383839279413223 0.07303709685802459 -0.049050950445234776
v -0.7243921160697937 0.06858564838767052 -0.04159645028412342
v -0.7383839279413223 0.07303709685802459 -0.049050950445234776
v -0.7383839279413223 0.07507454752922058 -0.046140550449490544
v -0.7383839279413223 0.07303709685802459 -0.049050950445234776
v -0.7243921160697937 0.06858564838767052 -0.04159645028412342
v -0.7243921160697937 0.06654819771647454 -0.04450685027986765
v -0.7197281450033187 0.06527574732899666 -0.03927935045212507
v -0.7243921160697937 0.06654819771647454 -0.04450685027986765
v -0.7243921160697937 0.06858564838767052 -0.04159645028412342
v -0.7243921160697937 0.06654819771647454 -0.04450685027986765
v -0.7197281450033187 0.06527574732899666 -0.03927935045212507
v -0.7197281450033187 0.06323744803667068 -0.04218889866024256
v -0.7158037155866622 0.0579427994787693 -0.034144499152898786
v -0.7197281450033187 0.06323744803667068 -0.04218889866024256
v -0.7197281450033187 0.06527574732899666 -0.03927935045212507
v -0.7197281450033187 0.06323744803667068 -0.04218889866024256
v -0.7158037155866622 0.0579427994787693 -0.034144499152898786
v -0.7158037155866622 0.055905348807573314 -0.03705489914864302
v -0.7113199561834335 0.04227984994649887 -0.023177799955010413
v -0.7158037155866622 0.055905348807573314 -0.03705489914864302
v -0.7158037155866622 0.0579427994787693 -0.034144499152898786
v -0.7113199561834335 0.04024239927530288 -0.026087349746376276
v -0.7158037155866622 0.055905348807573314 -0.03705489914864302
v -0.7113199561834335 0.04227984994649887 -0.023177799955010413
v -0.7147854208946228 0.030608500726521014 -0.015005049668252468
v -0.7113199561834335 0.04024239927530288 -0.026087349746376276
v -0.7113199561834335 0.04227984994649887 -0.023177799955010413
v -0.7113199561834335 0.04024239927530288 -0.026087349746376276
v -0.7147854208946228 0.030608500726521014 -0.015005049668252468
v -0.7147854208946228 0.02857020143419504 -0.01791459945961833
v -0.7594792306423187 -0.0830994002521038 0.051759901084005834
v -0.7383839279413223 -0.07507454752922058 0.046140550449490544
v -0.7594792306423187 -0.08106194958090782 0.05466945245862007
v -0.7383839279413223 -0.07303709685802459 0.049050950445234776
v -0.7594792306423187 -0.08106194958090782 0.05466945245862007
v -0.7383839279413223 -0.07507454752922058 0.046140550449490544
v -0.7383839279413223 -0.07507454752922058 0.046140550449490544
v -0.7243929266929626 -0.06858564838767052 0.04159729890525341
v -0.7383839279413223 -0.07303709685802459 0.049050950445234776
v -0.7243929266929626 -0.06654819771647454 0.04450685027986765
v -0.7383839279413223 -0.07303709685802459 0.049050950445234776
v -0.7243929266929626 -0.06858564838767052 0.04159729890525341
v -0.7243929266929626 -0.06654819771647454 0.04450685027986765
v -0.7243929266929626 -0.06858564838767052 0.04159729890525341
v -0.7197281450033187 -0.06527574732899666 0.03927935045212507
v -0.7197281450033187 -0.06323830299079418 0.0421897504478693
v -0.7243929266929626 -0.06654819771647454 0.04450685027986765
v -0.7197281450033187 -0.06527574732899666 0.03927935045212507
v -0.7197281450033187 -0.06527574732899666 0.03927935045212507
v -0.7158037155866622 -0.05794364809989929 0.034144499152898786
v -0.7197281450033187 -0.06323830299079418 0.0421897504478693
v -0.7158037155866622 -0.055905348807573314 0.03705489914864302
v -0.7197281450033187 -0.06323830299079418 0.0421897504478693
v -0.7158037155866622 -0.05794364809989929 0.034144499152898786
v -0.7158037155866622 -0.05794364809989929 0.034144499152898786
v -0.7113208174705505 -0.04227984994649887 0.023177799955010413
v -0.7158037155866622 -0.055905348807573314 0.03705489914864302
v -0.7113208174705505 -0.04024239927530288 0.026087349746376276
v -0.7158037155866622 -0.055905348807573314 0.03705489914864302
v -0.7113208174705505 -0.04227984994649887 0.023177799955010413
v -0.7113208174705505 -0.04227984994649887 0.023177799955010413
v -0.7147862315177917 -0.030608500726521014 0.015005049668252468
v -0.7113208174705505 -0.04024239927530288 0.026087349746376276
v -0.7147862315177917 -0.02857105005532503 0.017915449663996694
v -0.7113208174705505 -0.04024239927530288 0.026087349746376276
v -0.7147862315177917 -0.030608500726521014 0.015005049668252468
v -0.7383839279413223 -0.07861735075712203 -0.04029000122100115
v -0.7594792306423187 -0.08532554879784583 -0.048265548422932625
v -0.7383839279413223 -0.07684169970452785 -0.043367000110447404
v -0.7594792306423187 -0.08532554879784583 -0.048265548422932625
v -0.7383839279413223 -0.07861735075712203 -0.04029000122100115
v -0.7594792306423187 -0.08710204847157 -0.04518854953348637
v -0.7383839279413223 -0.07684169970452785 -0.043367000110447404
v -0.7243921160697937 -0.0717578511685133 -0.03632985055446625
v -0.7383839279413223 -0.07861735075712203 -0.04029000122100115
v -0.7243921160697937 -0.0717578511685133 -0.03632985055446625
v -0.7383839279413223 -0.07684169970452785 -0.043367000110447404
v -0.7243921160697937 -0.06998135149478912 -0.03940600082278251
v -0.7243921160697937 -0.06998135149478912 -0.03940600082278251
v -0.7197281450033187 -0.06825839728116989 -0.03430940080434084
v -0.7243921160697937 -0.0717578511685133 -0.03632985055446625
v -0.7197281450033187 -0.06825839728116989 -0.03430940080434084
v -0.7243921160697937 -0.06998135149478912 -0.03940600082278251
v -0.7197281450033187 -0.06648189760744572 -0.037385551072657106
v -0.7197281450033187 -0.06648189760744572 -0.037385551072657106
v -0.7158037155866622 -0.06050555296242237 -0.02983330115675926
v -0.7197281450033187 -0.06825839728116989 -0.03430940080434084
v -0.7158037155866622 -0.06050555296242237 -0.02983330115675926
v -0.7197281450033187 -0.06648189760744572 -0.037385551072657106
v -0.7158037155866622 -0.05872904695570469 -0.03291030004620552
v -0.7158037155866622 -0.05872904695570469 -0.03291030004620552
v -0.7113199561834335 -0.04394670017063618 -0.020273349806666372
v -0.7158037155866622 -0.06050555296242237 -0.02983330115675926
v -0.7113199561834335 -0.04394670017063618 -0.020273349806666372
v -0.7158037155866622 -0.05872904695570469 -0.03291030004620552
v -0.7113199561834335 -0.042170200496912 -0.023349500074982644
v -0.7113199561834335 -0.042170200496912 -0.023349500074982644
v -0.7147854208946228 -0.03160724863409996 -0.013148649781942367
v -0.7113199561834335 -0.04394670017063618 -0.020273349806666372
v -0.7147854208946228 -0.03160724863409996 -0.013148649781942367
v -0.7113199561834335 -0.042170200496912 -0.023349500074982644
v -0.7147854208946228 -0.029830748960375787 -0.016225650254637004
v -0.8142405241727829 0.0883447527885437 -0.05510805025696754
v -0.789899030327797 0.08404459953308105 -0.0520973514765501
v -0.8142405241727829 0.08600215315818786 -0.05845365040004253
v -0.8142405241727829 0.08600215315818786 -0.05845365040004253
v -0.789899030327797 0.08404459953308105 -0.0520973514765501
v -0.789899030327797 0.08170199990272521 -0.05544295161962509
v -0.7731523662805557 0.080075953155756 -0.049317851290106775
v -0.789899030327797 0.08170199990272521 -0.05544295161962509
v -0.789899030327797 0.08404459953308105 -0.0520973514765501
v -0.789899030327797 0.08170199990272521 -0.05544295161962509
v -0.7731523662805557 0.080075953155756 -0.049317851290106775
v -0.7731523662805557 0.07773334719240665 -0.05266345143318176
v -0.7669796735048294 0.07765429876744746 -0.047622100450098515
v -0.7731523662805557 0.07773334719240665 -0.05266345143318176
v -0.7731523662805557 0.080075953155756 -0.049317851290106775
v -0.7731523662805557 0.07773334719240665 -0.05266345143318176
v -0.7669796735048294 0.07765429876744746 -0.047622100450098515
v -0.7669796735048294 0.07531169913709164 -0.0509677005931735
v -0.7594409793615341 0.07126059718430042 -0.04314600080251694
v -0.7669796735048294 0.07531169913709164 -0.0509677005931735
v -0.7669796735048294 0.07765429876744746 -0.047622100450098515
v -0.7669796735048294 0.07531169913709164 -0.0509677005931735
v -0.7594409793615341 0.07126059718430042 -0.04314600080251694
v -0.7594409793615341 0.06891885250806808 -0.046491600945591925
v -0.7470701098442077 0.056979747489094734 -0.033146599866449834
v -0.7594409793615341 0.06891885250806808 -0.046491600945591925
v -0.7594409793615341 0.07126059718430042 -0.04314600080251694
v -0.7594409793615341 0.06891885250806808 -0.046491600945591925
v -0.7470701098442077 0.056979747489094734 -0.033146599866449834
v -0.7470701098442077 0.054637147858738896 -0.03649135138839483
v -0.7470701098442077 0.056979747489094734 -0.033146599866449834
v -0.7355466455221176 0.03523250110447407 -0.017918000277131797
v -0.7470701098442077 0.054637147858738896 -0.03649135138839483
v -0.7355466455221176 0.03288990147411823 -0.021263600420206783
v -0.7470701098442077 0.054637147858738896 -0.03649135138839483
v -0.7355466455221176 0.03523250110447407 -0.017918000277131797
v -0.8142405241727829 -0.0883447527885437 0.05510805025696754
v -0.789899030327797 -0.08404459953308105 0.0520973514765501
v -0.8142405241727829 -0.08600215315818786 0.05845365040004253
v -0.8142405241727829 -0.08600215315818786 0.05845365040004253
v -0.789899030327797 -0.08404459953308105 0.0520973514765501
v -0.789899030327797 -0.0817028485238552 0.0554421029984951
v -0.789899030327797 -0.0817028485238552 0.0554421029984951
v -0.789899030327797 -0.08404459953308105 0.0520973514765501
v -0.7731531769037246 -0.080075953155756 0.049317851290106775
v -0.7731531769037246 -0.07773334719240665 0.05266345143318176
v -0.789899030327797 -0.0817028485238552 0.0554421029984951
v -0.7731531769037246 -0.080075953155756 0.049317851290106775
v -0.7731531769037246 -0.07773334719240665 0.05266345143318176
v -0.7731531769037246 -0.080075953155756 0.049317851290106775
v -0.7669796735048294 -0.07765429876744746 0.047622100450098515
v -0.7669796735048294 -0.07531169913709164 0.0509677005931735
v -0.7731531769037246 -0.07773334719240665 0.05266345143318176
v -0.7669796735048294 -0.07765429876744746 0.047622100450098515
v -0.7669796735048294 -0.07765429876744746 0.047622100450098515
v -0.7594409793615341 -0.07126145213842391 0.04314600080251694
v -0.7669796735048294 -0.07531169913709164 0.0509677005931735
v -0.7594409793615341 -0.06891885250806808 0.046491600945591925
v -0.7669796735048294 -0.07531169913709164 0.0509677005931735
v -0.7594409793615341 -0.07126145213842391 0.04314600080251694
v -0.7594409793615341 -0.07126145213842391 0.04314600080251694
v -0.7470701098442077 -0.05698060244321823 0.033146599866449834
v -0.7594409793615341 -0.06891885250806808 0.046491600945591925
v -0.7470701098442077 -0.05463800281286239 0.03649135138839483
v -0.7594409793615341 -0.06891885250806808 0.046491600945591925
v -0.7470701098442077 -0.05698060244321823 0.033146599866449834
v -0.7470701098442077 -0.05698060244321823 0.033146599866449834
v -0.7355466455221176 -0.03523250110447407 0.017918000277131797
v -0.7470701098442077 -0.05463800281286239 0.03649135138839483
v -0.7355466455221176 -0.03288990147411823 0.021263600420206783
v -0.7470701098442077 -0.05463800281286239 0.03649135138839483
v -0.7355466455221176 -0.03523250110447407 0.017918000277131797
v -0.8142405241727829 -0.09057684801518917 -0.051604350097477436
v -0.789899030327797 -0.0880727507174015 -0.04544269889593124
v -0.8142405241727829 -0.09261854812502861 -0.04806749988347292
v -0.789899030327797 -0.0880727507174015 -0.04544269889593124
v -0.8142405241727829 -0.09057684801518917 -0.051604350097477436
v -0.789899030327797 -0.08603105060756207 -0.04897954910993576
v -0.789899030327797 -0.08603105060756207 -0.04897954910993576
v -0.7731523662805557 -0.08387714885175228 -0.04302019905298948
v -0.789899030327797 -0.0880727507174015 -0.04544269889593124
v -0.7731523662805557 -0.08387714885175228 -0.04302019905298948
v -0.789899030327797 -0.08603105060756207 -0.04897954910993576
v -0.7731523662805557 -0.08183460012078285 -0.046557049266994
v -0.7731523662805557 -0.08183460012078285 -0.046557049266994
v -0.7669796735048294 -0.08131609894335269 -0.04154204986989498
v -0.7731523662805557 -0.08387714885175228 -0.04302019905298948
v -0.7669796735048294 -0.08131609894335269 -0.04154204986989498
v -0.7731523662805557 -0.08183460012078285 -0.046557049266994
v -0.7669796735048294 -0.07927439883351325 -0.0450789000838995
v -0.7669796735048294 -0.07927439883351325 -0.0450789000838995
v -0.7594409793615341 -0.0745577499270439 -0.03763970043510199
v -0.7669796735048294 -0.08131609894335269 -0.04154204986989498
v -0.7594409793615341 -0.0745577499270439 -0.03763970043510199
v -0.7669796735048294 -0.07927439883351325 -0.0450789000838995
v -0.7594409793615341 -0.07251604981720447 -0.041176550649106504
v -0.7594409793615341 -0.07251604981720447 -0.041176550649106504
v -0.7470701098442077 -0.05945920310914516 -0.0289229491725564
v -0.7594409793615341 -0.0745577499270439 -0.03763970043510199
v -0.7470701098442077 -0.05945920310914516 -0.0289229491725564
v -0.7594409793615341 -0.07251604981720447 -0.041176550649106504
v -0.7470701098442077 -0.057417502999305724 -0.03245979938656091
v -0.7470701098442077 -0.057417502999305724 -0.03245979938656091
v -0.7355466455221176 -0.036467548832297324 -0.015648499224334953
v -0.7470701098442077 -0.05945920310914516 -0.0289229491725564
v -0.7355466455221176 -0.036467548832297324 -0.015648499224334953
v -0.7470701098442077 -0.057417502999305724 -0.03245979938656091
v -0.7355466455221176 -0.03442584872245789 -0.01918534943833947
v -0.8142405241727829 0.09057684801518917 0.051604350097477436
v -0.789899030327797 0.0880727507174015 0.04544269889593124
v -0.8142405241727829 0.09261854812502861 0.04806749988347292
v -0.789899030327797 0.0880727507174015 0.04544269889593124
v -0.8142405241727829 0.09057684801518917 0.051604350097477436
v -0.789899030327797 0.08603105060756207 0.04897954910993576
v -0.789899030327797 0.08603105060756207 0.04897954910993576
v -0.7731531769037246 0.08387714885175228 0.04302019905298948
v -0.789899030327797 0.0880727507174015 0.04544269889593124
v -0.7731531769037246 0.08387714885175228 0.04302019905298948
v -0.789899030327797 0.08603105060756207 0.04897954910993576
v -0.7731531769037246 0.08183460012078285 0.046557049266994
v -0.7731531769037246 0.08183460012078285 0.046557049266994
v -0.7669796735048294 0.08131694756448268 0.04154204986989498
v -0.7731531769037246 0.08387714885175228 0.04302019905298948
v -0.7669796735048294 0.08131694756448268 0.04154204986989498
v -0.7731531769037246 0.08183460012078285 0.046557049266994
v -0.7669796735048294 0.07927439883351325 0.0450789000838995
v -0.7669796735048294 0.07927439883351325 0.0450789000838995
v -0.7594409793615341 0.0745577499270439 0.03763970043510199
v -0.7669796735048294 0.08131694756448268 0.04154204986989498
v -0.7594409793615341 0.0745577499270439 0.03763970043510199
v -0.7669796735048294 0.07927439883351325 0.0450789000838995
v -0.7594409793615341 0.07251604981720447 0.041176550649106504
v -0.7594409793615341 0.07251604981720447 0.041176550649106504
v -0.7470701098442077 0.05945920310914516 0.0289229491725564
v -0.7594409793615341 0.0745577499270439 0.03763970043510199
v -0.7470701098442077 0.05945920310914516 0.0289229491725564
v -0.7594409793615341 0.07251604981720447 0.041176550649106504
v -0.7470701098442077 0.057417502999305724 0.03245979938656091
v -0.7470701098442077 0.057417502999305724 0.03245979938656091
v -0.7355466455221176 0.036467548832297324 0.015648499224334953
v -0.7470701098442077 0.05945920310914516 0.0289229491725564
v -0.7355466455221176 0.036467548832297324 0.015648499224334953
v -0.7470701098442077 0.057417502999305724 0.03245979938656091
v -0.7355466455221176 0.03442584872245789 0.01918534943833947
v -0.733272898197174 0.034506600722670554 -0.013976549357175827
v -0.7059309333562851 0.034723350591957566 -0.020054899528622626
v -0.7330289512872695 0.03740170020610094 -0.021930000744760036
v -0.7059309333562851 0.034723350591957566 -0.020054899528622626
v -0.733272898197174 0.034506600722670554 -0.013976549357175827
v -0.7095791429281234 0.03179424926638603 -0.011328799976035952
v -0.7330289512872695 0.03740170020610094 -0.021930000744760036
v -0.7577580243349075 0.033446650765836236 -0.013234499841928482
v -0.733272898197174 0.034506600722670554 -0.013976549357175827
v -0.7095791429281234 0.03179424926638603 -0.011328799976035952
v -0.687137445807457 0.0286415996029973 -0.01579639995470643
v -0.7059309333562851 0.034723350591957566 -0.020054899528622626
v -0.7577580243349075 0.033446650765836236 -0.013234499841928482
v -0.7330289512872695 0.03740170020610094 -0.021930000744760036
v -0.7606972932815551 0.036101200990378855 -0.02101965034380555
v -0.687137445807457 0.0286415996029973 -0.01579639995470643
v -0.7095791429281234 0.03179424926638603 -0.011328799976035952
v -0.6929191648960114 0.026537000201642513 -0.008084349613636731
v -0.6929191648960114 0.026537000201642513 -0.008084349613636731
v -0.6524566054344177 0.01457154992967844 -0.006841650046408176
v -0.687137445807457 0.0286415996029973 -0.01579639995470643
v -0.6524566054344177 0.01457154992967844 -0.006841650046408176
v -0.6929191648960114 0.026537000201642513 -0.008084349613636731
v -0.6573389887809753 0.015226050559431313 -0.002031500032171607
v -0.7679919898509979 0.03559545129537582 -0.020665200613439082
v -0.7577580243349075 0.033446650765836236 -0.013234499841928482
v -0.7606972932815551 0.036101200990378855 -0.02101965034380555
v -0.7679919898509979 0.03559545129537582 -0.020665200613439082
v -0.7719971776008606 0.03315679915249348 -0.013031350076198578
v -0.7577580243349075 0.033446650765836236 -0.013234499841928482
v -0.7679919898509979 0.03559545129537582 -0.020665200613439082
v -0.7966693043708801 0.038531351089477535 -0.01975060077384114
v -0.7719971776008606 0.03315679915249348 -0.013031350076198578
v -0.7966693043708801 0.038531351089477535 -0.01975060077384114
v -0.7679919898509979 0.03559545129537582 -0.020665200613439082
v -0.7947083562612534 0.039763849787414075 -0.023584099486470222
v -0.7966693043708801 0.038531351089477535 -0.01975060077384114
v -0.7947083562612534 0.039763849787414075 -0.023584099486470222
v -0.8136165976524353 0.045213200710713865 -0.027399750240147114
v -0.7332737594842911 -0.034506600722670554 0.013976549357175827
v -0.705931794643402 -0.034723350591957566 0.020054899528622626
v -0.7330289512872695 -0.03740170020610094 0.021930000744760036
v -0.705931794643402 -0.034723350591957566 0.020054899528622626
v -0.7332737594842911 -0.034506600722670554 0.013976549357175827
v -0.7095791429281234 -0.03179424926638603 0.011329650180414319
v -0.7330289512872695 -0.03740170020610094 0.021930000744760036
v -0.7577580243349075 -0.033446650765836236 0.013234499841928482
v -0.7332737594842911 -0.034506600722670554 0.013976549357175827
v -0.7095791429281234 -0.03179424926638603 0.011329650180414319
v -0.6871383070945739 -0.0286415996029973 0.01579639995470643
v -0.705931794643402 -0.034723350591957566 0.020054899528622626
v -0.7577580243349075 -0.033446650765836236 0.013234499841928482
v -0.7330289512872695 -0.03740170020610094 0.021930000744760036
v -0.7606972932815551 -0.036101200990378855 0.02101965034380555
v -0.6871383070945739 -0.0286415996029973 0.01579639995470643
v -0.7095791429281234 -0.03179424926638603 0.011329650180414319
v -0.6929191648960114 -0.02653785040602088 0.008084349613636731
v -0.6929191648960114 -0.02653785040602088 0.008084349613636731
v -0.6524566054344177 -0.01457154992967844 0.006841650046408176
v -0.6871383070945739 -0.0286415996029973 0.01579639995470643
v -0.6524566054344177 -0.01457154992967844 0.006841650046408176
v -0.6929191648960114 -0.02653785040602088 0.008084349613636731
v -0.6573389887809753 -0.015226050559431313 0.002031500032171607
v -0.7679919898509979 -0.03559545129537582 0.020665200613439082
v -0.7577580243349075 -0.033446650765836236 0.013234499841928482
v -0.7606972932815551 -0.036101200990378855 0.02101965034380555
v -0.7679919898509979 -0.03559545129537582 0.020665200613439082
v -0.7719971776008606 -0.03315765094012022 0.013031350076198578
v -0.7577580243349075 -0.033446650765836236 0.013234499841928482
v -0.7679919898509979 -0.03559545129537582 0.020665200613439082
v -0.7966701656579971 -0.038531351089477535 0.01975060077384114
v -0.7719971776008606 -0.03315765094012022 0.013031350076198578
v -0.7966701656579971 -0.038531351089477535 0.01975060077384114
v -0.7679919898509979 -0.03559545129537582 0.020665200613439082
v -0.7947083562612534 -0.039763849787414075 0.023584099486470222
v -0.7966701656579971 -0.038531351089477535 0.01975060077384114
v -0.7947083562612534 -0.039763849787414075 0.023584099486470222
v -0.8136165976524353 -0.045213200710713865 0.027399750240147114
v -0.7059309333562851 -0.03614709936082363 -0.01782110072672367
v -0.687137445807457 -0.029716850072145463 -0.014108299370855093
v -0.7095791429281234 -0.03246744964271784 -0.009384000208228827
v -0.687137445807457 -0.029716850072145463 -0.014108299370855093
v -0.6929191648960114 -0.02694840095937252 -0.006609600060619413
v -0.7095791429281234 -0.03246744964271784 -0.009384000208228827
v -0.687137445807457 -0.029716850072145463 -0.014108299370855093
v -0.6524566054344177 -0.01496085012331605 -0.006231350149028003
v -0.6929191648960114 -0.02694840095937252 -0.006609600060619413
v -0.6929191648960114 -0.02694840095937252 -0.006609600060619413
v -0.6524566054344177 -0.01496085012331605 -0.006231350149028003
v -0.6573389887809753 -0.015192900504916906 -0.0013821000349707902
v -0.7059309333562851 -0.03614709936082363 -0.01782110072672367
v -0.7095791429281234 -0.03246744964271784 -0.009384000208228827
v -0.733272898197174 -0.03540080040693283 -0.011784400278702378
v -0.7330289512872695 -0.03897759914398193 -0.019455649517476557
v -0.7059309333562851 -0.03614709936082363 -0.01782110072672367
v -0.733272898197174 -0.03540080040693283 -0.011784400278702378
v -0.7577580243349075 -0.034280500188469884 -0.011137549905106426
v -0.7330289512872695 -0.03897759914398193 -0.019455649517476557
v -0.733272898197174 -0.03540080040693283 -0.011784400278702378
v -0.7577580243349075 -0.034280500188469884 -0.011137549905106426
v -0.7606972932815551 -0.03760314956307411 -0.018661750201135873
v -0.7330289512872695 -0.03897759914398193 -0.019455649517476557
v -0.7577580243349075 -0.034280500188469884 -0.011137549905106426
v -0.7679919898509979 -0.03706849925220013 -0.018353200424462555
v -0.7606972932815551 -0.03760314956307411 -0.018661750201135873
v -0.7679919898509979 -0.03706849925220013 -0.018353200424462555
v -0.7577580243349075 -0.034280500188469884 -0.011137549905106426
v -0.7719971776008606 -0.0339736508205533 -0.010960750142112374
v -0.7679919898509979 -0.03706849925220013 -0.018353200424462555
v -0.7719971776008606 -0.0339736508205533 -0.010960750142112374
v -0.7966693043708801 -0.039913450926542283 -0.017185299843549728
v -0.7947083562612534 -0.04147574976086616 -0.020897249411791562
v -0.7679919898509979 -0.03706849925220013 -0.018353200424462555
v -0.7966693043708801 -0.039913450926542283 -0.017185299843549728
v -0.7947083562612534 -0.04147574976086616 -0.020897249411791562
v -0.7966693043708801 -0.039913450926542283 -0.017185299843549728
v -0.8136165976524353 -0.047236199490725994 -0.024223299603909253
v -0.6871383070945739 0.029716850072145463 0.014108299370855093
v -0.6524566054344177 0.01496085012331605 0.006231350149028003
v -0.6929191648960114 0.02694840095937252 0.006609600060619413
v -0.6573389887809753 0.015192900504916906 0.0013821000349707902
v -0.6929191648960114 0.02694840095937252 0.006609600060619413
v -0.6524566054344177 0.01496085012331605 0.006231350149028003
v -0.6871383070945739 0.029716850072145463 0.014108299370855093
v -0.6929191648960114 0.02694840095937252 0.006609600060619413
v -0.7095791429281234 0.03246744964271784 0.009384000208228827
v -0.705931794643402 0.03614709936082363 0.01782110072672367
v -0.6871383070945739 0.029716850072145463 0.014108299370855093
v -0.7095791429281234 0.03246744964271784 0.009384000208228827
v -0.705931794643402 0.03614709936082363 0.01782110072672367
v -0.7095791429281234 0.03246744964271784 0.009384000208228827
v -0.733272898197174 0.03540080040693283 0.011785249691456556
v -0.7330289512872695 0.03897759914398193 0.019455649517476557
v -0.705931794643402 0.03614709936082363 0.01782110072672367
v -0.733272898197174 0.03540080040693283 0.011785249691456556
v -0.7577580243349075 0.034280500188469884 0.011137549905106426
v -0.7330289512872695 0.03897759914398193 0.019455649517476557
v -0.733272898197174 0.03540080040693283 0.011785249691456556
v -0.7577580243349075 0.034280500188469884 0.011137549905106426
v -0.7606972932815551 0.03760314956307411 0.018661750201135873
v -0.7330289512872695 0.03897759914398193 0.019455649517476557
v -0.7577580243349075 0.034280500188469884 0.011137549905106426
v -0.7679919898509979 0.03706849925220013 0.018353200424462555
v -0.7606972932815551 0.03760314956307411 0.018661750201135873
v -0.7679919898509979 0.03706849925220013 0.018353200424462555
v -0.7577580243349075 0.034280500188469884 0.011137549905106426
v -0.7719971776008606 0.0339736508205533 0.010960750142112374
v -0.7679919898509979 0.03706849925220013 0.018353200424462555
v -0.7719971776008606 0.0339736508205533 0.010960750142112374
v -0.7966701656579971 0.039913450926542283 0.017186150047928093
v -0.7947083562612534 0.04147574976086616 0.020897249411791562
v -0.7679919898509979 0.03706849925220013 0.018353200424462555
v -0.7966701656579971 0.039913450926542283 0.017186150047928093
v -0.7947083562612534 0.04147574976086616 0.020897249411791562
v -0.7966701656579971 0.039913450926542283 0.017186150047928093
v -0.8136165976524353 0.047236199490725994 0.024223299603909253
v -0.789992555975914 -0.0018300500814802945 -0.025355499517172576
v -0.7644925296306609 0.01609814967960119 -0.017929049767553804
v -0.7644925296306609 -0.0018309000879526138 -0.025355499517172576
v -0.789992555975914 -0.0018300500814802945 -0.025355499517172576
v -0.7644925296306609 -0.019759099651128053 -0.017929049767553804
v -0.8069925397634506 -0.019759099651128053 -0.017929049767553804
v -0.7059309333562851 0.034723350591957566 -0.020054899528622626
v -0.687137445807457 0.0286415996029973 -0.01579639995470643
v -0.7095791429281234 0.02552209999412298 -0.020286099705845117
v -0.687137445807457 0.0286415996029973 -0.01579639995470643
v -0.6929191648960114 0.020675399899482725 -0.016456000227481126
v -0.7095791429281234 0.02552209999412298 -0.020286099705845117
v -0.6524566054344177 0.01457154992967844 -0.006841650046408176
v -0.6929191648960114 0.020675399899482725 -0.016456000227481126
v -0.687137445807457 0.0286415996029973 -0.01579639995470643
v -0.6929191648960114 0.020675399899482725 -0.016456000227481126
v -0.6524566054344177 0.01457154992967844 -0.006841650046408176
v -0.6573389887809753 0.010275650070980191 -0.009101799642667174
v -0.7059309333562851 0.034723350591957566 -0.020054899528622626
v -0.7095791429281234 0.02552209999412298 -0.020286099705845117
v -0.733272898197174 0.028937401063740254 -0.021930000744760036
v -0.733272898197174 0.028937401063740254 -0.021930000744760036
v -0.7330289512872695 0.03740170020610094 -0.021930000744760036
v -0.7059309333562851 0.034723350591957566 -0.020054899528622626
v -0.733272898197174 0.028937401063740254 -0.021930000744760036
v -0.7606972932815551 0.036101200990378855 -0.02101965034380555
v -0.7330289512872695 0.03740170020610094 -0.021930000744760036
v -0.7606972932815551 0.036101200990378855 -0.02101965034380555
v -0.733272898197174 0.028937401063740254 -0.021930000744760036
v -0.7577580243349075 0.027877451106905937 -0.021187949646264314
v -0.7577580243349075 0.027877451106905937 -0.021187949646264314
v -0.7679919898509979 0.03559545129537582 -0.020665200613439082
v -0.7606972932815551 0.036101200990378855 -0.02101965034380555
v -0.7679919898509979 0.03559545129537582 -0.020665200613439082
v -0.7577580243349075 0.027877451106905937 -0.021187949646264314
v -0.7719971776008606 0.027587599493563174 -0.02098479988053441
v -0.7719971776008606 0.027587599493563174 -0.02098479988053441
v -0.7966693043708801 0.03573909942060709 -0.02373709985986352
v -0.7679919898509979 0.03559545129537582 -0.020665200613439082
v -0.7947083562612534 0.039763849787414075 -0.023584099486470222
v -0.7679919898509979 0.03559545129537582 -0.020665200613439082
v -0.7966693043708801 0.03573909942060709 -0.02373709985986352
v -0.7947083562612534 0.039763849787414075 -0.023584099486470222
v -0.7966693043708801 0.03573909942060709 -0.02373709985986352
v -0.8136165976524353 0.045213200710713865 -0.027399750240147114
v -0.6524566054344177 -0.01457154992967844 0.006841650046408176
v -0.6929191648960114 -0.020675399899482725 0.016456000227481126
v -0.6871383070945739 -0.0286415996029973 0.01579639995470643
v -0.6929191648960114 -0.020675399899482725 0.016456000227481126
v -0.6524566054344177 -0.01457154992967844 0.006841650046408176
v -0.6573389887809753 -0.010275650070980191 0.009101799642667174
v -0.6871383070945739 -0.0286415996029973 0.01579639995470643
v -0.6929191648960114 -0.020675399899482725 0.016456000227481126
v -0.7095791429281234 -0.02552209999412298 0.020286099705845117
v -0.705931794643402 -0.034723350591957566 0.020054899528622626
v -0.6871383070945739 -0.0286415996029973 0.01579639995470643
v -0.7095791429281234 -0.02552209999412298 0.020286099705845117
v -0.705931794643402 -0.034723350591957566 0.020054899528622626
v -0.7095791429281234 -0.02552209999412298 0.020286099705845117
v -0.733272898197174 -0.028937401063740254 0.021930000744760036
v -0.733272898197174 -0.028937401063740254 0.021930000744760036
v -0.7330289512872695 -0.03740170020610094 0.021930000744760036
v -0.705931794643402 -0.034723350591957566 0.020054899528622626
v -0.733272898197174 -0.028937401063740254 0.021930000744760036
v -0.7606972932815551 -0.036101200990378855 0.02101965034380555
v -0.7330289512872695 -0.03740170020610094 0.021930000744760036
v -0.7606972932815551 -0.036101200990378855 0.02101965034380555
v -0.733272898197174 -0.028937401063740254 0.021930000744760036
v -0.7577580243349075 -0.027878299728035925 0.021187949646264314
v -0.7577580243349075 -0.027878299728035925 0.021187949646264314
v -0.7679919898509979 -0.03559545129537582 0.020665200613439082
v -0.7606972932815551 -0.036101200990378855 0.02101965034380555
v -0.7679919898509979 -0.03559545129537582 0.020665200613439082
v -0.7577580243349075 -0.027878299728035925 0.021187949646264314
v -0.7719971776008606 -0.02758845128118992 0.02098479988053441
v -0.7719971776008606 -0.02758845128118992 0.02098479988053441
v -0.7966701656579971 -0.03573995120823383 0.02373709985986352
v -0.7679919898509979 -0.03559545129537582 0.020665200613439082
v -0.7947083562612534 -0.039763849787414075 0.023584099486470222
v -0.7679919898509979 -0.03559545129537582 0.020665200613439082
v -0.7966701656579971 -0.03573995120823383 0.02373709985986352
v -0.7947083562612534 -0.039763849787414075 0.023584099486470222
v -0.7966701656579971 -0.03573995120823383 0.02373709985986352
v -0.8136165976524353 -0.045213200710713865 0.027399750240147114
v -0.733272898197174 -0.030546450056135654 -0.020193449594080447
v -0.7059309333562851 -0.03614709936082363 -0.01782110072672367
v -0.7330289512872695 -0.03897759914398193 -0.019455649517476557
v -0.733272898197174 -0.030546450056135654 -0.020193449594080447
v -0.7330289512872695 -0.03897759914398193 -0.019455649517476557
v -0.7606972932815551 -0.03760314956307411 -0.018661750201135873
v -0.7059309333562851 -0.03614709936082363 -0.01782110072672367
v -0.733272898197174 -0.030546450056135654 -0.020193449594080447
v -0.7095791429281234 -0.027000249177217484 -0.0188530002720654
v -0.7606972932815551 -0.03760314956307411 -0.018661750201135873
v -0.7577580243349075 -0.02942614983767271 -0.019545750599354504
v -0.733272898197174 -0.030546450056135654 -0.020193449594080447
v -0.7095791429281234 -0.027000249177217484 -0.0188530002720654
v -0.687137445807457 -0.029716850072145463 -0.014108299370855093
v -0.7059309333562851 -0.03614709936082363 -0.01782110072672367
v -0.7577580243349075 -0.02942614983767271 -0.019545750599354504
v -0.7606972932815551 -0.03760314956307411 -0.018661750201135873
v -0.7679919898509979 -0.03706849925220013 -0.018353200424462555
v -0.687137445807457 -0.029716850072145463 -0.014108299370855093
v -0.7095791429281234 -0.027000249177217484 -0.0188530002720654
v -0.6929191648960114 -0.021838199254125355 -0.015460649970918894
v -0.6929191648960114 -0.021838199254125355 -0.015460649970918894
v -0.6524566054344177 -0.01496085012331605 -0.006231350149028003
v -0.687137445807457 -0.029716850072145463 -0.014108299370855093
v -0.6524566054344177 -0.01496085012331605 -0.006231350149028003
v -0.6929191648960114 -0.021838199254125355 -0.015460649970918894
v -0.6573389887809753 -0.010877449903637171 -0.008857000153511763
v -0.7679919898509979 -0.03706849925220013 -0.018353200424462555
v -0.7719971776008606 -0.029119300469756127 -0.019368949253112076
v -0.7577580243349075 -0.02942614983767271 -0.019545750599354504
v -0.7679919898509979 -0.03706849925220013 -0.018353200424462555
v -0.7966693043708801 -0.03747990000993013 -0.021400450076907874
v -0.7719971776008606 -0.029119300469756127 -0.019368949253112076
v -0.7966693043708801 -0.03747990000993013 -0.021400450076907874
v -0.7679919898509979 -0.03706849925220013 -0.018353200424462555
v -0.7947083562612534 -0.04147574976086616 -0.020897249411791562
v -0.7966693043708801 -0.03747990000993013 -0.021400450076907874
v -0.7947083562612534 -0.04147574976086616 -0.020897249411791562
v -0.8136165976524353 -0.047236199490725994 -0.024223299603909253
v -0.7332737594842911 0.030546450056135654 0.020193449594080447
v -0.705931794643402 0.03614709936082363 0.01782110072672367
v -0.7330289512872695 0.03897759914398193 0.019455649517476557
v -0.7332737594842911 0.030546450056135654 0.020193449594080447
v -0.7330289512872695 0.03897759914398193 0.019455649517476557
v -0.7606972932815551 0.03760314956307411 0.018661750201135873
v -0.705931794643402 0.03614709936082363 0.01782110072672367
v -0.7332737594842911 0.030546450056135654 0.020193449594080447
v -0.7095791429281234 0.027000249177217484 0.018853850476443768
v -0.7606972932815551 0.03760314956307411 0.018661750201135873
v -0.7577580243349075 0.02942614983767271 0.019546599220484493
v -0.7332737594842911 0.030546450056135654 0.020193449594080447
v -0.7095791429281234 0.027000249177217484 0.018853850476443768
v -0.6871383070945739 0.029716850072145463 0.014108299370855093
v -0.705931794643402 0.03614709936082363 0.01782110072672367
v -0.7577580243349075 0.02942614983767271 0.019546599220484493
v -0.7606972932815551 0.03760314956307411 0.018661750201135873
v -0.7679919898509979 0.03706849925220013 0.018353200424462555
v -0.6871383070945739 0.029716850072145463 0.014108299370855093
v -0.7095791429281234 0.027000249177217484 0.018853850476443768
v -0.6929191648960114 0.021838199254125355 0.015460649970918894
v -0.6929191648960114 0.021838199254125355 0.015460649970918894
v -0.6524566054344177 0.01496085012331605 0.006231350149028003
v -0.6871383070945739 0.029716850072145463 0.014108299370855093
v -0.6524566054344177 0.01496085012331605 0.006231350149028003
v -0.6929191648960114 0.021838199254125355 0.015460649970918894
v -0.6573389887809753 0.010877449903637171 0.008857000153511763
v -0.7679919898509979 0.03706849925220013 0.018353200424462555
v -0.7719971776008606 0.029119300469756127 0.019369799457490445
v -0.7577580243349075 0.02942614983767271 0.019546599220484493
v -0.7679919898509979 0.03706849925220013 0.018353200424462555
v -0.7966701656579971 0.03747990000993013 0.021400450076907874
v -0.7719971776008606 0.029119300469756127 0.019369799457490445
v -0.7966701656579971 0.03747990000993013 0.021400450076907874
v -0.7679919898509979 0.03706849925220013 0.018353200424462555
v -0.7947083562612534 0.04147574976086616 0.020897249411791562
v -0.7966701656579971 0.03747990000993013 0.021400450076907874
v -0.7947083562612534 0.04147574976086616 0.020897249411791562
v -0.8136165976524353 0.047236199490725994 0.024223299603909253
v -0.8069925397634506 0.023524599429219962 0
v -0.8069925397634506 0.01609814967960119 0.017929049767553804
v -0.7644925296306609 0.01609814967960119 0.017929049767553804
v -0.789993417263031 -0.0018309000879526138 0.025355499517172576
v -0.7644925296306609 0.01609814967960119 0.017929049767553804
v -0.8069925397634506 0.01609814967960119 0.017929049767553804
v -0.7644925296306609 0.01609814967960119 0.017929049767553804
v -0.789993417263031 -0.0018309000879526138 0.025355499517172576
v -0.7644925296306609 -0.0018309000879526138 0.025355499517172576
v -0.8069925397634506 0.01609814967960119 -0.017929049767553804
v -0.8069925397634506 0.023524599429219962 0
v -0.7644925296306609 0.023524599429219962 0
v -0.7097848385572433 0.05078919883817434 -0.02942530121654272
v -0.7034395843744278 0.06888060122728347 -0.045850698836147785
v -0.7097848385572433 0.04902289845049381 -0.03194639943540096
v -0.7034395843744278 0.06888060122728347 -0.045850698836147785
v -0.7097848385572433 0.05078919883817434 -0.02942530121654272
v -0.7034395843744278 0.07064604982733726 -0.04332960061728954
v -0.7097848385572433 0.04902289845049381 -0.03194639943540096
v -0.7153174936771393 0.033826598711311814 -0.017548250034451485
v -0.7097848385572433 0.05078919883817434 -0.02942530121654272
v -0.7153174936771393 0.033826598711311814 -0.017548250034451485
v -0.7097848385572433 0.04902289845049381 -0.03194639943540096
v -0.7153174936771393 0.03206115011125803 -0.020069349836558104
v -0.7034395843744278 -0.06888060122728347 0.045850698836147785
v -0.7097848385572433 -0.05078919883817434 0.02942530121654272
v -0.7034395843744278 -0.07064604982733726 0.04332960061728954
v -0.7097848385572433 -0.05078919883817434 0.02942530121654272
v -0.7034395843744278 -0.06888060122728347 0.045850698836147785
v -0.7097848385572433 -0.049023750238120556 0.03194639943540096
v -0.7097848385572433 -0.049023750238120556 0.03194639943540096
v -0.7153174936771393 -0.033826598711311814 0.017548250034451485
v -0.7097848385572433 -0.05078919883817434 0.02942530121654272
v -0.7153174936771393 -0.033826598711311814 0.017548250034451485
v -0.7097848385572433 -0.049023750238120556 0.03194639943540096
v -0.7153174936771393 -0.03206115011125803 0.020069349836558104
v -0.7097848385572433 -0.05142840053886175 -0.028420600295066833
v -0.7034395843744278 -0.07242254950106143 -0.0405416015535593
v -0.7097848385572433 -0.05296774860471487 -0.025755000580102206
v -0.7034395843744278 -0.07396104894578456 -0.0378760002553463
v -0.7097848385572433 -0.05296774860471487 -0.025755000580102206
v -0.7034395843744278 -0.07242254950106143 -0.0405416015535593
v -0.7153174936771393 -0.03503444939851761 -0.015402000118046998
v -0.7097848385572433 -0.05142840053886175 -0.028420600295066833
v -0.7097848385572433 -0.05296774860471487 -0.025755000580102206
v -0.7153174936771393 -0.03349594995379448 -0.018067599833011625
v -0.7097848385572433 -0.05142840053886175 -0.028420600295066833
v -0.7153174936771393 -0.03503444939851761 -0.015402000118046998
v -0.7034395843744278 0.07396104894578456 0.0378760002553463
v -0.7097848385572433 0.05296774860471487 0.025755000580102206
v -0.7034395843744278 0.07242254950106143 0.0405416015535593
v -0.7034395843744278 0.07242254950106143 0.0405416015535593
v -0.7097848385572433 0.05296774860471487 0.025755000580102206
v -0.7097848385572433 0.05142840053886175 0.02842144891619682
v -0.7097848385572433 0.05296774860471487 0.025755000580102206
v -0.7153174936771393 0.03503444939851761 0.015402000118046998
v -0.7097848385572433 0.05142840053886175 0.02842144891619682
v -0.7153174936771393 0.03349594995379448 0.018067599833011625
v -0.7097848385572433 0.05142840053886175 0.02842144891619682
v -0.7153174936771393 0.03503444939851761 0.015402000118046998
v -0.7785430610179901 0.05532905273139477 -0.03139730039983988
v -0.7864811897277831 0.03455844894051552 -0.016853799298405647
v -0.7513388007879257 0.0353455513715744 -0.017404600325971843
v -0.7513388007879257 0.0353455513715744 -0.017404600325971843
v -0.7864811897277831 0.03455844894051552 -0.016853799298405647
v -0.7674454271793365 0.03092470075935125 -0.014308900106698275
v -0.7864811897277831 0.03455844894051552 -0.016853799298405647
v -0.7785430610179901 0.05532905273139477 -0.03139730039983988
v -0.8339528530836106 0.0580788005143404 -0.03332254942506552
v -0.7956654489040375 0.06605350226163864 -0.03890620097517967
v -0.8339528530836106 0.0580788005143404 -0.03332254942506552
v -0.7785430610179901 0.05532905273139477 -0.03139730039983988
v -0.8339528530836106 0.0580788005143404 -0.03332254942506552
v -0.7956654489040375 0.06605350226163864 -0.03890620097517967
v -0.8205424100160599 0.07439625225961208 -0.04474825132638216
v -0.8205424100160599 0.07439625225961208 -0.04474825132638216
v -0.8602322936058044 0.06962859742343426 -0.041410301439464094
v -0.8339528530836106 0.0580788005143404 -0.03332254942506552
v -0.8602322936058044 0.06962859742343426 -0.041410301439464094
v -0.8205424100160599 0.07439625225961208 -0.04474825132638216
v -0.8341687321662903 0.07650850191712379 -0.04622724913060665
v -0.8602322936058044 0.06962859742343426 -0.041410301439464094
v -0.8341687321662903 0.07650850191712379 -0.04622724913060665
v -0.8568093359470367 0.07838190272450447 -0.04753879941999912
v -0.8568093359470367 0.07838190272450447 -0.04753879941999912
v -0.8830241799354553 0.07871594913303852 -0.0477733988314867
v -0.8602322936058044 0.06962859742343426 -0.041410301439464094
v -0.7785430610179901 -0.05532905273139477 0.03139730039983988
v -0.7864811897277831 -0.03455844894051552 0.016853799298405647
v -0.7513388007879257 -0.0353455513715744 0.017404600325971843
v -0.7513388007879257 -0.0353455513715744 0.017404600325971843
v -0.7864811897277831 -0.03455844894051552 0.016853799298405647
v -0.7674454271793365 -0.03092470075935125 0.014308900106698275
v -0.7864811897277831 -0.03455844894051552 0.016853799298405647
v -0.7785430610179901 -0.05532905273139477 0.03139730039983988
v -0.8339528530836106 -0.0580788005143404 0.03332254942506552
v -0.7956654489040375 -0.06605350226163864 0.03890704959630966
v -0.8339528530836106 -0.0580788005143404 0.03332254942506552
v -0.7785430610179901 -0.05532905273139477 0.03139730039983988
v -0.8339528530836106 -0.0580788005143404 0.03332254942506552
v -0.7956654489040375 -0.06605350226163864 0.03890704959630966
v -0.8205424100160599 -0.07439625225961208 0.04474825132638216
v -0.8205424100160599 -0.07439625225961208 0.04474825132638216
v -0.8602322936058044 -0.06962859742343426 0.041410301439464094
v -0.8339528530836106 -0.0580788005143404 0.03332254942506552
v -0.8602322936058044 -0.06962859742343426 0.041410301439464094
v -0.8205424100160599 -0.07439625225961208 0.04474825132638216
v -0.8341687321662903 -0.07650935053825378 0.04622724913060665
v -0.8602322936058044 -0.06962859742343426 0.041410301439464094
v -0.8341687321662903 -0.07650935053825378 0.04622724913060665
v -0.8568093359470367 -0.07838190272450447 0.04753879941999912
v -0.8568093359470367 -0.07838190272450447 0.04753879941999912
v -0.8830241799354553 -0.07871679775416851 0.0477733988314867
v -0.8602322936058044 -0.06962859742343426 0.041410301439464094
v -0.8069925397634506 0.023524599429219962 0
v -0.7644925296306609 0.01609814967960119 0.017929049767553804
v -0.7644925296306609 0.023524599429219962 0
v -0.8069925397634506 0.01609814967960119 -0.017929049767553804
v -0.7644925296306609 0.023524599429219962 0
v -0.7644925296306609 0.01609814967960119 -0.017929049767553804
v -0.789992555975914 -0.0018300500814802945 -0.025355499517172576
v -0.8069925397634506 0.01609814967960119 -0.017929049767553804
v -0.7644925296306609 0.01609814967960119 -0.017929049767553804
v -0.7644925296306609 -0.019759099651128053 -0.017929049767553804
v -0.789992555975914 -0.0018300500814802945 -0.025355499517172576
v -0.7644925296306609 -0.0018309000879526138 -0.025355499517172576
v -0.7644925296306609 -0.02718554940074682 0
v -0.8069925397634506 -0.019759099651128053 -0.017929049767553804
v -0.7644925296306609 -0.019759099651128053 -0.017929049767553804
v -0.8069925397634506 -0.019759099651128053 -0.017929049767553804
v -0.7644925296306609 -0.02718554940074682 0
v -0.8069925397634506 -0.02718554940074682 0
v -0.7644925296306609 -0.019759099651128053 0.017929049767553804
v -0.8069925397634506 -0.02718554940074682 0
v -0.7644925296306609 -0.02718554940074682 0
v -0.8069925397634506 -0.02718554940074682 0
v -0.7644925296306609 -0.019759099651128053 0.017929049767553804
v -0.8069925397634506 -0.019759099651128053 0.017929049767553804
v -0.789993417263031 -0.0018309000879526138 0.025355499517172576
v -0.8069925397634506 -0.019759099651128053 0.017929049767553804
v -0.7644925296306609 -0.019759099651128053 0.017929049767553804
v -0.789993417263031 -0.0018309000879526138 0.025355499517172576
v -0.7644925296306609 -0.019759099651128053 0.017929049767553804
v -0.7644925296306609 -0.0018309000879526138 0.025355499517172576
v -0.6941440165042877 0.06183664686977863 -0.03716115094721317
v -0.7097848385572433 0.05078919883817434 -0.02942530121654272
v -0.6886172890663147 0.05523724965751171 -0.03253969959914684
v -0.7034395843744278 0.07064604982733726 -0.04332960061728954
v -0.7097848385572433 0.05078919883817434 -0.02942530121654272
v -0.6941440165042877 0.06183664686977863 -0.03716115094721317
v -0.7097848385572433 0.05078919883817434 -0.02942530121654272
v -0.6874034821987152 0.05229285098612308 -0.030478449538350105
v -0.6886172890663147 0.05523724965751171 -0.03253969959914684
v -0.7097848385572433 0.05078919883817434 -0.02942530121654272
v -0.688875675201416 0.04686305001378059 -0.026676398888230323
v -0.6874034821987152 0.05229285098612308 -0.030478449538350105
v -0.7153174936771393 0.033826598711311814 -0.017548250034451485
v -0.688875675201416 0.04686305001378059 -0.026676398888230323
v -0.7097848385572433 0.05078919883817434 -0.02942530121654272
v -0.688875675201416 0.04686305001378059 -0.026676398888230323
v -0.7153174936771393 0.033826598711311814 -0.017548250034451485
v -0.6945502907037735 0.035929500870406625 -0.019020449370145798
v -0.6945502907037735 0.035929500870406625 -0.019020449370145798
v -0.7153174936771393 0.033826598711311814 -0.017548250034451485
v -0.7031982213258743 0.02894335091114044 -0.014128699526190757
v -0.7463416635990142 0.05596399866044521 -0.03275899849832058
v -0.7594792306423187 0.08106110095977782 -0.05466945245862007
v -0.7463416635990142 0.05392654798924923 -0.03566939849406481
v -0.7594792306423187 0.08106110095977782 -0.05466945245862007
v -0.7463416635990142 0.05596399866044521 -0.03275899849832058
v -0.7594792306423187 0.0830994002521038 -0.05175904929637909
v -0.7463416635990142 0.05392654798924923 -0.03566939849406481
v -0.7352601915597915 0.032748799212276934 -0.01650360058993101
v -0.7463416635990142 0.05596399866044521 -0.03275899849832058
v -0.7352601915597915 0.032748799212276934 -0.01650360058993101
v -0.7463416635990142 0.05392654798924923 -0.03566939849406481
v -0.7352601915597915 0.03071049991995096 -0.019414000585675238
v -0.7463416635990142 0.05596399866044521 -0.03275899849832058
v -0.7113199561834335 0.04227984994649887 -0.023177799955010413
v -0.7158037155866622 0.0579427994787693 -0.034144499152898786
v -0.7197281450033187 0.06527574732899666 -0.03927935045212507
v -0.7463416635990142 0.05596399866044521 -0.03275899849832058
v -0.7158037155866622 0.0579427994787693 -0.034144499152898786
v -0.7463416635990142 0.05596399866044521 -0.03275899849832058
v -0.7197281450033187 0.06527574732899666 -0.03927935045212507
v -0.7243921160697937 0.06858564838767052 -0.04159645028412342
v -0.7463416635990142 0.05596399866044521 -0.03275899849832058
v -0.7243921160697937 0.06858564838767052 -0.04159645028412342
v -0.7383839279413223 0.07507454752922058 -0.046140550449490544
v -0.7383839279413223 0.07507454752922058 -0.046140550449490544
v -0.7594792306423187 0.0830994002521038 -0.05175904929637909
v -0.7463416635990142 0.05596399866044521 -0.03275899849832058
v -0.7113199561834335 0.04227984994649887 -0.023177799955010413
v -0.7463416635990142 0.05596399866044521 -0.03275899849832058
v -0.7352601915597915 0.032748799212276934 -0.01650360058993101
v -0.7113199561834335 0.04227984994649887 -0.023177799955010413
v -0.7352601915597915 0.032748799212276934 -0.01650360058993101
v -0.7147854208946228 0.030608500726521014 -0.015005049668252468
v -0.7594409793615341 0.07126059718430042 -0.04314600080251694
v -0.7876669287681579 0.06446485184133052 -0.03838769979774952
v -0.7470701098442077 0.056979747489094734 -0.033146599866449834
v -0.7669796735048294 0.07765429876744746 -0.047622100450098515
v -0.7876669287681579 0.06446485184133052 -0.03838769979774952
v -0.7594409793615341 0.07126059718430042 -0.04314600080251694
v -0.7876669287681579 0.06446485184133052 -0.03838769979774952
v -0.7669796735048294 0.07765429876744746 -0.047622100450098515
v -0.7731523662805557 0.080075953155756 -0.049317851290106775
v -0.7876669287681579 0.06446485184133052 -0.03838769979774952
v -0.7731523662805557 0.080075953155756 -0.049317851290106775
v -0.789899030327797 0.08404459953308105 -0.0520973514765501
v -0.7876669287681579 0.06446485184133052 -0.03838769979774952
v -0.789899030327797 0.08404459953308105 -0.0520973514765501
v -0.8142405241727829 0.0883447527885437 -0.05510805025696754
v -0.7470701098442077 0.056979747489094734 -0.033146599866449834
v -0.7876669287681579 0.06446485184133052 -0.03838769979774952
v -0.7521573275327682 0.03512199986726045 -0.01784065067768097
v -0.7470701098442077 0.056979747489094734 -0.033146599866449834
v -0.7521573275327682 0.03512199986726045 -0.01784065067768097
v -0.7355466455221176 0.03523250110447407 -0.017918000277131797
v -0.6941440165042877 -0.06183750182390213 0.03716115094721317
v -0.7097848385572433 -0.05078919883817434 0.02942530121654272
v -0.6886172890663147 -0.05523724965751171 0.032540551386773586
v -0.7034395843744278 -0.07064604982733726 0.04332960061728954
v -0.7097848385572433 -0.05078919883817434 0.02942530121654272
v -0.6941440165042877 -0.06183750182390213 0.03716115094721317
v -0.7097848385572433 -0.05078919883817434 0.02942530121654272
v -0.6874034821987152 -0.05229285098612308 0.030478449538350105
v -0.6886172890663147 -0.05523724965751171 0.032540551386773586
v -0.7097848385572433 -0.05078919883817434 0.02942530121654272
v -0.688875675201416 -0.04686305001378059 0.026676398888230323
v -0.6874034821987152 -0.05229285098612308 0.030478449538350105
v -0.7153174936771393 -0.033826598711311814 0.017548250034451485
v -0.688875675201416 -0.04686305001378059 0.026676398888230323
v -0.7097848385572433 -0.05078919883817434 0.02942530121654272
v -0.688875675201416 -0.04686305001378059 0.026676398888230323
v -0.7153174936771393 -0.033826598711311814 0.017548250034451485
v -0.6945502907037735 -0.035929500870406625 0.019020449370145798
v -0.6945502907037735 -0.035929500870406625 0.019020449370145798
v -0.7153174936771393 -0.033826598711311814 0.017548250034451485
v -0.7031982213258743 -0.02894419953227043 0.014128699526190757
v -0.7594792306423187 -0.08106194958090782 0.05466945245862007
v -0.7463416635990142 -0.0559648472815752 0.03275899849832058
v -0.7594792306423187 -0.0830994002521038 0.051759901084005834
v -0.7463416635990142 -0.0559648472815752 0.03275899849832058
v -0.7594792306423187 -0.08106194958090782 0.05466945245862007
v -0.7463416635990142 -0.05392654798924923 0.03566939849406481
v -0.7463416635990142 -0.05392654798924923 0.03566939849406481
v -0.7352601915597915 -0.032748799212276934 0.01650360058993101
v -0.7463416635990142 -0.0559648472815752 0.03275899849832058
v -0.7352601915597915 -0.032748799212276934 0.01650360058993101
v -0.7463416635990142 -0.05392654798924923 0.03566939849406481
v -0.7352601915597915 -0.03071134854108095 0.019414000585675238
v -0.7463416635990142 -0.0559648472815752 0.03275899849832058
v -0.7113208174705505 -0.04227984994649887 0.023177799955010413
v -0.7158037155866622 -0.05794364809989929 0.034144499152898786
v -0.7197281450033187 -0.06527574732899666 0.03927935045212507
v -0.7463416635990142 -0.0559648472815752 0.03275899849832058
v -0.7158037155866622 -0.05794364809989929 0.034144499152898786
v -0.7463416635990142 -0.0559648472815752 0.03275899849832058
v -0.7197281450033187 -0.06527574732899666 0.03927935045212507
v -0.7243929266929626 -0.06858564838767052 0.04159729890525341
v -0.7463416635990142 -0.0559648472815752 0.03275899849832058
v -0.7243929266929626 -0.06858564838767052 0.04159729890525341
v -0.7383839279413223 -0.07507454752922058 0.046140550449490544
v -0.7383839279413223 -0.07507454752922058 0.046140550449490544
v -0.7594792306423187 -0.0830994002521038 0.051759901084005834
v -0.7463416635990142 -0.0559648472815752 0.03275899849832058
v -0.7113208174705505 -0.04227984994649887 0.023177799955010413
v -0.7463416635990142 -0.0559648472815752 0.03275899849832058
v -0.7352601915597915 -0.032748799212276934 0.01650360058993101
v -0.7113208174705505 -0.04227984994649887 0.023177799955010413
v -0.7352601915597915 -0.032748799212276934 0.01650360058993101
v -0.7147862315177917 -0.030608500726521014 0.015005049668252468
v -0.7594409793615341 -0.07126145213842391 0.04314600080251694
v -0.7876669287681579 -0.06446485184133052 0.03838769979774952
v -0.7470701098442077 -0.05698060244321823 0.033146599866449834
v -0.7669796735048294 -0.07765429876744746 0.047622100450098515
v -0.7876669287681579 -0.06446485184133052 0.03838769979774952
v -0.7594409793615341 -0.07126145213842391 0.04314600080251694
v -0.7876669287681579 -0.06446485184133052 0.03838769979774952
v -0.7669796735048294 -0.07765429876744746 0.047622100450098515
v -0.7731531769037246 -0.080075953155756 0.049317851290106775
v -0.7876669287681579 -0.06446485184133052 0.03838769979774952
v -0.7731531769037246 -0.080075953155756 0.049317851290106775
v -0.789899030327797 -0.08404459953308105 0.0520973514765501
v -0.7876669287681579 -0.06446485184133052 0.03838769979774952
v -0.789899030327797 -0.08404459953308105 0.0520973514765501
v -0.8142405241727829 -0.0883447527885437 0.05510805025696754
v -0.7470701098442077 -0.05698060244321823 0.033146599866449834
v -0.7876669287681579 -0.06446485184133052 0.03838769979774952
v -0.7521573275327682 -0.03512199986726045 0.01784065067768097
v -0.7470701098442077 -0.05698060244321823 0.033146599866449834
v -0.7521573275327682 -0.03512199986726045 0.01784065067768097
v -0.7355466455221176 -0.03523250110447407 0.017918000277131797
v -0.7513388007879257 -0.03653554935008287 -0.01512660039588809
v -0.7864811897277831 -0.035703400336205955 -0.014646350499242544
v -0.7785430610179901 -0.057662298530340196 -0.027324099466204642
v -0.7864811897277831 -0.035703400336205955 -0.014646350499242544
v -0.7513388007879257 -0.03653554935008287 -0.01512660039588809
v -0.7674454271793365 -0.03186140116304159 -0.012427849834784866
v -0.7785430610179901 -0.057662298530340196 -0.027324099466204642
v -0.7864811897277831 -0.035703400336205955 -0.014646350499242544
v -0.8339528530836106 -0.06056930087506771 -0.029002849385142325
v -0.8339528530836106 -0.06056930087506771 -0.029002849385142325
v -0.7956654489040375 -0.06900045312941074 -0.03386995121836662
v -0.7785430610179901 -0.057662298530340196 -0.027324099466204642
v -0.8339528530836106 -0.06056930087506771 -0.029002849385142325
v -0.8205424100160599 -0.07782090082764626 -0.03896315041929483
v -0.7956654489040375 -0.06900045312941074 -0.03386995121836662
v -0.8205424100160599 -0.07782090082764626 -0.03896315041929483
v -0.8339528530836106 -0.06056930087506771 -0.029002849385142325
v -0.8602322936058044 -0.07278040163218975 -0.036052750423550606
v -0.8205424100160599 -0.07782090082764626 -0.03896315041929483
v -0.8602322936058044 -0.07278040163218975 -0.036052750423550606
v -0.8341687321662903 -0.08005385100841522 -0.04025174994021654
v -0.8341687321662903 -0.08005385100841522 -0.04025174994021654
v -0.8602322936058044 -0.07278040163218975 -0.036052750423550606
v -0.8568093359470367 -0.08203434906899928 -0.04139584954828024
v -0.8568093359470367 -0.08203434906899928 -0.04139584954828024
v -0.8602322936058044 -0.07278040163218975 -0.036052750423550606
v -0.8830241799354553 -0.08238795176148414 -0.04159985110163689
v -0.7463416635990142 -0.05663720220327377 -0.031702449358999726
v -0.7594792306423187 -0.08532554879784583 -0.048265548422932625
v -0.7463416635990142 -0.058413701876997945 -0.02862545046955347
v -0.7594792306423187 -0.08710204847157 -0.04518854953348637
v -0.7463416635990142 -0.058413701876997945 -0.02862545046955347
v -0.7594792306423187 -0.08532554879784583 -0.048265548422932625
v -0.7352601915597915 -0.03386995121836662 -0.014455100428313017
v -0.7463416635990142 -0.05663720220327377 -0.031702449358999726
v -0.7463416635990142 -0.058413701876997945 -0.02862545046955347
v -0.7352601915597915 -0.032093451544642444 -0.017532099317759276
v -0.7463416635990142 -0.05663720220327377 -0.031702449358999726
v -0.7352601915597915 -0.03386995121836662 -0.014455100428313017
v -0.7113199561834335 -0.04394670017063618 -0.020273349806666372
v -0.7352601915597915 -0.03386995121836662 -0.014455100428313017
v -0.7463416635990142 -0.058413701876997945 -0.02862545046955347
v -0.7352601915597915 -0.03386995121836662 -0.014455100428313017
v -0.7113199561834335 -0.04394670017063618 -0.020273349806666372
v -0.7147854208946228 -0.03160724863409996 -0.013148649781942367
v -0.7463416635990142 -0.058413701876997945 -0.02862545046955347
v -0.7158037155866622 -0.06050555296242237 -0.02983330115675926
v -0.7113199561834335 -0.04394670017063618 -0.020273349806666372
v -0.7463416635990142 -0.058413701876997945 -0.02862545046955347
v -0.7197281450033187 -0.06825839728116989 -0.03430940080434084
v -0.7158037155866622 -0.06050555296242237 -0.02983330115675926
v -0.7197281450033187 -0.06825839728116989 -0.03430940080434084
v -0.7463416635990142 -0.058413701876997945 -0.02862545046955347
v -0.7243921160697937 -0.0717578511685133 -0.03632985055446625
v -0.7243921160697937 -0.0717578511685133 -0.03632985055446625
v -0.7463416635990142 -0.058413701876997945 -0.02862545046955347
v -0.7383839279413223 -0.07861735075712203 -0.04029000122100115
v -0.7383839279413223 -0.07861735075712203 -0.04029000122100115
v -0.7463416635990142 -0.058413701876997945 -0.02862545046955347
v -0.7594792306423187 -0.08710204847157 -0.04518854953348637
v -0.7876669287681579 -0.06737270280718803 -0.033491700515151025
v -0.7669796735048294 -0.08131609894335269 -0.04154204986989498
v -0.7594409793615341 -0.0745577499270439 -0.03763970043510199
v -0.7669796735048294 -0.08131609894335269 -0.04154204986989498
v -0.7876669287681579 -0.06737270280718803 -0.033491700515151025
v -0.7731523662805557 -0.08387714885175228 -0.04302019905298948
v -0.7731523662805557 -0.08387714885175228 -0.04302019905298948
v -0.7876669287681579 -0.06737270280718803 -0.033491700515151025
v -0.789899030327797 -0.0880727507174015 -0.04544269889593124
v -0.789899030327797 -0.0880727507174015 -0.04544269889593124
v -0.7876669287681579 -0.06737270280718803 -0.033491700515151025
v -0.8142405241727829 -0.09261854812502861 -0.04806749988347292
v -0.7876669287681579 -0.06737270280718803 -0.033491700515151025
v -0.7594409793615341 -0.0745577499270439 -0.03763970043510199
v -0.7470701098442077 -0.05945920310914516 -0.0289229491725564
v -0.7470701098442077 -0.05945920310914516 -0.0289229491725564
v -0.7521573275327682 -0.03635024912655353 -0.015580500289797782
v -0.7876669287681579 -0.06737270280718803 -0.033491700515151025
v -0.7521573275327682 -0.03635024912655353 -0.015580500289797782
v -0.7470701098442077 -0.05945920310914516 -0.0289229491725564
v -0.7355466455221176 -0.036467548832297324 -0.015648499224334953
v -0.7594792306423187 0.08710204847157 0.04518854953348637
v -0.7463416635990142 0.058413701876997945 0.02862545046955347
v -0.7594792306423187 0.08532554879784583 0.048265548422932625
v -0.7594792306423187 0.08532554879784583 0.048265548422932625
v -0.7463416635990142 0.058413701876997945 0.02862545046955347
v -0.7463416635990142 0.05663720220327377 0.031702449358999726
v -0.7463416635990142 0.058413701876997945 0.02862545046955347
v -0.7352601915597915 0.03386995121836662 0.014455100428313017
v -0.7463416635990142 0.05663720220327377 0.031702449358999726
v -0.7352601915597915 0.032093451544642444 0.017532099317759276
v -0.7463416635990142 0.05663720220327377 0.031702449358999726
v -0.7352601915597915 0.03386995121836662 0.014455100428313017
v -0.7113208174705505 0.04394670017063618 0.020273349806666372
v -0.7352601915597915 0.03386995121836662 0.014455100428313017
v -0.7463416635990142 0.058413701876997945 0.02862545046955347
v -0.7352601915597915 0.03386995121836662 0.014455100428313017
v -0.7113208174705505 0.04394670017063618 0.020273349806666372
v -0.7147862315177917 0.03160724863409996 0.013148649781942367
v -0.7463416635990142 0.058413701876997945 0.02862545046955347
v -0.7158037155866622 0.06050555296242237 0.02983330115675926
v -0.7113208174705505 0.04394670017063618 0.020273349806666372
v -0.7463416635990142 0.058413701876997945 0.02862545046955347
v -0.7197281450033187 0.06825839728116989 0.03430940080434084
v -0.7158037155866622 0.06050555296242237 0.02983330115675926
v -0.7197281450033187 0.06825839728116989 0.03430940080434084
v -0.7463416635990142 0.058413701876997945 0.02862545046955347
v -0.7243929266929626 0.0717578511685133 0.03632985055446625
v -0.7243929266929626 0.0717578511685133 0.03632985055446625
v -0.7463416635990142 0.058413701876997945 0.02862545046955347
v -0.7383839279413223 0.07861735075712203 0.04029084984213114
v -0.7383839279413223 0.07861735075712203 0.04029084984213114
v -0.7463416635990142 0.058413701876997945 0.02862545046955347
v -0.7594792306423187 0.08710204847157 0.04518854953348637
v -0.7876669287681579 0.06737270280718803 0.033491700515151025
v -0.7669796735048294 0.08131694756448268 0.04154204986989498
v -0.7594409793615341 0.0745577499270439 0.03763970043510199
v -0.7669796735048294 0.08131694756448268 0.04154204986989498
v -0.7876669287681579 0.06737270280718803 0.033491700515151025
v -0.7731531769037246 0.08387714885175228 0.04302019905298948
v -0.7731531769037246 0.08387714885175228 0.04302019905298948
v -0.7876669287681579 0.06737270280718803 0.033491700515151025
v -0.789899030327797 0.0880727507174015 0.04544269889593124
v -0.789899030327797 0.0880727507174015 0.04544269889593124
v -0.7876669287681579 0.06737270280718803 0.033491700515151025
v -0.8142405241727829 0.09261854812502861 0.04806749988347292
v -0.7876669287681579 0.06737270280718803 0.033491700515151025
v -0.7594409793615341 0.0745577499270439 0.03763970043510199
v -0.7470701098442077 0.05945920310914516 0.0289229491725564
v -0.7470701098442077 0.05945920310914516 0.0289229491725564
v -0.7521573275327682 0.03635024912655353 0.015580500289797782
v -0.7876669287681579 0.06737270280718803 0.033491700515151025
v -0.7521573275327682 0.03635024912655353 0.015580500289797782
v -0.7470701098442077 0.05945920310914516 0.0289229491725564
v -0.7355466455221176 0.036467548832297324 0.015648499224334953
v -0.7513388007879257 0.03653554935008287 0.01512660039588809
v -0.7864811897277831 0.035703400336205955 0.014646350499242544
v -0.7785430610179901 0.057662298530340196 0.027324099466204642
v -0.7864811897277831 0.035703400336205955 0.014646350499242544
v -0.7513388007879257 0.03653554935008287 0.01512660039588809
v -0.7674454271793365 0.03186140116304159 0.012427849834784866
v -0.7785430610179901 0.057662298530340196 0.027324099466204642
v -0.7864811897277831 0.035703400336205955 0.014646350499242544
v -0.8339528530836106 0.06056930087506771 0.029002849385142325
v -0.8339528530836106 0.06056930087506771 0.029002849385142325
v -0.7956654489040375 0.06900045312941074 0.03387079983949661
v -0.7785430610179901 0.057662298530340196 0.027324099466204642
v -0.8339528530836106 0.06056930087506771 0.029002849385142325
v -0.8205424100160599 0.07782090082764626 0.03896315041929483
v -0.7956654489040375 0.06900045312941074 0.03387079983949661
v -0.8205424100160599 0.07782090082764626 0.03896315041929483
v -0.8339528530836106 0.06056930087506771 0.029002849385142325
v -0.8602322936058044 0.07278040163218975 0.036052750423550606
v -0.8205424100160599 0.07782090082764626 0.03896315041929483
v -0.8602322936058044 0.07278040163218975 0.036052750423550606
v -0.8341687321662903 0.08005385100841522 0.04025259856134653
v -0.8341687321662903 0.08005385100841522 0.04025259856134653
v -0.8602322936058044 0.07278040163218975 0.036052750423550606
v -0.8568093359470367 0.08203434906899928 0.04139584954828024
v -0.8568093359470367 0.08203434906899928 0.04139584954828024
v -0.8602322936058044 0.07278040163218975 0.036052750423550606
v -0.8830241799354553 0.08238795176148414 0.04159985110163689
v -0.7097848385572433 -0.05296774860471487 -0.025755000580102206
v -0.6886172890663147 -0.0576707974076271 -0.028470751270651816
v -0.6874034821987152 -0.05455809943377971 -0.02667300123721361
v -0.6886172890663147 -0.0576707974076271 -0.028470751270651816
v -0.7097848385572433 -0.05296774860471487 -0.025755000580102206
v -0.6941440165042877 -0.06464845165610313 -0.03249889928847551
v -0.6941440165042877 -0.06464845165610313 -0.03249889928847551
v -0.7097848385572433 -0.05296774860471487 -0.025755000580102206
v -0.7034395843744278 -0.07396104894578456 -0.0378760002553463
v -0.688875675201416 -0.048817199654877186 -0.023358850739896297
v -0.7097848385572433 -0.05296774860471487 -0.025755000580102206
v -0.6874034821987152 -0.05455809943377971 -0.02667300123721361
v -0.7097848385572433 -0.05296774860471487 -0.025755000580102206
v -0.688875675201416 -0.048817199654877186 -0.023358850739896297
v -0.7153174936771393 -0.03503444939851761 -0.015402000118046998
v -0.7153174936771393 -0.03503444939851761 -0.015402000118046998
v -0.688875675201416 -0.048817199654877186 -0.023358850739896297
v -0.6945502907037735 -0.03725804891437292 -0.016685499995946883
v -0.6945502907037735 -0.03725804891437292 -0.016685499995946883
v -0.7031982213258743 -0.029872401058673857 -0.01242104978300631
v -0.7153174936771393 -0.03503444939851761 -0.015402000118046998
v -0.7097848385572433 0.05296774860471487 0.025755000580102206
v -0.6886172890663147 0.0576707974076271 0.028470751270651816
v -0.6874034821987152 0.05455725081264973 0.0266738498583436
v -0.6886172890663147 0.0576707974076271 0.028470751270651816
v -0.7097848385572433 0.05296774860471487 0.025755000580102206
v -0.6941440165042877 0.06464845165610313 0.03249889928847551
v -0.6941440165042877 0.06464845165610313 0.03249889928847551
v -0.7097848385572433 0.05296774860471487 0.025755000580102206
v -0.7034395843744278 0.07396104894578456 0.0378760002553463
v -0.688875675201416 0.048817199654877186 0.023358850739896297
v -0.7097848385572433 0.05296774860471487 0.025755000580102206
v -0.6874034821987152 0.05455725081264973 0.0266738498583436
v -0.7097848385572433 0.05296774860471487 0.025755000580102206
v -0.688875675201416 0.048817199654877186 0.023358850739896297
v -0.7153174936771393 0.03503444939851761 0.015402000118046998
v -0.7153174936771393 0.03503444939851761 0.015402000118046998
v -0.688875675201416 0.048817199654877186 0.023358850739896297
v -0.6945502907037735 0.03725804891437292 0.016685499995946883
v -0.6945502907037735 0.03725804891437292 0.016685499995946883
v -0.7031982213258743 0.029872401058673857 0.012421899987384676
v -0.7153174936771393 0.03503444939851761 0.015402000118046998
v -0.8142405241727829 -0.08600215315818786 0.05845365040004253
v -0.7876669287681579 -0.06446485184133052 0.03838769979774952
v -0.8142405241727829 -0.0883447527885437 0.05510805025696754
v -0.7876669287681579 -0.06446485184133052 0.03838769979774952
v -0.8142405241727829 -0.08600215315818786 0.05845365040004253
v -0.7876669287681579 -0.062123100832104684 0.04173245131969452
v -0.7876669287681579 -0.062123100832104684 0.04173245131969452
v -0.7521573275327682 -0.03512199986726045 0.01784065067768097
v -0.7876669287681579 -0.06446485184133052 0.03838769979774952
v -0.7521573275327682 -0.03512199986726045 0.01784065067768097
v -0.7876669287681579 -0.062123100832104684 0.04173245131969452
v -0.7521573275327682 -0.03277940023690462 0.02118624923750758
v -0.7513388007879257 0.0324461992830038 -0.02154580019414425
v -0.7864811897277831 0.03165825139731169 -0.020994150545448065
v -0.7785430610179901 0.05242970064282417 -0.03553849868476391
v -0.7864811897277831 0.03165825139731169 -0.020994150545448065
v -0.7513388007879257 0.0324461992830038 -0.02154580019414425
v -0.7674454271793365 0.02802450004965067 -0.018450099974870682
v -0.7785430610179901 0.05242970064282417 -0.03553849868476391
v -0.7864811897277831 0.03165825139731169 -0.020994150545448065
v -0.8339528530836106 0.055178599804639815 -0.0374637508764863
v -0.8339528530836106 0.055178599804639815 -0.0374637508764863
v -0.7956654489040375 0.06315415017306804 -0.0430473992601037
v -0.7785430610179901 0.05242970064282417 -0.03553849868476391
v -0.8339528530836106 0.055178599804639815 -0.0374637508764863
v -0.8205424100160599 0.07149690017104149 -0.04888944961130619
v -0.7956654489040375 0.06315415017306804 -0.0430473992601037
v -0.8205424100160599 0.07149690017104149 -0.04888944961130619
v -0.8339528530836106 0.055178599804639815 -0.0374637508764863
v -0.8602322936058044 0.06672925166785716 -0.04555149972438812
v -0.8205424100160599 0.07149690017104149 -0.04888944961130619
v -0.8602322936058044 0.06672925166785716 -0.04555149972438812
v -0.8341687321662903 0.0736091498285532 -0.050368450582027435
v -0.8341687321662903 0.0736091498285532 -0.050368450582027435
v -0.8602322936058044 0.06672925166785716 -0.04555149972438812
v -0.8568093359470367 0.07548255063593387 -0.051680000871419905
v -0.8568093359470367 0.07548255063593387 -0.051680000871419905
v -0.8602322936058044 0.06672925166785716 -0.04555149972438812
v -0.8830241799354553 0.07581659704446793 -0.05191460028290749
v -0.7876669287681579 0.06446485184133052 -0.03838769979774952
v -0.8142405241727829 0.08600215315818786 -0.05845365040004253
v -0.7876669287681579 0.062123100832104684 -0.04173245131969452
v -0.8142405241727829 0.08600215315818786 -0.05845365040004253
v -0.7876669287681579 0.06446485184133052 -0.03838769979774952
v -0.8142405241727829 0.0883447527885437 -0.05510805025696754
v -0.7876669287681579 0.062123100832104684 -0.04173245131969452
v -0.7521573275327682 0.03512199986726045 -0.01784065067768097
v -0.7876669287681579 0.06446485184133052 -0.03838769979774952
v -0.7521573275327682 0.03512199986726045 -0.01784065067768097
v -0.7876669287681579 0.062123100832104684 -0.04173245131969452
v -0.7521573275327682 0.03277940023690462 -0.02118624923750758
v -0.7876669287681579 -0.062123100832104684 0.04173245131969452
v -0.7669796735048294 -0.07531169913709164 0.0509677005931735
v -0.7594409793615341 -0.06891885250806808 0.046491600945591925
v -0.7669796735048294 -0.07531169913709164 0.0509677005931735
v -0.7876669287681579 -0.062123100832104684 0.04173245131969452
v -0.7731531769037246 -0.07773334719240665 0.05266345143318176
v -0.7731531769037246 -0.07773334719240665 0.05266345143318176
v -0.7876669287681579 -0.062123100832104684 0.04173245131969452
v -0.789899030327797 -0.0817028485238552 0.0554421029984951
v -0.789899030327797 -0.0817028485238552 0.0554421029984951
v -0.7876669287681579 -0.062123100832104684 0.04173245131969452
v -0.8142405241727829 -0.08600215315818786 0.05845365040004253
v -0.7876669287681579 -0.062123100832104684 0.04173245131969452
v -0.7594409793615341 -0.06891885250806808 0.046491600945591925
v -0.7470701098442077 -0.05463800281286239 0.03649135138839483
v -0.7470701098442077 -0.05463800281286239 0.03649135138839483
v -0.7521573275327682 -0.03277940023690462 0.02118624923750758
v -0.7876669287681579 -0.062123100832104684 0.04173245131969452
v -0.7521573275327682 -0.03277940023690462 0.02118624923750758
v -0.7470701098442077 -0.05463800281286239 0.03649135138839483
v -0.7355466455221176 -0.03288990147411823 0.021263600420206783
v -0.7513388007879257 -0.0324461992830038 0.02154580019414425
v -0.7864811897277831 -0.031659100018441674 0.02099500074982643
v -0.7785430610179901 -0.05242970064282417 0.03553849868476391
v -0.7864811897277831 -0.031659100018441674 0.02099500074982643
v -0.7513388007879257 -0.0324461992830038 0.02154580019414425
v -0.7674454271793365 -0.02802534867078066 0.018450099974870682
v -0.7785430610179901 -0.05242970064282417 0.03553849868476391
v -0.7864811897277831 -0.031659100018441674 0.02099500074982643
v -0.8339528530836106 -0.05517944842576981 0.0374637508764863
v -0.8339528530836106 -0.05517944842576981 0.0374637508764863
v -0.7956654489040375 -0.06315415017306804 0.0430473992601037
v -0.7785430610179901 -0.05242970064282417 0.03553849868476391
v -0.8339528530836106 -0.05517944842576981 0.0374637508764863
v -0.8205424100160599 -0.07149690017104149 0.04888944961130619
v -0.7956654489040375 -0.06315415017306804 0.0430473992601037
v -0.8205424100160599 -0.07149690017104149 0.04888944961130619
v -0.8339528530836106 -0.05517944842576981 0.0374637508764863
v -0.8602322936058044 -0.06672925166785716 0.04555149972438812
v -0.8205424100160599 -0.07149690017104149 0.04888944961130619
v -0.8602322936058044 -0.06672925166785716 0.04555149972438812
v -0.8341687321662903 -0.0736091498285532 0.050368450582027435
v -0.8341687321662903 -0.0736091498285532 0.050368450582027435
v -0.8602322936058044 -0.06672925166785716 0.04555149972438812
v -0.8568093359470367 -0.07548255063593387 0.051680000871419905
v -0.8568093359470367 -0.07548255063593387 0.051680000871419905
v -0.8602322936058044 -0.06672925166785716 0.04555149972438812
v -0.8830241799354553 -0.07581745199859143 0.05191460028290749
v -0.7785430610179901 -0.05513440184295177 -0.031702449358999726
v -0.7864811897277831 -0.033175500482320784 -0.01902385018765926
v -0.7513388007879257 -0.0340076494961977 -0.019504950288683175
v -0.7513388007879257 -0.0340076494961977 -0.019504950288683175
v -0.7864811897277831 -0.033175500482320784 -0.01902385018765926
v -0.7674454271793365 -0.029333501309156417 -0.01680620051920414
v -0.7864811897277831 -0.033175500482320784 -0.01902385018765926
v -0.7785430610179901 -0.05513440184295177 -0.031702449358999726
v -0.8339528530836106 -0.05804139785468578 -0.033380350656807424
v -0.7956654489040375 -0.06647255010902882 -0.03824830111116171
v -0.8339528530836106 -0.05804139785468578 -0.033380350656807424
v -0.7785430610179901 -0.05513440184295177 -0.031702449358999726
v -0.8339528530836106 -0.05804139785468578 -0.033380350656807424
v -0.7956654489040375 -0.06647255010902882 -0.03824830111116171
v -0.8205424100160599 -0.07529299780726433 -0.04334064852446318
v -0.8205424100160599 -0.07529299780726433 -0.04334064852446318
v -0.8602322936058044 -0.07025249861180782 -0.04043110031634569
v -0.8339528530836106 -0.05804139785468578 -0.033380350656807424
v -0.8602322936058044 -0.07025249861180782 -0.04043110031634569
v -0.8205424100160599 -0.07529299780726433 -0.04334064852446318
v -0.8341687321662903 -0.07752680294215679 -0.044630099833011624
v -0.8602322936058044 -0.07025249861180782 -0.04043110031634569
v -0.8341687321662903 -0.07752680294215679 -0.044630099833011624
v -0.8568093359470367 -0.07950645238161087 -0.04577335081994533
v -0.8568093359470367 -0.07950645238161087 -0.04577335081994533
v -0.8830241799354553 -0.07986004874110221 -0.045977349206805226
v -0.8602322936058044 -0.07025249861180782 -0.04043110031634569
v -0.6941440165042877 -0.06310909725725651 -0.03516450058668852
v -0.7097848385572433 -0.05142840053886175 -0.028420600295066833
v -0.6886172890663147 -0.056131449341773984 -0.031136349402368067
v -0.7034395843744278 -0.07242254950106143 -0.0405416015535593
v -0.7097848385572433 -0.05142840053886175 -0.028420600295066833
v -0.6941440165042877 -0.06310909725725651 -0.03516450058668852
v -0.7097848385572433 -0.05142840053886175 -0.028420600295066833
v -0.6874034821987152 -0.053018751367926595 -0.029339451156556607
v -0.6886172890663147 -0.056131449341773984 -0.031136349402368067
v -0.7097848385572433 -0.05142840053886175 -0.028420600295066833
v -0.688875675201416 -0.04727784842252731 -0.026024450454860924
v -0.6874034821987152 -0.053018751367926595 -0.029339451156556607
v -0.7153174936771393 -0.03349594995379448 -0.018067599833011625
v -0.688875675201416 -0.04727784842252731 -0.026024450454860924
v -0.7097848385572433 -0.05142840053886175 -0.028420600295066833
v -0.688875675201416 -0.04727784842252731 -0.026024450454860924
v -0.7153174936771393 -0.03349594995379448 -0.018067599833011625
v -0.6945502907037735 -0.03571954946964979 -0.01935109971091151
v -0.6945502907037735 -0.03571954946964979 -0.01935109971091151
v -0.7153174936771393 -0.03349594995379448 -0.018067599833011625
v -0.7031982213258743 -0.028333898447453976 -0.015086650289595127
v -0.7463416635990142 -0.05663720220327377 -0.031702449358999726
v -0.7113199561834335 -0.042170200496912 -0.023349500074982644
v -0.7158037155866622 -0.05872904695570469 -0.03291030004620552
v -0.7197281450033187 -0.06648189760744572 -0.037385551072657106
v -0.7463416635990142 -0.05663720220327377 -0.031702449358999726
v -0.7158037155866622 -0.05872904695570469 -0.03291030004620552
v -0.7463416635990142 -0.05663720220327377 -0.031702449358999726
v -0.7197281450033187 -0.06648189760744572 -0.037385551072657106
v -0.7243921160697937 -0.06998135149478912 -0.03940600082278251
v -0.7463416635990142 -0.05663720220327377 -0.031702449358999726
v -0.7243921160697937 -0.06998135149478912 -0.03940600082278251
v -0.7383839279413223 -0.07684169970452785 -0.043367000110447404
v -0.7383839279413223 -0.07684169970452785 -0.043367000110447404
v -0.7594792306423187 -0.08532554879784583 -0.048265548422932625
v -0.7463416635990142 -0.05663720220327377 -0.031702449358999726
v -0.7113199561834335 -0.042170200496912 -0.023349500074982644
v -0.7463416635990142 -0.05663720220327377 -0.031702449358999726
v -0.7352601915597915 -0.032093451544642444 -0.017532099317759276
v -0.7113199561834335 -0.042170200496912 -0.023349500074982644
v -0.7352601915597915 -0.032093451544642444 -0.017532099317759276
v -0.7147854208946228 -0.029830748960375787 -0.016225650254637004
v -0.7876669287681579 -0.0653310026973486 -0.03702855072915554
v -0.8142405241727829 -0.09057684801518917 -0.051604350097477436
v -0.7876669287681579 -0.06737270280718803 -0.033491700515151025
v -0.8142405241727829 -0.09261854812502861 -0.04806749988347292
v -0.7876669287681579 -0.06737270280718803 -0.033491700515151025
v -0.8142405241727829 -0.09057684801518917 -0.051604350097477436
v -0.7521573275327682 -0.03635024912655353 -0.015580500289797782
v -0.7876669287681579 -0.0653310026973486 -0.03702855072915554
v -0.7876669287681579 -0.06737270280718803 -0.033491700515151025
v -0.7521573275327682 -0.034308549016714096 -0.0191173505038023
v -0.7876669287681579 -0.0653310026973486 -0.03702855072915554
v -0.7521573275327682 -0.03635024912655353 -0.015580500289797782
v -0.7594409793615341 -0.07251604981720447 -0.041176550649106504
v -0.7876669287681579 -0.0653310026973486 -0.03702855072915554
v -0.7470701098442077 -0.057417502999305724 -0.03245979938656091
v -0.7669796735048294 -0.07927439883351325 -0.0450789000838995
v -0.7876669287681579 -0.0653310026973486 -0.03702855072915554
v -0.7594409793615341 -0.07251604981720447 -0.041176550649106504
v -0.7876669287681579 -0.0653310026973486 -0.03702855072915554
v -0.7669796735048294 -0.07927439883351325 -0.0450789000838995
v -0.7731523662805557 -0.08183460012078285 -0.046557049266994
v -0.7876669287681579 -0.0653310026973486 -0.03702855072915554
v -0.7731523662805557 -0.08183460012078285 -0.046557049266994
v -0.789899030327797 -0.08603105060756207 -0.04897954910993576
v -0.7876669287681579 -0.0653310026973486 -0.03702855072915554
v -0.789899030327797 -0.08603105060756207 -0.04897954910993576
v -0.8142405241727829 -0.09057684801518917 -0.051604350097477436
v -0.7470701098442077 -0.057417502999305724 -0.03245979938656091
v -0.7876669287681579 -0.0653310026973486 -0.03702855072915554
v -0.7521573275327682 -0.034308549016714096 -0.0191173505038023
v -0.7470701098442077 -0.057417502999305724 -0.03245979938656091
v -0.7521573275327682 -0.034308549016714096 -0.0191173505038023
v -0.7355466455221176 -0.03442584872245789 -0.01918534943833947
v -0.6941440165042877 0.06310909725725651 0.035165349207818504
v -0.7097848385572433 0.05142840053886175 0.02842144891619682
v -0.6886172890663147 0.056131449341773984 0.031136349402368067
v -0.7034395843744278 0.07242254950106143 0.0405416015535593
v -0.7097848385572433 0.05142840053886175 0.02842144891619682
v -0.6941440165042877 0.06310909725725651 0.035165349207818504
v -0.7097848385572433 0.05142840053886175 0.02842144891619682
v -0.6874034821987152 0.053018751367926595 0.029339451156556607
v -0.6886172890663147 0.056131449341773984 0.031136349402368067
v -0.7097848385572433 0.05142840053886175 0.02842144891619682
v -0.688875675201416 0.04727784842252731 0.026025300659239293
v -0.6874034821987152 0.053018751367926595 0.029339451156556607
v -0.7153174936771393 0.03349594995379448 0.018067599833011625
v -0.688875675201416 0.04727784842252731 0.026025300659239293
v -0.7097848385572433 0.05142840053886175 0.02842144891619682
v -0.688875675201416 0.04727784842252731 0.026025300659239293
v -0.7153174936771393 0.03349594995379448 0.018067599833011625
v -0.6945502907037735 0.03571954946964979 0.01935109971091151
v -0.6945502907037735 0.03571954946964979 0.01935109971091151
v -0.7153174936771393 0.03349594995379448 0.018067599833011625
v -0.7031982213258743 0.028333898447453976 0.015087500493973493
v -0.7463416635990142 0.05663720220327377 0.031702449358999726
v -0.7113208174705505 0.042170200496912 0.023349500074982644
v -0.7158037155866622 0.058729901909828186 0.03291030004620552
v -0.7197281450033187 0.06648189760744572 0.0373863996937871
v -0.7463416635990142 0.05663720220327377 0.031702449358999726
v -0.7158037155866622 0.058729901909828186 0.03291030004620552
v -0.7463416635990142 0.05663720220327377 0.031702449358999726
v -0.7197281450033187 0.06648189760744572 0.0373863996937871
v -0.7243929266929626 0.06998135149478912 0.039406849443912505
v -0.7463416635990142 0.05663720220327377 0.031702449358999726
v -0.7243929266929626 0.06998135149478912 0.039406849443912505
v -0.7383839279413223 0.07684169970452785 0.043367000110447404
v -0.7383839279413223 0.07684169970452785 0.043367000110447404
v -0.7594792306423187 0.08532554879784583 0.048265548422932625
v -0.7463416635990142 0.05663720220327377 0.031702449358999726
v -0.7113208174705505 0.042170200496912 0.023349500074982644
v -0.7463416635990142 0.05663720220327377 0.031702449358999726
v -0.7352601915597915 0.032093451544642444 0.017532099317759276
v -0.7113208174705505 0.042170200496912 0.023349500074982644
v -0.7352601915597915 0.032093451544642444 0.017532099317759276
v -0.7147862315177917 0.029830748960375787 0.016225650254637004
v -0.8142405241727829 0.09261854812502861 0.04806749988347292
v -0.7876669287681579 0.06737270280718803 0.033491700515151025
v -0.8142405241727829 0.09057684801518917 0.051604350097477436
v -0.8142405241727829 0.09057684801518917 0.051604350097477436
v -0.7876669287681579 0.06737270280718803 0.033491700515151025
v -0.7876669287681579 0.0653310026973486 0.03702855072915554
v -0.7876669287681579 0.06737270280718803 0.033491700515151025
v -0.7521573275327682 0.03635024912655353 0.015580500289797782
v -0.7876669287681579 0.0653310026973486 0.03702855072915554
v -0.7521573275327682 0.034308549016714096 0.0191173505038023
v -0.7876669287681579 0.0653310026973486 0.03702855072915554
v -0.7521573275327682 0.03635024912655353 0.015580500289797782
v -0.7594409793615341 0.07251604981720447 0.041176550649106504
v -0.7876669287681579 0.0653310026973486 0.03702855072915554
v -0.7470701098442077 0.057417502999305724 0.03245979938656091
v -0.7669796735048294 0.07927439883351325 0.0450789000838995
v -0.7876669287681579 0.0653310026973486 0.03702855072915554
v -0.7594409793615341 0.07251604981720447 0.041176550649106504
v -0.7876669287681579 0.0653310026973486 0.03702855072915554
v -0.7669796735048294 0.07927439883351325 0.0450789000838995
v -0.7731531769037246 0.08183460012078285 0.046557049266994
v -0.7876669287681579 0.0653310026973486 0.03702855072915554
v -0.7731531769037246 0.08183460012078285 0.046557049266994
v -0.789899030327797 0.08603105060756207 0.04897954910993576
v -0.7876669287681579 0.0653310026973486 0.03702855072915554
v -0.789899030327797 0.08603105060756207 0.04897954910993576
v -0.8142405241727829 0.09057684801518917 0.051604350097477436
v -0.7470701098442077 0.057417502999305724 0.03245979938656091
v -0.7876669287681579 0.0653310026973486 0.03702855072915554
v -0.7521573275327682 0.034308549016714096 0.0191173505038023
v -0.7470701098442077 0.057417502999305724 0.03245979938656091
v -0.7521573275327682 0.034308549016714096 0.0191173505038023
v -0.7355466455221176 0.03442584872245789 0.01918534943833947
v -0.7785430610179901 0.05513440184295177 0.031702449358999726
v -0.7864811897277831 0.033175500482320784 0.01902470039203763
v -0.7513388007879257 0.0340076494961977 0.019504950288683175
v -0.7513388007879257 0.0340076494961977 0.019504950288683175
v -0.7864811897277831 0.033175500482320784 0.01902470039203763
v -0.7674454271793365 0.029333501309156417 0.01680620051920414
v -0.7864811897277831 0.033175500482320784 0.01902470039203763
v -0.7785430610179901 0.05513440184295177 0.031702449358999726
v -0.8339528530836106 0.05804139785468578 0.03338119927793741
v -0.7956654489040375 0.06647255010902882 0.03824830111116171
v -0.8339528530836106 0.05804139785468578 0.03338119927793741
v -0.7785430610179901 0.05513440184295177 0.031702449358999726
v -0.8339528530836106 0.05804139785468578 0.03338119927793741
v -0.7956654489040375 0.06647255010902882 0.03824830111116171
v -0.8205424100160599 0.07529299780726433 0.04334064852446318
v -0.8205424100160599 0.07529299780726433 0.04334064852446318
v -0.8602322936058044 0.07025249861180782 0.04043110031634569
v -0.8339528530836106 0.05804139785468578 0.03338119927793741
v -0.8602322936058044 0.07025249861180782 0.04043110031634569
v -0.8205424100160599 0.07529299780726433 0.04334064852446318
v -0.8341687321662903 0.07752680294215679 0.044630099833011624
v -0.8602322936058044 0.07025249861180782 0.04043110031634569
v -0.8341687321662903 0.07752680294215679 0.044630099833011624
v -0.8568093359470367 0.07950645238161087 0.04577335081994533
v -0.8568093359470367 0.07950645238161087 0.04577335081994533
v -0.8830241799354553 0.07986004874110221 0.045977349206805226
v -0.8602322936058044 0.07025249861180782 0.04043110031634569
v -0.7097848385572433 0.04902289845049381 -0.03194639943540096
v -0.6886172890663147 0.05347180105745792 -0.03506164960563183
v -0.6874034821987152 0.05052739921957254 -0.0329995509237051
v -0.6886172890663147 0.05347180105745792 -0.03506164960563183
v -0.7097848385572433 0.04902289845049381 -0.03194639943540096
v -0.6941440165042877 0.060071198269724846 -0.039682249166071416
v -0.6941440165042877 0.060071198269724846 -0.039682249166071416
v -0.7097848385572433 0.04902289845049381 -0.03194639943540096
v -0.7034395843744278 0.06888060122728347 -0.045850698836147785
v -0.688875675201416 0.045097601413726804 -0.02919750027358532
v -0.7097848385572433 0.04902289845049381 -0.03194639943540096
v -0.6874034821987152 0.05052739921957254 -0.0329995509237051
v -0.7097848385572433 0.04902289845049381 -0.03194639943540096
v -0.688875675201416 0.045097601413726804 -0.02919750027358532
v -0.7153174936771393 0.03206115011125803 -0.020069349836558104
v -0.7153174936771393 0.03206115011125803 -0.020069349836558104
v -0.688875675201416 0.045097601413726804 -0.02919750027358532
v -0.6945502907037735 0.034164049103856085 -0.021542399376630782
v -0.6945502907037735 0.034164049103856085 -0.021542399376630782
v -0.7031982213258743 0.0271778991445899 -0.016650649532675744
v -0.7153174936771393 0.03206115011125803 -0.020069349836558104
v -0.7113199561834335 0.04024239927530288 -0.026087349746376276
v -0.7352601915597915 0.03071049991995096 -0.019414000585675238
v -0.7463416635990142 0.05392654798924923 -0.03566939849406481
v -0.7352601915597915 0.03071049991995096 -0.019414000585675238
v -0.7113199561834335 0.04024239927530288 -0.026087349746376276
v -0.7147854208946228 0.02857020143419504 -0.01791459945961833
v -0.7463416635990142 0.05392654798924923 -0.03566939849406481
v -0.7158037155866622 0.055905348807573314 -0.03705489914864302
v -0.7113199561834335 0.04024239927530288 -0.026087349746376276
v -0.7463416635990142 0.05392654798924923 -0.03566939849406481
v -0.7197281450033187 0.06323744803667068 -0.04218889866024256
v -0.7158037155866622 0.055905348807573314 -0.03705489914864302
v -0.7197281450033187 0.06323744803667068 -0.04218889866024256
v -0.7463416635990142 0.05392654798924923 -0.03566939849406481
v -0.7243921160697937 0.06654819771647454 -0.04450685027986765
v -0.7243921160697937 0.06654819771647454 -0.04450685027986765
v -0.7463416635990142 0.05392654798924923 -0.03566939849406481
v -0.7383839279413223 0.07303709685802459 -0.049050950445234776
v -0.7383839279413223 0.07303709685802459 -0.049050950445234776
v -0.7463416635990142 0.05392654798924923 -0.03566939849406481
v -0.7594792306423187 0.08106110095977782 -0.05466945245862007
v -0.7876669287681579 0.062123100832104684 -0.04173245131969452
v -0.7669796735048294 0.07531169913709164 -0.0509677005931735
v -0.7594409793615341 0.06891885250806808 -0.046491600945591925
v -0.7669796735048294 0.07531169913709164 -0.0509677005931735
v -0.7876669287681579 0.062123100832104684 -0.04173245131969452
v -0.7731523662805557 0.07773334719240665 -0.05266345143318176
v -0.7731523662805557 0.07773334719240665 -0.05266345143318176
v -0.7876669287681579 0.062123100832104684 -0.04173245131969452
v -0.789899030327797 0.08170199990272521 -0.05544295161962509
v -0.789899030327797 0.08170199990272521 -0.05544295161962509
v -0.7876669287681579 0.062123100832104684 -0.04173245131969452
v -0.8142405241727829 0.08600215315818786 -0.05845365040004253
v -0.7876669287681579 0.062123100832104684 -0.04173245131969452
v -0.7594409793615341 0.06891885250806808 -0.046491600945591925
v -0.7470701098442077 0.054637147858738896 -0.03649135138839483
v -0.7470701098442077 0.054637147858738896 -0.03649135138839483
v -0.7521573275327682 0.03277940023690462 -0.02118624923750758
v -0.7876669287681579 0.062123100832104684 -0.04173245131969452
v -0.7521573275327682 0.03277940023690462 -0.02118624923750758
v -0.7470701098442077 0.054637147858738896 -0.03649135138839483
v -0.7355466455221176 0.03288990147411823 -0.021263600420206783
v -0.7097848385572433 -0.049023750238120556 0.03194639943540096
v -0.6886172890663147 -0.05347180105745792 0.03506164960563183
v -0.6874034821987152 -0.05052739921957254 0.0329995509237051
v -0.6886172890663147 -0.05347180105745792 0.03506164960563183
v -0.7097848385572433 -0.049023750238120556 0.03194639943540096
v -0.6941440165042877 -0.06007204689085483 0.039683100953698154
v -0.6941440165042877 -0.06007204689085483 0.039683100953698154
v -0.7097848385572433 -0.049023750238120556 0.03194639943540096
v -0.7034395843744278 -0.06888060122728347 0.045850698836147785
v -0.688875675201416 -0.045097601413726804 0.02919750027358532
v -0.7097848385572433 -0.049023750238120556 0.03194639943540096
v -0.6874034821987152 -0.05052739921957254 0.0329995509237051
v -0.7097848385572433 -0.049023750238120556 0.03194639943540096
v -0.688875675201416 -0.045097601413726804 0.02919750027358532
v -0.7153174936771393 -0.03206115011125803 0.020069349836558104
v -0.7153174936771393 -0.03206115011125803 0.020069349836558104
v -0.688875675201416 -0.045097601413726804 0.02919750027358532
v -0.6945502907037735 -0.03416490089148283 0.021542399376630782
v -0.6945502907037735 -0.03416490089148283 0.021542399376630782
v -0.7031982213258743 -0.027178750932216642 0.016650649532675744
v -0.7153174936771393 -0.03206115011125803 0.020069349836558104
v -0.7113208174705505 -0.04024239927530288 0.026087349746376276
v -0.7352601915597915 -0.03071134854108095 0.019414000585675238
v -0.7463416635990142 -0.05392654798924923 0.03566939849406481
v -0.7352601915597915 -0.03071134854108095 0.019414000585675238
v -0.7113208174705505 -0.04024239927530288 0.026087349746376276
v -0.7147862315177917 -0.02857105005532503 0.017915449663996694
v -0.7463416635990142 -0.05392654798924923 0.03566939849406481
v -0.7158037155866622 -0.055905348807573314 0.03705489914864302
v -0.7113208174705505 -0.04024239927530288 0.026087349746376276
v -0.7463416635990142 -0.05392654798924923 0.03566939849406481
v -0.7197281450033187 -0.06323830299079418 0.0421897504478693
v -0.7158037155866622 -0.055905348807573314 0.03705489914864302
v -0.7197281450033187 -0.06323830299079418 0.0421897504478693
v -0.7463416635990142 -0.05392654798924923 0.03566939849406481
v -0.7243929266929626 -0.06654819771647454 0.04450685027986765
v -0.7243929266929626 -0.06654819771647454 0.04450685027986765
v -0.7463416635990142 -0.05392654798924923 0.03566939849406481
v -0.7383839279413223 -0.07303709685802459 0.049050950445234776
v -0.7383839279413223 -0.07303709685802459 0.049050950445234776
v -0.7463416635990142 -0.05392654798924923 0.03566939849406481
v -0.7594792306423187 -0.08106194958090782 0.05466945245862007
v -0.8339528530836106 0.0580788005143404 -0.03332254942506552
v -0.8602322936058044 0.06672925166785716 -0.04555149972438812
v -0.8339528530836106 0.055178599804639815 -0.0374637508764863
v -0.8602322936058044 0.06672925166785716 -0.04555149972438812
v -0.8339528530836106 0.0580788005143404 -0.03332254942506552
v -0.8602322936058044 0.06962859742343426 -0.041410301439464094
v -0.8602322936058044 0.06962859742343426 -0.041410301439464094
v -0.8830241799354553 0.07581659704446793 -0.05191460028290749
v -0.8602322936058044 0.06672925166785716 -0.04555149972438812
v -0.8830241799354553 0.07581659704446793 -0.05191460028290749
v -0.8602322936058044 0.06962859742343426 -0.041410301439464094
v -0.8830241799354553 0.07871594913303852 -0.0477733988314867
v -0.7864811897277831 0.03455844894051552 -0.016853799298405647
v -0.8339528530836106 0.0580788005143404 -0.03332254942506552
v -0.8339528530836106 0.055178599804639815 -0.0374637508764863
v -0.8339528530836106 0.055178599804639815 -0.0374637508764863
v -0.7864811897277831 0.03165825139731169 -0.020994150545448065
v -0.7864811897277831 0.03455844894051552 -0.016853799298405647
v -0.7864811897277831 0.03165825139731169 -0.020994150545448065
v -0.7674454271793365 0.03092470075935125 -0.014308900106698275
v -0.7864811897277831 0.03455844894051552 -0.016853799298405647
v -0.7674454271793365 0.03092470075935125 -0.014308900106698275
v -0.7864811897277831 0.03165825139731169 -0.020994150545448065
v -0.7674454271793365 0.02802450004965067 -0.018450099974870682
v -0.688875675201416 -0.04686305001378059 0.026676398888230323
v -0.6945502907037735 -0.035929500870406625 0.019020449370145798
v -0.688875675201416 -0.045097601413726804 0.02919750027358532
v -0.6945502907037735 -0.03416490089148283 0.021542399376630782
v -0.688875675201416 -0.045097601413726804 0.02919750027358532
v -0.6945502907037735 -0.035929500870406625 0.019020449370145798
v -0.6945502907037735 -0.035929500870406625 0.019020449370145798
v -0.7031982213258743 -0.02894419953227043 0.014128699526190757
v -0.6945502907037735 -0.03416490089148283 0.021542399376630782
v -0.7031982213258743 -0.027178750932216642 0.016650649532675744
v -0.6945502907037735 -0.03416490089148283 0.021542399376630782
v -0.7031982213258743 -0.02894419953227043 0.014128699526190757
v -0.8602322936058044 -0.06672925166785716 0.04555149972438812
v -0.8339528530836106 -0.0580788005143404 0.03332254942506552
v -0.8602322936058044 -0.06962859742343426 0.041410301439464094
v -0.8602322936058044 -0.06962859742343426 0.041410301439464094
v -0.8830241799354553 -0.07581745199859143 0.05191460028290749
v -0.8602322936058044 -0.06672925166785716 0.04555149972438812
v -0.8830241799354553 -0.07581745199859143 0.05191460028290749
v -0.8602322936058044 -0.06962859742343426 0.041410301439464094
v -0.8830241799354553 -0.07871679775416851 0.0477733988314867
v -0.8339528530836106 -0.0580788005143404 0.03332254942506552
v -0.8602322936058044 -0.06672925166785716 0.04555149972438812
v -0.8339528530836106 -0.05517944842576981 0.0374637508764863
v -0.7864811897277831 -0.03455844894051552 0.016853799298405647
v -0.8339528530836106 -0.0580788005143404 0.03332254942506552
v -0.8339528530836106 -0.05517944842576981 0.0374637508764863
v -0.8339528530836106 -0.05517944842576981 0.0374637508764863
v -0.7864811897277831 -0.031659100018441674 0.02099500074982643
v -0.7864811897277831 -0.03455844894051552 0.016853799298405647
v -0.7864811897277831 -0.031659100018441674 0.02099500074982643
v -0.7674454271793365 -0.03092470075935125 0.014308900106698275
v -0.7864811897277831 -0.03455844894051552 0.016853799298405647
v -0.7674454271793365 -0.03092470075935125 0.014308900106698275
v -0.7864811897277831 -0.031659100018441674 0.02099500074982643
v -0.7674454271793365 -0.02802534867078066 0.018450099974870682
v -0.8339528530836106 -0.05804139785468578 -0.033380350656807424
v -0.8602322936058044 -0.07025249861180782 -0.04043110031634569
v -0.8339528530836106 -0.06056930087506771 -0.029002849385142325
v -0.8602322936058044 -0.07278040163218975 -0.036052750423550606
v -0.8339528530836106 -0.06056930087506771 -0.029002849385142325
v -0.8602322936058044 -0.07025249861180782 -0.04043110031634569
v -0.8602322936058044 -0.07025249861180782 -0.04043110031634569
v -0.8830241799354553 -0.07986004874110221 -0.045977349206805226
v -0.8602322936058044 -0.07278040163218975 -0.036052750423550606
v -0.8830241799354553 -0.08238795176148414 -0.04159985110163689
v -0.8602322936058044 -0.07278040163218975 -0.036052750423550606
v -0.8830241799354553 -0.07986004874110221 -0.045977349206805226
v -0.7864811897277831 -0.035703400336205955 -0.014646350499242544
v -0.8339528530836106 -0.05804139785468578 -0.033380350656807424
v -0.8339528530836106 -0.06056930087506771 -0.029002849385142325
v -0.8339528530836106 -0.05804139785468578 -0.033380350656807424
v -0.7864811897277831 -0.035703400336205955 -0.014646350499242544
v -0.7864811897277831 -0.033175500482320784 -0.01902385018765926
v -0.7864811897277831 -0.035703400336205955 -0.014646350499242544
v -0.7674454271793365 -0.03186140116304159 -0.012427849834784866
v -0.7864811897277831 -0.033175500482320784 -0.01902385018765926
v -0.7864811897277831 -0.033175500482320784 -0.01902385018765926
v -0.7674454271793365 -0.03186140116304159 -0.012427849834784866
v -0.7674454271793365 -0.029333501309156417 -0.01680620051920414
v -0.8602322936058044 0.07025249861180782 0.04043110031634569
v -0.8339528530836106 0.06056930087506771 0.029002849385142325
v -0.8339528530836106 0.05804139785468578 0.03338119927793741
v -0.7864811897277831 0.035703400336205955 0.014646350499242544
v -0.8339528530836106 0.05804139785468578 0.03338119927793741
v -0.8339528530836106 0.06056930087506771 0.029002849385142325
v -0.8339528530836106 0.06056930087506771 0.029002849385142325
v -0.8602322936058044 0.07025249861180782 0.04043110031634569
v -0.8602322936058044 0.07278040163218975 0.036052750423550606
v -0.8830241799354553 0.07986004874110221 0.045977349206805226
v -0.8602322936058044 0.07278040163218975 0.036052750423550606
v -0.8602322936058044 0.07025249861180782 0.04043110031634569
v -0.8602322936058044 0.07278040163218975 0.036052750423550606
v -0.8830241799354553 0.07986004874110221 0.045977349206805226
v -0.8830241799354553 0.08238795176148414 0.04159985110163689
v -0.8339528530836106 0.05804139785468578 0.03338119927793741
v -0.7864811897277831 0.035703400336205955 0.014646350499242544
v -0.7864811897277831 0.033175500482320784 0.01902470039203763
v -0.7864811897277831 0.035703400336205955 0.014646350499242544
v -0.7674454271793365 0.03186140116304159 0.012427849834784866
v -0.7864811897277831 0.033175500482320784 0.01902470039203763
v -0.7864811897277831 0.033175500482320784 0.01902470039203763
v -0.7674454271793365 0.03186140116304159 0.012427849834784866
v -0.7674454271793365 0.029333501309156417 0.01680620051920414
v -0.6945502907037735 0.035929500870406625 -0.019020449370145798
v -0.688875675201416 0.045097601413726804 -0.02919750027358532
v -0.688875675201416 0.04686305001378059 -0.026676398888230323
v -0.688875675201416 0.045097601413726804 -0.02919750027358532
v -0.6945502907037735 0.035929500870406625 -0.019020449370145798
v -0.6945502907037735 0.034164049103856085 -0.021542399376630782
v -0.7031982213258743 0.02894335091114044 -0.014128699526190757
v -0.6945502907037735 0.034164049103856085 -0.021542399376630782
v -0.6945502907037735 0.035929500870406625 -0.019020449370145798
v -0.6945502907037735 0.034164049103856085 -0.021542399376630782
v -0.7031982213258743 0.02894335091114044 -0.014128699526190757
v -0.7031982213258743 0.0271778991445899 -0.016650649532675744
v -0.6945502907037735 -0.03725804891437292 -0.016685499995946883
v -0.688875675201416 -0.04727784842252731 -0.026024450454860924
v -0.6945502907037735 -0.03571954946964979 -0.01935109971091151
v -0.688875675201416 -0.04727784842252731 -0.026024450454860924
v -0.6945502907037735 -0.03725804891437292 -0.016685499995946883
v -0.688875675201416 -0.048817199654877186 -0.023358850739896297
v -0.6945502907037735 -0.03571954946964979 -0.01935109971091151
v -0.7031982213258743 -0.029872401058673857 -0.01242104978300631
v -0.6945502907037735 -0.03725804891437292 -0.016685499995946883
v -0.7031982213258743 -0.029872401058673857 -0.01242104978300631
v -0.6945502907037735 -0.03571954946964979 -0.01935109971091151
v -0.7031982213258743 -0.028333898447453976 -0.015086650289595127
v -0.688875675201416 0.04727784842252731 0.026025300659239293
v -0.6945502907037735 0.03725804891437292 0.016685499995946883
v -0.688875675201416 0.048817199654877186 0.023358850739896297
v -0.6945502907037735 0.03725804891437292 0.016685499995946883
v -0.688875675201416 0.04727784842252731 0.026025300659239293
v -0.6945502907037735 0.03571954946964979 0.01935109971091151
v -0.6945502907037735 0.03571954946964979 0.01935109971091151
v -0.7031982213258743 0.029872401058673857 0.012421899987384676
v -0.6945502907037735 0.03725804891437292 0.016685499995946883
v -0.7031982213258743 0.029872401058673857 0.012421899987384676
v -0.6945502907037735 0.03571954946964979 0.01935109971091151
v -0.7031982213258743 0.028333898447453976 0.015087500493973493
v -0.7132256299257278 0.022592150047421454 -0.011560850357636808
v -0.6929191648960114 0.026537000201642513 -0.008084349613636731
v -0.7095791429281234 0.03179424926638603 -0.011328799976035952
v -0.7095791429281234 0.03179424926638603 -0.011328799976035952
v -0.7335159838199615 0.026043150201439855 -0.013976549357175827
v -0.7132256299257278 0.022592150047421454 -0.011560850357636808
v -0.7335159838199615 0.026043150201439855 -0.013976549357175827
v -0.7095791429281234 0.03179424926638603 -0.011328799976035952
v -0.733272898197174 0.034506600722670554 -0.013976549357175827
v -0.6929191648960114 0.026537000201642513 -0.008084349613636731
v -0.7132256299257278 0.022592150047421454 -0.011560850357636808
v -0.6987008333206176 0.018570800498127937 -0.008744800090789795
v -0.6987008333206176 0.018570800498127937 -0.008744800090789795
v -0.6573389887809753 0.015226050559431313 -0.002031500032171607
v -0.6929191648960114 0.026537000201642513 -0.008084349613636731
v -0.6573389887809753 0.015226050559431313 -0.002031500032171607
v -0.6987008333206176 0.018570800498127937 -0.008744800090789795
v -0.662221422791481 0.010930149909108877 -0.004291650024242699
v -0.7577580243349075 0.033446650765836236 -0.013234499841928482
v -0.7335159838199615 0.026043150201439855 -0.013976549357175827
v -0.733272898197174 0.034506600722670554 -0.013976549357175827
v -0.7577580243349075 0.033446650765836236 -0.013234499841928482
v -0.7548178434371948 0.02522289929911494 -0.013402800727635621
v -0.7335159838199615 0.026043150201439855 -0.013976549357175827
v -0.7719971776008606 0.03315679915249348 -0.013031350076198578
v -0.7548178434371948 0.02522289929911494 -0.013402800727635621
v -0.7577580243349075 0.033446650765836236 -0.013234499841928482
v -0.7719971776008606 0.03315679915249348 -0.013031350076198578
v -0.7760040879249572 0.025149800721555947 -0.013350949343293905
v -0.7548178434371948 0.02522289929911494 -0.013402800727635621
v -0.7719971776008606 0.03315679915249348 -0.013031350076198578
v -0.7986319750547409 0.034506600722670554 -0.019902749359607695
v -0.7760040879249572 0.025149800721555947 -0.013350949343293905
v -0.7986319750547409 0.034506600722670554 -0.019902749359607695
v -0.7719971776008606 0.03315679915249348 -0.013031350076198578
v -0.7966693043708801 0.038531351089477535 -0.01975060077384114
v -0.7986319750547409 0.034506600722670554 -0.019902749359607695
v -0.7966693043708801 0.038531351089477535 -0.01975060077384114
v -0.8136165976524353 0.045213200710713865 -0.027399750240147114
v -0.7132256299257278 -0.022592150047421454 0.011560850357636808
v -0.6929191648960114 -0.02653785040602088 0.008084349613636731
v -0.7095791429281234 -0.03179424926638603 0.011329650180414319
v -0.7095791429281234 -0.03179424926638603 0.011329650180414319
v -0.7335159838199615 -0.026043150201439855 0.013976549357175827
v -0.7132256299257278 -0.022592150047421454 0.011560850357636808
v -0.7335159838199615 -0.026043150201439855 0.013976549357175827
v -0.7095791429281234 -0.03179424926638603 0.011329650180414319
v -0.7332737594842911 -0.034506600722670554 0.013976549357175827
v -0.6929191648960114 -0.02653785040602088 0.008084349613636731
v -0.7132256299257278 -0.022592150047421454 0.011560850357636808
v -0.6987008333206176 -0.0185716507025063 0.008744800090789795
v -0.6987008333206176 -0.0185716507025063 0.008744800090789795
v -0.6573389887809753 -0.015226050559431313 0.002031500032171607
v -0.6929191648960114 -0.02653785040602088 0.008084349613636731
v -0.6573389887809753 -0.015226050559431313 0.002031500032171607
v -0.6987008333206176 -0.0185716507025063 0.008744800090789795
v -0.662221422791481 -0.010930149909108877 0.004291650024242699
v -0.7577580243349075 -0.033446650765836236 0.013234499841928482
v -0.7335159838199615 -0.026043150201439855 0.013976549357175827
v -0.7332737594842911 -0.034506600722670554 0.013976549357175827
v -0.7577580243349075 -0.033446650765836236 0.013234499841928482
v -0.7548178434371948 -0.02522374950349331 0.013402800727635621
v -0.7335159838199615 -0.026043150201439855 0.013976549357175827
v -0.7719971776008606 -0.03315765094012022 0.013031350076198578
v -0.7548178434371948 -0.02522374950349331 0.013402800727635621
v -0.7577580243349075 -0.033446650765836236 0.013234499841928482
v -0.7719971776008606 -0.03315765094012022 0.013031350076198578
v -0.7760040879249572 -0.025149800721555947 0.013350949343293905
v -0.7548178434371948 -0.02522374950349331 0.013402800727635621
v -0.7719971776008606 -0.03315765094012022 0.013031350076198578
v -0.7986327856779099 -0.034506600722670554 0.019902749359607695
v -0.7760040879249572 -0.025149800721555947 0.013350949343293905
v -0.7986327856779099 -0.034506600722670554 0.019902749359607695
v -0.7719971776008606 -0.03315765094012022 0.013031350076198578
v -0.7966701656579971 -0.038531351089477535 0.01975060077384114
v -0.7986327856779099 -0.034506600722670554 0.019902749359607695
v -0.7966701656579971 -0.038531351089477535 0.01975060077384114
v -0.8136165976524353 -0.045213200710713865 0.027399750240147114
v -0.7132256299257278 -0.023321449663490056 -0.010415899753570556
v -0.7095791429281234 -0.03246744964271784 -0.009384000208228827
v -0.6929191648960114 -0.02694840095937252 -0.006609600060619413
v -0.7095791429281234 -0.03246744964271784 -0.009384000208228827
v -0.7132256299257278 -0.023321449663490056 -0.010415899753570556
v -0.7335159838199615 -0.02696965131908655 -0.012522200355306268
v -0.7335159838199615 -0.02696965131908655 -0.012522200355306268
v -0.733272898197174 -0.03540080040693283 -0.011784400278702378
v -0.7095791429281234 -0.03246744964271784 -0.009384000208228827
v -0.6929191648960114 -0.02694840095937252 -0.006609600060619413
v -0.6987008333206176 -0.019069750141352416 -0.00796195026487112
v -0.7132256299257278 -0.023321449663490056 -0.010415899753570556
v -0.6573389887809753 -0.015192900504916906 -0.0013821000349707902
v -0.6987008333206176 -0.019069750141352416 -0.00796195026487112
v -0.6929191648960114 -0.02694840095937252 -0.006609600060619413
v -0.6987008333206176 -0.019069750141352416 -0.00796195026487112
v -0.6573389887809753 -0.015192900504916906 -0.0013821000349707902
v -0.662221422791481 -0.011110349697992206 -0.004008600045926868
v -0.7335159838199615 -0.02696965131908655 -0.012522200355306268
v -0.7577580243349075 -0.034280500188469884 -0.011137549905106426
v -0.733272898197174 -0.03540080040693283 -0.011784400278702378
v -0.7577580243349075 -0.034280500188469884 -0.011137549905106426
v -0.7335159838199615 -0.02696965131908655 -0.012522200355306268
v -0.7548178434371948 -0.02610265025869012 -0.012022399716079235
v -0.7548178434371948 -0.02610265025869012 -0.012022399716079235
v -0.7719971776008606 -0.0339736508205533 -0.010960750142112374
v -0.7577580243349075 -0.034280500188469884 -0.011137549905106426
v -0.7719971776008606 -0.0339736508205533 -0.010960750142112374
v -0.7548178434371948 -0.02610265025869012 -0.012022399716079235
v -0.7760040879249572 -0.026025300659239293 -0.01197734996676445
v -0.7760040879249572 -0.026025300659239293 -0.01197734996676445
v -0.7986319750547409 -0.03591674938797951 -0.01768850050866604
v -0.7719971776008606 -0.0339736508205533 -0.010960750142112374
v -0.7966693043708801 -0.039913450926542283 -0.017185299843549728
v -0.7719971776008606 -0.0339736508205533 -0.010960750142112374
v -0.7986319750547409 -0.03591674938797951 -0.01768850050866604
v -0.7966693043708801 -0.039913450926542283 -0.017185299843549728
v -0.7986319750547409 -0.03591674938797951 -0.01768850050866604
v -0.8136165976524353 -0.047236199490725994 -0.024223299603909253
v -0.7132256299257278 0.023321449663490056 0.010415899753570556
v -0.7095791429281234 0.03246744964271784 0.009384000208228827
v -0.6929191648960114 0.02694840095937252 0.006609600060619413
v -0.7095791429281234 0.03246744964271784 0.009384000208228827
v -0.7132256299257278 0.023321449663490056 0.010415899753570556
v -0.7335159838199615 0.02696965131908655 0.012522200355306268
v -0.7335159838199615 0.02696965131908655 0.012522200355306268
v -0.733272898197174 0.03540080040693283 0.011785249691456556
v -0.7095791429281234 0.03246744964271784 0.009384000208228827
v -0.6929191648960114 0.02694840095937252 0.006609600060619413
v -0.6987008333206176 0.019069750141352416 0.00796195026487112
v -0.7132256299257278 0.023321449663490056 0.010415899753570556
v -0.6573389887809753 0.015192900504916906 0.0013821000349707902
v -0.6987008333206176 0.019069750141352416 0.00796195026487112
v -0.6929191648960114 0.02694840095937252 0.006609600060619413
v -0.6987008333206176 0.019069750141352416 0.00796195026487112
v -0.6573389887809753 0.015192900504916906 0.0013821000349707902
v -0.662221422791481 0.011110349697992206 0.004008600045926868
v -0.7335159838199615 0.02696965131908655 0.012522200355306268
v -0.7577580243349075 0.034280500188469884 0.011137549905106426
v -0.733272898197174 0.03540080040693283 0.011785249691456556
v -0.7577580243349075 0.034280500188469884 0.011137549905106426
v -0.7335159838199615 0.02696965131908655 0.012522200355306268
v -0.7548178434371948 0.02610265025869012 0.012022399716079235
v -0.7548178434371948 0.02610265025869012 0.012022399716079235
v -0.7719971776008606 0.0339736508205533 0.010960750142112374
v -0.7577580243349075 0.034280500188469884 0.011137549905106426
v -0.7719971776008606 0.0339736508205533 0.010960750142112374
v -0.7548178434371948 0.02610265025869012 0.012022399716079235
v -0.7760040879249572 0.026025300659239293 0.01197734996676445
v -0.7760040879249572 0.026025300659239293 0.01197734996676445
v -0.7986327856779099 0.03591674938797951 0.01768850050866604
v -0.7719971776008606 0.0339736508205533 0.010960750142112374
v -0.7966701656579971 0.039913450926542283 0.017186150047928093
v -0.7719971776008606 0.0339736508205533 0.010960750142112374
v -0.7986327856779099 0.03591674938797951 0.01768850050866604
v -0.7966701656579971 0.039913450926542283 0.017186150047928093
v -0.7986327856779099 0.03591674938797951 0.01768850050866604
v -0.8136165976524353 0.047236199490725994 0.024223299603909253
v -0.7095791429281234 0.02552209999412298 -0.020286099705845117
v -0.6929191648960114 0.020675399899482725 -0.016456000227481126
v -0.7132256299257278 0.022592150047421454 -0.011560850357636808
v -0.7095791429281234 0.02552209999412298 -0.020286099705845117
v -0.7132256299257278 0.022592150047421454 -0.011560850357636808
v -0.7335159838199615 0.026043150201439855 -0.013976549357175827
v -0.733272898197174 0.028937401063740254 -0.021930000744760036
v -0.7095791429281234 0.02552209999412298 -0.020286099705845117
v -0.7335159838199615 0.026043150201439855 -0.013976549357175827
v -0.6929191648960114 0.020675399899482725 -0.016456000227481126
v -0.6987008333206176 0.018570800498127937 -0.008744800090789795
v -0.7132256299257278 0.022592150047421454 -0.011560850357636808
v -0.6929191648960114 0.020675399899482725 -0.016456000227481126
v -0.662221422791481 0.010930149909108877 -0.004291650024242699
v -0.6987008333206176 0.018570800498127937 -0.008744800090789795
v -0.662221422791481 0.010930149909108877 -0.004291650024242699
v -0.6929191648960114 0.020675399899482725 -0.016456000227481126
v -0.6573389887809753 0.010275650070980191 -0.009101799642667174
v -0.7548178434371948 0.02522289929911494 -0.013402800727635621
v -0.733272898197174 0.028937401063740254 -0.021930000744760036
v -0.7335159838199615 0.026043150201439855 -0.013976549357175827
v -0.7548178434371948 0.02522289929911494 -0.013402800727635621
v -0.7577580243349075 0.027877451106905937 -0.021187949646264314
v -0.733272898197174 0.028937401063740254 -0.021930000744760036
v -0.7548178434371948 0.02522289929911494 -0.013402800727635621
v -0.7719971776008606 0.027587599493563174 -0.02098479988053441
v -0.7577580243349075 0.027877451106905937 -0.021187949646264314
v -0.7719971776008606 0.027587599493563174 -0.02098479988053441
v -0.7548178434371948 0.02522289929911494 -0.013402800727635621
v -0.7760040879249572 0.025149800721555947 -0.013350949343293905
v -0.7719971776008606 0.027587599493563174 -0.02098479988053441
v -0.7760040879249572 0.025149800721555947 -0.013350949343293905
v -0.7986319750547409 0.034506600722670554 -0.019902749359607695
v -0.7966693043708801 0.03573909942060709 -0.02373709985986352
v -0.7719971776008606 0.027587599493563174 -0.02098479988053441
v -0.7986319750547409 0.034506600722670554 -0.019902749359607695
v -0.7966693043708801 0.03573909942060709 -0.02373709985986352
v -0.7986319750547409 0.034506600722670554 -0.019902749359607695
v -0.8136165976524353 0.045213200710713865 -0.027399750240147114
v -0.7095791429281234 -0.02552209999412298 0.020286099705845117
v -0.6929191648960114 -0.020675399899482725 0.016456000227481126
v -0.7132256299257278 -0.022592150047421454 0.011560850357636808
v -0.7095791429281234 -0.02552209999412298 0.020286099705845117
v -0.7132256299257278 -0.022592150047421454 0.011560850357636808
v -0.7335159838199615 -0.026043150201439855 0.013976549357175827
v -0.733272898197174 -0.028937401063740254 0.021930000744760036
v -0.7095791429281234 -0.02552209999412298 0.020286099705845117
v -0.7335159838199615 -0.026043150201439855 0.013976549357175827
v -0.6929191648960114 -0.020675399899482725 0.016456000227481126
v -0.6987008333206176 -0.0185716507025063 0.008744800090789795
v -0.7132256299257278 -0.022592150047421454 0.011560850357636808
v -0.6929191648960114 -0.020675399899482725 0.016456000227481126
v -0.662221422791481 -0.010930149909108877 0.004291650024242699
v -0.6987008333206176 -0.0185716507025063 0.008744800090789795
v -0.662221422791481 -0.010930149909108877 0.004291650024242699
v -0.6929191648960114 -0.020675399899482725 0.016456000227481126
v -0.6573389887809753 -0.010275650070980191 0.009101799642667174
v -0.7548178434371948 -0.02522374950349331 0.013402800727635621
v -0.733272898197174 -0.028937401063740254 0.021930000744760036
v -0.7335159838199615 -0.026043150201439855 0.013976549357175827
v -0.7548178434371948 -0.02522374950349331 0.013402800727635621
v -0.7577580243349075 -0.027878299728035925 0.021187949646264314
v -0.733272898197174 -0.028937401063740254 0.021930000744760036
v -0.7548178434371948 -0.02522374950349331 0.013402800727635621
v -0.7719971776008606 -0.02758845128118992 0.02098479988053441
v -0.7577580243349075 -0.027878299728035925 0.021187949646264314
v -0.7719971776008606 -0.02758845128118992 0.02098479988053441
v -0.7548178434371948 -0.02522374950349331 0.013402800727635621
v -0.7760040879249572 -0.025149800721555947 0.013350949343293905
v -0.7719971776008606 -0.02758845128118992 0.02098479988053441
v -0.7760040879249572 -0.025149800721555947 0.013350949343293905
v -0.7986327856779099 -0.034506600722670554 0.019902749359607695
v -0.7966701656579971 -0.03573995120823383 0.02373709985986352
v -0.7719971776008606 -0.02758845128118992 0.02098479988053441
v -0.7986327856779099 -0.034506600722670554 0.019902749359607695
v -0.7966701656579971 -0.03573995120823383 0.02373709985986352
v -0.7986327856779099 -0.034506600722670554 0.019902749359607695
v -0.8136165976524353 -0.045213200710713865 0.027399750240147114
v -0.7132256299257278 -0.023321449663490056 -0.010415899753570556
v -0.6929191648960114 -0.021838199254125355 -0.015460649970918894
v -0.7095791429281234 -0.027000249177217484 -0.0188530002720654
v -0.7095791429281234 -0.027000249177217484 -0.0188530002720654
v -0.7335159838199615 -0.02696965131908655 -0.012522200355306268
v -0.7132256299257278 -0.023321449663490056 -0.010415899753570556
v -0.7335159838199615 -0.02696965131908655 -0.012522200355306268
v -0.7095791429281234 -0.027000249177217484 -0.0188530002720654
v -0.733272898197174 -0.030546450056135654 -0.020193449594080447
v -0.6929191648960114 -0.021838199254125355 -0.015460649970918894
v -0.7132256299257278 -0.023321449663490056 -0.010415899753570556
v -0.6987008333206176 -0.019069750141352416 -0.00796195026487112
v -0.6987008333206176 -0.019069750141352416 -0.00796195026487112
v -0.662221422791481 -0.011110349697992206 -0.004008600045926868
v -0.6929191648960114 -0.021838199254125355 -0.015460649970918894
v -0.6573389887809753 -0.010877449903637171 -0.008857000153511763
v -0.6929191648960114 -0.021838199254125355 -0.015460649970918894
v -0.662221422791481 -0.011110349697992206 -0.004008600045926868
v -0.733272898197174 -0.030546450056135654 -0.020193449594080447
v -0.7548178434371948 -0.02610265025869012 -0.012022399716079235
v -0.7335159838199615 -0.02696965131908655 -0.012522200355306268
v -0.7548178434371948 -0.02610265025869012 -0.012022399716079235
v -0.733272898197174 -0.030546450056135654 -0.020193449594080447
v -0.7577580243349075 -0.02942614983767271 -0.019545750599354504
v -0.7719971776008606 -0.029119300469756127 -0.019368949253112076
v -0.7548178434371948 -0.02610265025869012 -0.012022399716079235
v -0.7577580243349075 -0.02942614983767271 -0.019545750599354504
v -0.7719971776008606 -0.029119300469756127 -0.019368949253112076
v -0.7760040879249572 -0.026025300659239293 -0.01197734996676445
v -0.7548178434371948 -0.02610265025869012 -0.012022399716079235
v -0.7719971776008606 -0.029119300469756127 -0.019368949253112076
v -0.7986319750547409 -0.03591674938797951 -0.01768850050866604
v -0.7760040879249572 -0.026025300659239293 -0.01197734996676445
v -0.7986319750547409 -0.03591674938797951 -0.01768850050866604
v -0.7719971776008606 -0.029119300469756127 -0.019368949253112076
v -0.7966693043708801 -0.03747990000993013 -0.021400450076907874
v -0.7986319750547409 -0.03591674938797951 -0.01768850050866604
v -0.7966693043708801 -0.03747990000993013 -0.021400450076907874
v -0.8136165976524353 -0.047236199490725994 -0.024223299603909253
v -0.7132256299257278 0.023321449663490056 0.010415899753570556
v -0.6929191648960114 0.021838199254125355 0.015460649970918894
v -0.7095791429281234 0.027000249177217484 0.018853850476443768
v -0.7095791429281234 0.027000249177217484 0.018853850476443768
v -0.7335159838199615 0.02696965131908655 0.012522200355306268
v -0.7132256299257278 0.023321449663490056 0.010415899753570556
v -0.7335159838199615 0.02696965131908655 0.012522200355306268
v -0.7095791429281234 0.027000249177217484 0.018853850476443768
v -0.7332737594842911 0.030546450056135654 0.020193449594080447
v -0.6929191648960114 0.021838199254125355 0.015460649970918894
v -0.7132256299257278 0.023321449663490056 0.010415899753570556
v -0.6987008333206176 0.019069750141352416 0.00796195026487112
v -0.6987008333206176 0.019069750141352416 0.00796195026487112
v -0.662221422791481 0.011110349697992206 0.004008600045926868
v -0.6929191648960114 0.021838199254125355 0.015460649970918894
v -0.6573389887809753 0.010877449903637171 0.008857000153511763
v -0.6929191648960114 0.021838199254125355 0.015460649970918894
v -0.662221422791481 0.011110349697992206 0.004008600045926868
v -0.7332737594842911 0.030546450056135654 0.020193449594080447
v -0.7548178434371948 0.02610265025869012 0.012022399716079235
v -0.7335159838199615 0.02696965131908655 0.012522200355306268
v -0.7548178434371948 0.02610265025869012 0.012022399716079235
v -0.7332737594842911 0.030546450056135654 0.020193449594080447
v -0.7577580243349075 0.02942614983767271 0.019546599220484493
v -0.7719971776008606 0.029119300469756127 0.019369799457490445
v -0.7548178434371948 0.02610265025869012 0.012022399716079235
v -0.7577580243349075 0.02942614983767271 0.019546599220484493
v -0.7719971776008606 0.029119300469756127 0.019369799457490445
v -0.7760040879249572 0.026025300659239293 0.01197734996676445
v -0.7548178434371948 0.02610265025869012 0.012022399716079235
v -0.7719971776008606 0.029119300469756127 0.019369799457490445
v -0.7986327856779099 0.03591674938797951 0.01768850050866604
v -0.7760040879249572 0.026025300659239293 0.01197734996676445
v -0.7986327856779099 0.03591674938797951 0.01768850050866604
v -0.7719971776008606 0.029119300469756127 0.019369799457490445
v -0.7966701656579971 0.03747990000993013 0.021400450076907874
v -0.7986327856779099 0.03591674938797951 0.01768850050866604
v -0.7966701656579971 0.03747990000993013 0.021400450076907874
v -0.8136165976524353 0.047236199490725994 0.024223299603909253
v -0.7153174936771393 0.03206115011125803 -0.020069349836558104
v -0.7031982213258743 0.0271778991445899 -0.016650649532675744
v -0.7031982213258743 0.02894335091114044 -0.014128699526190757
v -0.7153174936771393 0.03206115011125803 -0.020069349836558104
v -0.7031982213258743 0.02894335091114044 -0.014128699526190757
v -0.7153174936771393 0.033826598711311814 -0.017548250034451485
v -0.7147854208946228 0.030608500726521014 -0.015005049668252468
v -0.7352601915597915 0.032748799212276934 -0.01650360058993101
v -0.7352601915597915 0.03071049991995096 -0.019414000585675238
v -0.7352601915597915 0.03071049991995096 -0.019414000585675238
v -0.7147854208946228 0.02857020143419504 -0.01791459945961833
v -0.7147854208946228 0.030608500726521014 -0.015005049668252468
v -0.7031982213258743 -0.02894419953227043 0.014128699526190757
v -0.7153174936771393 -0.033826598711311814 0.017548250034451485
v -0.7153174936771393 -0.03206115011125803 0.020069349836558104
v -0.7153174936771393 -0.03206115011125803 0.020069349836558104
v -0.7031982213258743 -0.027178750932216642 0.016650649532675744
v -0.7031982213258743 -0.02894419953227043 0.014128699526190757
v -0.7147862315177917 -0.030608500726521014 0.015005049668252468
v -0.7352601915597915 -0.032748799212276934 0.01650360058993101
v -0.7352601915597915 -0.03071134854108095 0.019414000585675238
v -0.7352601915597915 -0.03071134854108095 0.019414000585675238
v -0.7147862315177917 -0.02857105005532503 0.017915449663996694
v -0.7147862315177917 -0.030608500726521014 0.015005049668252468
v -0.7031982213258743 -0.029872401058673857 -0.01242104978300631
v -0.7153174936771393 -0.03349594995379448 -0.018067599833011625
v -0.7153174936771393 -0.03503444939851761 -0.015402000118046998
v -0.7153174936771393 -0.03349594995379448 -0.018067599833011625
v -0.7031982213258743 -0.029872401058673857 -0.01242104978300631
v -0.7031982213258743 -0.028333898447453976 -0.015086650289595127
v -0.7147854208946228 -0.03160724863409996 -0.013148649781942367
v -0.7352601915597915 -0.032093451544642444 -0.017532099317759276
v -0.7352601915597915 -0.03386995121836662 -0.014455100428313017
v -0.7352601915597915 -0.032093451544642444 -0.017532099317759276
v -0.7147854208946228 -0.03160724863409996 -0.013148649781942367
v -0.7147854208946228 -0.029830748960375787 -0.016225650254637004
v -0.7153174936771393 0.03349594995379448 0.018067599833011625
v -0.7031982213258743 0.029872401058673857 0.012421899987384676
v -0.7031982213258743 0.028333898447453976 0.015087500493973493
v -0.7031982213258743 0.029872401058673857 0.012421899987384676
v -0.7153174936771393 0.03349594995379448 0.018067599833011625
v -0.7153174936771393 0.03503444939851761 0.015402000118046998
v -0.7147862315177917 0.03160724863409996 0.013148649781942367
v -0.7352601915597915 0.032093451544642444 0.017532099317759276
v -0.7352601915597915 0.03386995121836662 0.014455100428313017
v -0.7352601915597915 0.032093451544642444 0.017532099317759276
v -0.7147862315177917 0.03160724863409996 0.013148649781942367
v -0.7147862315177917 0.029830748960375787 0.016225650254637004
v -0.7521573275327682 0.03512199986726045 -0.01784065067768097
v -0.7355466455221176 0.03288990147411823 -0.021263600420206783
v -0.7355466455221176 0.03523250110447407 -0.017918000277131797
v -0.7355466455221176 0.03288990147411823 -0.021263600420206783
v -0.7521573275327682 0.03512199986726045 -0.01784065067768097
v -0.7521573275327682 0.03277940023690462 -0.02118624923750758
v -0.7521573275327682 -0.03512199986726045 0.01784065067768097
v -0.7355466455221176 -0.03288990147411823 0.021263600420206783
v -0.7355466455221176 -0.03523250110447407 0.017918000277131797
v -0.7355466455221176 -0.03288990147411823 0.021263600420206783
v -0.7521573275327682 -0.03512199986726045 0.01784065067768097
v -0.7521573275327682 -0.03277940023690462 0.02118624923750758
v -0.7355466455221176 -0.03442584872245789 -0.01918534943833947
v -0.7521573275327682 -0.034308549016714096 -0.0191173505038023
v -0.7521573275327682 -0.03635024912655353 -0.015580500289797782
v -0.7521573275327682 -0.03635024912655353 -0.015580500289797782
v -0.7355466455221176 -0.036467548832297324 -0.015648499224334953
v -0.7355466455221176 -0.03442584872245789 -0.01918534943833947
v -0.7355466455221176 0.03442584872245789 0.01918534943833947
v -0.7521573275327682 0.034308549016714096 0.0191173505038023
v -0.7521573275327682 0.03635024912655353 0.015580500289797782
v -0.7521573275327682 0.03635024912655353 0.015580500289797782
v -0.7355466455221176 0.036467548832297324 0.015648499224334953
v -0.7355466455221176 0.03442584872245789 0.01918534943833947
v -0.7674454271793365 0.03092470075935125 -0.014308900106698275
v -0.7513388007879257 0.0324461992830038 -0.02154580019414425
v -0.7513388007879257 0.0353455513715744 -0.017404600325971843
v -0.7513388007879257 0.0324461992830038 -0.02154580019414425
v -0.7674454271793365 0.03092470075935125 -0.014308900106698275
v -0.7674454271793365 0.02802450004965067 -0.018450099974870682
v -0.7674454271793365 -0.02802534867078066 0.018450099974870682
v -0.7513388007879257 -0.0324461992830038 0.02154580019414425
v -0.7674454271793365 -0.03092470075935125 0.014308900106698275
v -0.7513388007879257 -0.0324461992830038 0.02154580019414425
v -0.7513388007879257 -0.0353455513715744 0.017404600325971843
v -0.7674454271793365 -0.03092470075935125 0.014308900106698275
v -0.7674454271793365 -0.03186140116304159 -0.012427849834784866
v -0.7513388007879257 -0.0340076494961977 -0.019504950288683175
v -0.7674454271793365 -0.029333501309156417 -0.01680620051920414
v -0.7513388007879257 -0.0340076494961977 -0.019504950288683175
v -0.7674454271793365 -0.03186140116304159 -0.012427849834784866
v -0.7513388007879257 -0.03653554935008287 -0.01512660039588809
v -0.7513388007879257 0.0340076494961977 0.019504950288683175
v -0.7674454271793365 0.03186140116304159 0.012427849834784866
v -0.7513388007879257 0.03653554935008287 0.01512660039588809
v -0.7674454271793365 0.03186140116304159 0.012427849834784866
v -0.7513388007879257 0.0340076494961977 0.019504950288683175
v -0.7674454271793365 0.029333501309156417 0.01680620051920414
v -0.7644925296306609 -0.019759099651128053 -0.017929049767553804
v -0.7644925296306609 -0.0018309000879526138 0.025355499517172576
v -0.7644925296306609 -0.019759099651128053 0.017929049767553804
v -0.7644925296306609 -0.019759099651128053 -0.017929049767553804
v -0.7644925296306609 -0.019759099651128053 0.017929049767553804
v -0.7644925296306609 -0.02718554940074682 0
v -0.7644925296306609 -0.0018309000879526138 0.025355499517172576
v -0.7644925296306609 -0.019759099651128053 -0.017929049767553804
v -0.7644925296306609 -0.0018309000879526138 -0.025355499517172576
v -0.7644925296306609 -0.0018309000879526138 0.025355499517172576
v -0.7644925296306609 -0.0018309000879526138 -0.025355499517172576
v -0.7644925296306609 0.01609814967960119 0.017929049767553804
v -0.7644925296306609 0.01609814967960119 -0.017929049767553804
v -0.7644925296306609 0.01609814967960119 0.017929049767553804
v -0.7644925296306609 -0.0018309000879526138 -0.025355499517172576
v -0.7644925296306609 0.01609814967960119 0.017929049767553804
v -0.7644925296306609 0.01609814967960119 -0.017929049767553804
v -0.7644925296306609 0.023524599429219962 0
v -0.7679673671722412 -0.001834299915935844 0.020469699520617723
v 0.7635414153337479 -0.01630809949710965 0.014474650379270315
v 0.7635414153337479 -0.0018334499094635247 0.02047054972499609
v 0.7635414153337479 -0.01630809949710965 0.014474650379270315
v -0.7679673671722412 -0.001834299915935844 0.020469699520617723
v -0.7679673671722412 -0.01630809949710965 0.014474650379270315
v -0.7679673671722412 -0.0223040004260838 0
v 0.7635414153337479 -0.01630809949710965 0.014474650379270315
v -0.7679673671722412 -0.01630809949710965 0.014474650379270315
v 0.7635414153337479 -0.01630809949710965 0.014474650379270315
v -0.7679673671722412 -0.0223040004260838 0
v 0.7635414153337479 -0.0223040004260838 0
v -0.7679673671722412 -0.01630809949710965 -0.014474650379270315
v 0.7635414153337479 -0.0223040004260838 0
v -0.7679673671722412 -0.0223040004260838 0
v 0.7635414153337479 -0.0223040004260838 0
v -0.7679673671722412 -0.01630809949710965 -0.014474650379270315
v 0.7635414153337479 -0.01630809949710965 -0.014473800174891948
v -0.7679673671722412 -0.001834299915935844 -0.020469699520617723
v 0.7635414153337479 -0.01630809949710965 -0.014473800174891948
v -0.7679673671722412 -0.01630809949710965 -0.014474650379270315
v 0.7635414153337479 -0.01630809949710965 -0.014473800174891948
v -0.7679673671722412 -0.001834299915935844 -0.020469699520617723
v 0.7635414153337479 -0.0018334499094635247 -0.020469699520617723
v -0.7679673671722412 0.012640350265428424 -0.014474650379270315
v 0.7635414153337479 -0.0018334499094635247 -0.020469699520617723
v -0.7679673671722412 -0.001834299915935844 -0.020469699520617723
v 0.7635414153337479 -0.0018334499094635247 -0.020469699520617723
v -0.7679673671722412 0.012640350265428424 -0.014474650379270315
v 0.7635414153337479 0.012640350265428424 -0.014473800174891948
v -0.7679673671722412 0.012640350265428424 -0.014474650379270315
v 0.7635414153337479 0.018636250402778387 0
v 0.7635414153337479 0.012640350265428424 -0.014473800174891948
v 0.7635414153337479 0.018636250402778387 0
v -0.7679673671722412 0.012640350265428424 -0.014474650379270315
v -0.7679673671722412 0.018636250402778387 0
v -0.7679673671722412 0.018636250402778387 0
v 0.7635414153337479 0.012640350265428424 0.014474650379270315
v 0.7635414153337479 0.018636250402778387 0
v 0.7635414153337479 0.012640350265428424 0.014474650379270315
v -0.7679673671722412 0.018636250402778387 0
v -0.7679673671722412 0.012640350265428424 0.014474650379270315
v -0.7679673671722412 0.012640350265428424 0.014474650379270315
v 0.7635414153337479 -0.0018334499094635247 0.02047054972499609
v 0.7635414153337479 0.012640350265428424 0.014474650379270315
v 0.7635414153337479 -0.0018334499094635247 0.02047054972499609
v -0.7679673671722412 0.012640350265428424 0.014474650379270315
v -0.7679673671722412 -0.001834299915935844 0.020469699520617723
v 0.747235831618309 0.0014883499534334987 0.03915864992886781
v 0.747235831618309 0.0014883499534334987 -0.03893000036478043
v 0.7603045970201492 -0.037555550783872606 0.00011474999555503017
v 0.747235831618309 0.0014883499534334987 -0.03893000036478043
v 0.747235831618309 0.0014883499534334987 0.03915864992886781
v 0.7603045970201492 0.04053225088864565 0.00011474999555503017
vt 0.5 0.5
vt 0.875 0.5
vt 0.625 0.5
vt 0.625 0.5
vt 0.875 0.5
vt 0.75 0.5
vt 0.875 0.5
vt 0.5 0.5
vt 0 0.5
vt 0 0.5
vt 0.5 0.5
vt 0.375 0.5
vt 0.375 0.5
vt 0.125 0.5
vt 0 0.5
vt 0.125 0.5
vt 0.375 0.5
vt 0.25 0.5
vt 0.375 0.75
vt 0.625 0.75
vt 0.375 1
vt 0.625 0.5
vt 0.875 0.75
vt 0.625 0.75
vt 0.625 0.25
vt 0.625 0.5
vt 0.375 0.5
vt 0.125 0.5
vt 0.375 0.5
vt 0.375 0.75
vt 0.25 0.009999999776482582
vt 0.08029399812221527 0.41970598697662354
vt 0.08029399812221527 0.08029399812221527
vt 0.08029399812221527 0.08029399812221527
vt 0.08029399812221527 0.41970598697662354
vt 0.009999999776482582 0.25
vt 0.08029399812221527 0.41970598697662354
vt 0.25 0.009999999776482582
vt 0.25 0.49000000953674316
vt 0.41970598697662354 0.08029399812221527
vt 0.25 0.49000000953674316
vt 0.25 0.009999999776482582
vt 0.25 0.49000000953674316
vt 0.41970598697662354 0.08029399812221527
vt 0.41970598697662354 0.41970598697662354
vt 0.41970598697662354 0.08029399812221527
vt 0.49000000953674316 0.25
vt 0.41970598697662354 0.41970598697662354
vt 1 0
vt 1 1
vt 1 0
vt 1 1
vt 1 0
vt 1 1
vt 1 0
vt 1 1
vt 1 0
vt 1 1
vt 1 0
vt 1 1
vt 1 0
vt 1 1
vt 1 0
vt 1 1
vt 1 0
vt 1 1
vt 1 0
vt 1 1
vt 1 0
vt 1 1
vt 1 0
vt 1 1
vt 1 0
vt 1 0
vt 1 1
vt 1 1
vt 1 1
vt 1 0
vt 1 0
vt 1 0
vt 1 1
vt 1 1
vt 1 1
vt 1 0
vt 1 1
vt 1 0
vt 1 0
vt 1 1
vt 1 1
vt 1 0
vt 1 0
vt 1 0
vt 1 1
vt 1 1
vt 1 1
vt 1 0
vt 1 1
vt 1 0
vt 1 0
vt 1 0
vt 1 1
vt 1 1
vt 1 0
vt 1 1
vt 1 1
vt 1 1
vt 1 0
vt 1 0
vt 1 0
vt 1 1
vt 1 1
vt 1 1
vt 1 0
vt 1 0
vt 1 0
vt 1 1
vt 1 1
vt 1 1
vt 1 0
vt 1 0
vt 1 0
vt 1 1
vt 1 1
vt 1 1
vt 1 0
vt 1 0
vt 1 0
vt 1 1
vt 1 1
vt 1 1
vt 1 0
vt 1 0
vt 1 0
vt 1 1
vt 1 1
vt 1 1
vt 1 0
vt 1 0
vt 1 0
vt 1 1
vt 1 1
vt 1 1
vt 1 0
vt 1 0
vt 1 0
vt 1 0
vt 1 1
vt 1 1
vt 1 0
vt 1 1
vt 1 0
vt 1 0
vt 1 1
vt 1 1
vt 1 0
vt 1 1
vt 1 0
vt 1 0
vt 1 1
vt 1 1
vt 1 0
vt 1 1
vt 1 0
vt 1 1
vt 1 0
vt 1 1
vt 1 0
vt 1 1
vt 1 0
vt 1 1
vt 1 0
vt 1 1
vt 1 0
vt 1 1
vt 1 0
vt 1 1
vt 1 0
vt 1 1
vt 1 0
vt 1 1
vt 1 0
vt 1 0
vt 1 1
vt 1 1
vt 1 0
vt 1 1
vt 1 0
vt 1 0
vt 1 1
vt 1 1
vt 1 0
vt 1 1
vt 1 0
vt 1 0
vt 1 1
vt 1 1
vt 1 0
vt 1 1
vt 1 0
vt 1 0
vt 1 1
vt 1 1
vt 1 1
vt 1 0
vt 1 0
vt 1 0
vt 1 1
vt 1 1
vt 1 1
vt 1 0
vt 1 0
vt 1 0
vt 1 1
vt 1 1
vt 1 1
vt 1 0
vt 1 0
vt 1 1
vt 1 1
vt 1 1
vt 1 0
vt 1 0
vt 1 0
vt 1 1
vt 1 1
vt 1 1
vt 1 0
vt 1 0
vt 1 0
vt 1 1
vt 1 1
vt 1 1
vt 1 0
vt 1 0
vt 1 0
vt 1 1
vt 1 1
vt 1 1
vt 1 0
vt 1 0
vt 1 0
vt 1 1
vt 1 1
vt 1 1
vt 1 0
vt 1 0
vt 1 0
vt 1 1
vt 1 1
vt 1 1
vt 1 0
vt 1 0
vt 1 0
vt 1 1
vt 1 1
vt 1 1
vt 1 0
vt 1 0
vt 1 0
vt 1 1
vt 1 1
vt 1 1
vt 1 0
vt 1 0
vt 1 0
vt 1 1
vt 1 1
vt 1 1
vt 1 0
vt 1 0
vt 1 0
vt 1 1
vt 1 1
vt 1 1
vt 1 0
vt 1 0
vt 1 0
vt 1 1
vt 1 1
vt 1 1
vt 1 0
vt 1 0
vt 1 0
vt 1 1
vt 1 1
vt 1 1
vt 1 0
vt 1 0
vt 1 0
vt 1 1
vt 1 1
vt 1 1
vt 1 0
vt 1 0
vt 1 0
vt 1 1
vt 1 1
vt 1 1
vt 1 0
vt 1 0
vt 1 0
vt 1 1
vt 1 1
vt 1 1
vt 1 0
vt 1 0
vt 1 0
vt 1 1
vt 1 1
vt 1 1
vt 1 0
vt 1 0
vt 1 0
vt 1 1
vt 1 1
vt 1 1
vt 1 0
vt 1 0
vt 1 0
vt 1 1
vt 1 1
vt 1 1
vt 1 0
vt 1 0
vt 1 0
vt 1 1
vt 1 0
vt 1 1
vt 1 0
vt 1 1
vt 1 0
vt 1 1
vt 1 0
vt 1 1
vt 1 0
vt 1 1
vt 1 0
vt 1 1
vt 1 0
vt 1 1
vt 1 0
vt 1 1
vt 1 0
vt 1 1
vt 1 0
vt 1 1
vt 1 0
vt 1 1
vt 1 0
vt 1 1
vt 1 0
vt 1 1
vt 1 1
vt 1 0
vt 1 0
vt 1 1
vt 1 0
vt 1 1
vt 1 0
vt 1 1
vt 1 0
vt 1 0
vt 1 1
vt 1 1
vt 1 1
vt 1 0
vt 1 0
vt 1 0
vt 1 1
vt 1 1
vt 1 1
vt 1 0
vt 1 1
vt 1 0
vt 1 0
vt 1 1
vt 1 1
vt 1 0
vt 1 0
vt 1 0
vt 1 1
vt 1 1
vt 1 1
vt 1 0
vt 1 0
vt 1 0
vt 1 1
vt 1 1
vt 1 1
vt 1 0
vt 1 0
vt 1 0
vt 1 1
vt 1 1
vt 1 1
vt 1 0
vt 1 1
vt 1 0
vt 1 0
vt 1 0
vt 1 1
vt 1 1
vt 1 0
vt 1 1
vt 1 1
vt 1 1
vt 1 0
vt 1 0
vt 1 0
vt 1 1
vt 1 1
vt 1 1
vt 1 0
vt 1 0
vt 1 0
vt 1 1
vt 1 1
vt 1 1
vt 1 0
vt 1 0
vt 1 0
vt 1 1
vt 1 1
vt 1 1
vt 1 0
vt 1 0
vt 1 0
vt 1 1
vt 1 1
vt 1 1
vt 1 0
vt 1 0
vt 1 0
vt 1 0
vt 1 1
vt 1 1
vt 1 0
vt 1 1
vt 1 0
vt 1 1
vt 1 0
vt 1 1
vt 1 0
vt 1 1
vt 1 0
vt 1 1
vt 1 0
vt 1 1
vt 1 0
vt 1 1
vt 1 0
vt 1 1
vt 1 0
vt 1 1
vt 1 0
vt 1 1
vt 1 0
vt 1 1
vt 1 0
vt 1 1
vt 1 0
vt 1 1
vt 1 0
vt 1 0
vt 1 1
vt 1 1
vt 1 1
vt 1 0
vt 1 0
vt 1 0
vt 1 1
vt 1 1
vt 1 0
vt 1 1
vt 1 1
vt 1 0
vt 1 0
vt 1 1
vt 1 1
vt 1 0
vt 1 1
vt 1 0
vt 1 0
vt 1 1
vt 1 1
vt 1 0
vt 1 0
vt 1 0
vt 1 1
vt 1 1
vt 1 1
vt 1 0
vt 1 0
vt 1 0
vt 1 1
vt 1 1
vt 1 1
vt 1 0
vt 1 0
vt 1 0
vt 1 1
vt 1 1
vt 1 1
vt 1 0
vt 1 0
vt 1 1
vt 1 1
vt 1 1
vt 1 0
vt 1 0
vt 1 0
vt 1 1
vt 1 1
vt 1 1
vt 1 0
vt 1 0
vt 1 0
vt 1 1
vt 1 1
vt 1 1
vt 1 0
vt 1 0
vt 1 0
vt 1 1
vt 1 1
vt 1 1
vt 1 0
vt 1 0
vt 1 0
vt 1 1
vt 1 1
vt 1 1
vt 1 0
vt 1 0
vt 1 0
vt 1 1
vt 1 1
vt 1 1
vt 1 0
vt 1 0
vt 1 0
vt 1 1
vt 1 1
vt 1 1
vt 1 0
vt 1 0
vt 1 0
vt 1 1
vt 1 1
vt 1 1
vt 1 0
vt 1 0
vt 1 0
vt 1 1
vt 1 1
vt 1 1
vt 1 0
vt 1 0
vt 1 0
vt 1 1
vt 1 1
vt 1 1
vt 1 0
vt 1 0
vt 1 0
vt 1 1
vt 1 1
vt 1 1
vt 1 0
vt 1 0
vt 1 0
vt 1 1
vt 1 1
vt 1 1
vt 1 0
vt 1 0
vt 0.625 0.75
vt 0.375 0.75
vt 0.375 0.75
vt 0.375 0.75
vt 0.625 0.75
vt 0.625 0.75
vt 0.375 0.75
vt 0.625 0.75
vt 0.625 0.75
vt 0.625 0.75
vt 0.375 0.75
vt 0.375 0.75
vt 0.625 0.75
vt 0.375 0.75
vt 0.375 0.75
vt 0.375 0.75
vt 0.625 0.75
vt 0.625 0.75
vt 0.625 0.75
vt 0.375 0.75
vt 0.375 0.75
vt 0.375 0.75
vt 0.625 0.75
vt 0.625 0.75
vt 0.375 0.75
vt 0.625 0.75
vt 0.375 0.75
vt 0.375 0.75
vt 0.625 0.75
vt 0.625 0.75
vt 0.375 0.75
vt 0.625 0.75
vt 0.625 0.75
vt 0.625 0.75
vt 0.375 0.75
vt 0.375 0.75
vt 0.625 0.75
vt 0.375 0.75
vt 0.625 0.75
vt 0.625 0.75
vt 0.375 0.75
vt 0.375 0.75
vt 0.375 0.75
vt 0.625 0.75
vt 0.625 0.75
vt 0.375 0.75
vt 0.625 0.75
vt 0.625 0.75
vt 0.625 0.75
vt 0.375 0.75
vt 0.375 0.75
vt 0.625 0.75
vt 0.375 0.75
vt 0.375 0.75
vt 0.375 0.75
vt 0.625 0.75
vt 0.625 0.75
vt 0.625 0.75
vt 0.375 0.75
vt 0.375 0.75
vt 0.375 0.75
vt 0.625 0.75
vt 0.625 0.75
vt 0.375 0.75
vt 0.625 0.75
vt 0.375 0.75
vt 0.375 0.75
vt 0.625 0.75
vt 0.625 0.75
vt 0.375 0.75
vt 0.625 0.75
vt 0.625 0.75
vt 0.625 0.75
vt 0.375 0.75
vt 0.375 0.75
vt 0.625 0.75
vt 0.375 0.75
vt 0.625 0.75
vt 0.375 0.75
vt 0.375 0.75
vt 0.375 0.5
vt 0.375 0.75
vt 0.375 0.5
vt 0.375 0.5
vt 0.375 0.75
vt 0.375 0.75
vt 0.375 0.5
vt 0.375 0.5
vt 0.375 0.75
vt 0.375 0.5
vt 0.375 0.75
vt 0.375 0.5
vt 0.375 0.5
vt 0.375 0.75
vt 0.375 0.75
vt 0.375 0.5
vt 0.375 0.5
vt 0.375 0.75
vt 0.375 0.5
vt 0.375 0.5
vt 0.375 0.75
vt 0.375 0.75
vt 0.375 0.5
vt 0.375 0.75
vt 0.375 0.75
vt 0.375 0.75
vt 0.375 0.5
vt 0.375 0.5
vt 0.375 0.75
vt 0.375 0.5
vt 0.375 0.5
vt 0.375 0.75
vt 0.375 0.75
vt 0.375 0.5
vt 0.375 0.75
vt 0.375 0.5
vt 0.375 0.75
vt 0.375 0.75
vt 0.375 0.75
vt 0.375 0.5
vt 0.375 0.5
vt 0.375 0.5
vt 0.375 0.75
vt 0.375 0.75
vt 0.375 0.5
vt 0.375 0.5
vt 0.375 0.75
vt 0.375 0.75
vt 0.375 0.5
vt 0.375 0.75
vt 0.375 0.5
vt 0.375 0.5
vt 0.375 0.75
vt 0.375 0.75
vt 0.375 0.5
vt 0.375 0.5
vt 0.375 0.75
vt 0.375 0.5
vt 0.375 0.5
vt 0.375 0.75
vt 0.375 0.75
vt 0.375 0.5
vt 0.375 0.75
vt 0.375 0.75
vt 0.375 0.75
vt 0.375 0.5
vt 0.375 0.5
vt 0.375 0.75
vt 0.375 0.5
vt 0.375 0.5
vt 0.375 0.75
vt 0.375 0.75
vt 0.375 0.5
vt 0.375 0.75
vt 0.375 0.5
vt 0.375 0.75
vt 0.25 0.009999999776482582
vt 0.08029399812221527 0.08029399812221527
vt 0.25 0.009999999776482582
vt 0.25 0.009999999776482582
vt 0.41970598697662354 0.08029399812221527
vt 0.41970598697662354 0.08029399812221527
vt 0.375 0.75
vt 0.375 0.75
vt 0.375 0.5
vt 0.375 0.75
vt 0.375 0.5
vt 0.375 0.5
vt 0.375 0.75
vt 0.375 0.5
vt 0.375 0.75
vt 0.375 0.5
vt 0.375 0.75
vt 0.375 0.5
vt 0.375 0.75
vt 0.375 0.5
vt 0.375 0.5
vt 0.375 0.5
vt 0.375 0.75
vt 0.375 0.75
vt 0.375 0.5
vt 0.375 0.75
vt 0.375 0.75
vt 0.375 0.75
vt 0.375 0.5
vt 0.375 0.5
vt 0.375 0.5
vt 0.375 0.75
vt 0.375 0.75
vt 0.375 0.75
vt 0.375 0.5
vt 0.375 0.5
vt 0.375 0.5
vt 0.375 0.5
vt 0.375 0.75
vt 0.375 0.75
vt 0.375 0.75
vt 0.375 0.5
vt 0.375 0.75
vt 0.375 0.5
vt 0.375 0.75
vt 0.375 0.75
vt 0.375 0.5
vt 0.375 0.75
vt 0.375 0.5
vt 0.375 0.75
vt 0.375 0.5
vt 0.375 0.75
vt 0.375 0.5
vt 0.375 0.5
vt 0.375 0.75
vt 0.375 0.75
vt 0.375 0.5
vt 0.375 0.75
vt 0.375 0.5
vt 0.375 0.5
vt 0.375 0.5
vt 0.375 0.75
vt 0.375 0.75
vt 0.375 0.5
vt 0.375 0.75
vt 0.375 0.75
vt 0.375 0.75
vt 0.375 0.5
vt 0.375 0.5
vt 0.375 0.5
vt 0.375 0.75
vt 0.375 0.75
vt 0.375 0.75
vt 0.375 0.5
vt 0.375 0.5
vt 0.375 0.5
vt 0.375 0.5
vt 0.375 0.75
vt 0.375 0.75
vt 0.375 0.75
vt 0.375 0.5
vt 0.375 0.75
vt 0.375 0.5
vt 0.375 0.75
vt 0.625 0.75
vt 0.375 0.75
vt 0.375 0.75
vt 0.625 0.75
vt 0.375 0.75
vt 0.375 0.75
vt 0.375 0.75
vt 0.625 0.75
vt 0.625 0.75
vt 0.375 0.75
vt 0.625 0.75
vt 0.625 0.75
vt 0.625 0.75
vt 0.375 0.75
vt 0.375 0.75
vt 0.625 0.75
vt 0.375 0.75
vt 0.375 0.75
vt 0.375 0.75
vt 0.625 0.75
vt 0.625 0.75
vt 0.625 0.75
vt 0.375 0.75
vt 0.375 0.75
vt 0.375 0.75
vt 0.625 0.75
vt 0.625 0.75
vt 0.375 0.75
vt 0.625 0.75
vt 0.625 0.75
vt 0.375 0.75
vt 0.625 0.75
vt 0.625 0.75
vt 0.625 0.75
vt 0.375 0.75
vt 0.375 0.75
vt 0.625 0.75
vt 0.375 0.75
vt 0.625 0.75
vt 0.625 0.75
vt 0.375 0.75
vt 0.375 0.75
vt 0.625 0.75
vt 0.375 0.75
vt 0.375 0.75
vt 0.375 0.75
vt 0.625 0.75
vt 0.625 0.75
vt 0.375 0.75
vt 0.625 0.75
vt 0.625 0.75
vt 0.625 0.75
vt 0.375 0.75
vt 0.375 0.75
vt 0.625 0.75
vt 0.375 0.75
vt 0.375 0.75
vt 0.375 0.75
vt 0.625 0.75
vt 0.625 0.75
vt 0.625 0.75
vt 0.375 0.75
vt 0.375 0.75
vt 0.375 0.75
vt 0.625 0.75
vt 0.625 0.75
vt 0.375 0.75
vt 0.625 0.75
vt 0.625 0.75
vt 0.375 0.75
vt 0.625 0.75
vt 0.625 0.75
vt 0.625 0.75
vt 0.375 0.75
vt 0.375 0.75
vt 0.625 0.75
vt 0.375 0.75
vt 0.625 0.75
vt 0.009999999776482582 0.25
vt 0.08029399812221527 0.41970598697662354
vt 0.08029399812221527 0.41970598697662354
vt 0.25 0.49000000953674316
vt 0.08029399812221527 0.41970598697662354
vt 0.08029399812221527 0.41970598697662354
vt 0.08029399812221527 0.41970598697662354
vt 0.25 0.49000000953674316
vt 0.25 0.49000000953674316
vt 0.08029399812221527 0.08029399812221527
vt 0.009999999776482582 0.25
vt 0.009999999776482582 0.25
vt 1 0
vt 1 1
vt 1 1
vt 1 1
vt 1 0
vt 1 0
vt 1 1
vt 1 0
vt 1 0
vt 1 0
vt 1 1
vt 1 1
vt 1 1
vt 1 0
vt 1 0
vt 1 0
vt 1 1
vt 1 1
vt 1 1
vt 1 0
vt 1 0
vt 1 0
vt 1 1
vt 1 1
vt 1 0
vt 1 0
vt 1 1
vt 1 1
vt 1 1
vt 1 0
vt 1 1
vt 1 0
vt 1 1
vt 1 0
vt 1 0
vt 1 1
vt 1 1
vt 1 1
vt 1 0
vt 1 0
vt 1 1
vt 1 0
vt 1 1
vt 1 1
vt 1 0
vt 1 0
vt 1 0
vt 1 1
vt 1 0
vt 0.5 0
vt 1 0
vt 1 0
vt 0.5 0
vt 0.5 0
vt 0.5 0
vt 1 0
vt 1 0
vt 1 0
vt 1 0
vt 1 0
vt 1 0
vt 1 0
vt 1 0
vt 1 0
vt 1 0
vt 1 0
vt 1 0
vt 1 0
vt 1 0
vt 1 0
vt 1 0
vt 1 0
vt 1 0
vt 1 0
vt 1 0
vt 1 0
vt 0.5 0
vt 1 0
vt 1 0
vt 0.5 0
vt 0.5 0
vt 0.5 0
vt 1 0
vt 1 0
vt 1 0
vt 1 0
vt 1 0
vt 1 0
vt 1 0
vt 1 0
vt 1 0
vt 1 0
vt 1 0
vt 1 0
vt 1 0
vt 1 0
vt 1 0
vt 1 0
vt 1 0
vt 1 0
vt 1 0
vt 1 0
vt 0.009999999776482582 0.25
vt 0.08029399812221527 0.41970598697662354
vt 0.009999999776482582 0.25
vt 0.08029399812221527 0.08029399812221527
vt 0.009999999776482582 0.25
vt 0.08029399812221527 0.08029399812221527
vt 0.25 0.009999999776482582
vt 0.08029399812221527 0.08029399812221527
vt 0.08029399812221527 0.08029399812221527
vt 0.41970598697662354 0.08029399812221527
vt 0.25 0.009999999776482582
vt 0.25 0.009999999776482582
vt 0.49000000953674316 0.25
vt 0.41970598697662354 0.08029399812221527
vt 0.41970598697662354 0.08029399812221527
vt 0.41970598697662354 0.08029399812221527
vt 0.49000000953674316 0.25
vt 0.49000000953674316 0.25
vt 0.41970598697662354 0.41970598697662354
vt 0.49000000953674316 0.25
vt 0.49000000953674316 0.25
vt 0.49000000953674316 0.25
vt 0.41970598697662354 0.41970598697662354
vt 0.41970598697662354 0.41970598697662354
vt 0.25 0.49000000953674316
vt 0.41970598697662354 0.41970598697662354
vt 0.41970598697662354 0.41970598697662354
vt 0.25 0.49000000953674316
vt 0.41970598697662354 0.41970598697662354
vt 0.25 0.49000000953674316
vt 1 0
vt 1 0
vt 1 0
vt 1 0
vt 1 0
vt 1 0
vt 1 0
vt 1 0
vt 1 0
vt 1 0
vt 1 0
vt 1 0
vt 1 0
vt 1 0
vt 1 0
vt 1 0
vt 1 0
vt 1 0
vt 1 0
vt 1 0
vt 1 0
vt 1 0
vt 1 1
vt 1 1
vt 1 1
vt 1 0
vt 1 0
vt 1 1
vt 1 0
vt 1 0
vt 1 0
vt 1 1
vt 1 1
vt 1 0
vt 1 0
vt 1 0
vt 1 0
vt 1 0
vt 1 0
vt 1 0
vt 1 0
vt 1 0
vt 1 0
vt 1 0
vt 1 0
vt 1 0
vt 1 0
vt 1 0
vt 1 0
vt 1 0
vt 1 0
vt 1 0
vt 1 0
vt 1 0
vt 1 0
vt 1 0
vt 1 0
vt 1 0
vt 1 0
vt 1 0
vt 1 0
vt 1 0
vt 1 0
vt 1 0
vt 1 0
vt 1 0
vt 1 0
vt 1 0
vt 1 0
vt 1 0
vt 1 0
vt 1 0
vt 1 0
vt 1 0
vt 1 0
vt 1 0
vt 1 0
vt 1 0
vt 1 0
vt 1 0
vt 1 0
vt 1 0
vt 1 0
vt 1 0
vt 1 0
vt 1 0
vt 1 0
vt 1 0
vt 1 0
vt 1 0
vt 1 0
vt 1 0
vt 1 0
vt 1 0
vt 1 0
vt 1 0
vt 1 1
vt 1 0
vt 1 0
vt 1 0
vt 1 1
vt 1 1
vt 1 1
vt 1 0
vt 1 0
vt 1 0
vt 1 1
vt 1 1
vt 1 0
vt 1 0
vt 1 0
vt 1 0
vt 1 0
vt 1 0
vt 1 0
vt 1 0
vt 1 0
vt 1 0
vt 1 0
vt 1 0
vt 1 0
vt 1 0
vt 1 0
vt 1 0
vt 1 0
vt 1 0
vt 1 0
vt 1 0
vt 1 0
vt 1 0
vt 1 0
vt 1 0
vt 1 0
vt 1 0
vt 1 0
vt 1 0
vt 1 0
vt 1 0
vt 1 0
vt 1 0
vt 1 0
vt 1 0
vt 1 0
vt 1 0
vt 1 0
vt 1 0
vt 1 0
vt 1 0
vt 1 0
vt 1 0
vt 1 1
vt 0.5 1
vt 1 1
vt 0.5 1
vt 1 1
vt 0.5 1
vt 1 1
vt 0.5 1
vt 1 1
vt 1 1
vt 1 1
vt 1 1
vt 1 1
vt 1 1
vt 1 1
vt 1 1
vt 1 1
vt 1 1
vt 1 1
vt 1 1
vt 1 1
vt 1 1
vt 1 1
vt 1 1
vt 1 1
vt 1 1
vt 1 1
vt 1 0
vt 1 0
vt 1 1
vt 1 1
vt 1 1
vt 1 0
vt 1 1
vt 1 0
vt 1 1
vt 1 0
vt 1 0
vt 1 1
vt 1 1
vt 1 1
vt 1 1
vt 1 1
vt 1 1
vt 1 1
vt 1 1
vt 1 1
vt 1 1
vt 1 1
vt 1 1
vt 1 1
vt 1 1
vt 1 1
vt 1 1
vt 1 1
vt 1 1
vt 1 1
vt 1 1
vt 1 1
vt 1 1
vt 1 1
vt 1 1
vt 1 1
vt 1 1
vt 1 1
vt 1 1
vt 1 1
vt 1 1
vt 1 1
vt 1 1
vt 1 1
vt 1 1
vt 1 1
vt 1 1
vt 1 1
vt 1 1
vt 1 1
vt 1 1
vt 1 1
vt 1 1
vt 1 1
vt 1 1
vt 1 1
vt 1 0
vt 1 0
vt 1 1
vt 1 0
vt 1 1
vt 1 1
vt 1 0
vt 1 0
vt 1 0
vt 1 1
vt 1 1
vt 1 1
vt 1 1
vt 1 1
vt 1 1
vt 1 1
vt 1 1
vt 1 1
vt 1 1
vt 1 1
vt 1 1
vt 1 1
vt 1 1
vt 1 1
vt 1 1
vt 1 1
vt 1 1
vt 1 1
vt 1 1
vt 1 1
vt 1 1
vt 1 1
vt 1 1
vt 1 1
vt 1 1
vt 1 1
vt 1 1
vt 1 1
vt 1 1
vt 1 1
vt 1 1
vt 1 1
vt 1 1
vt 1 1
vt 1 1
vt 1 1
vt 1 1
vt 1 1
vt 1 1
vt 1 1
vt 1 1
vt 1 1
vt 1 1
vt 0.5 1
vt 1 1
vt 0.5 1
vt 1 1
vt 0.5 1
vt 1 1
vt 0.5 1
vt 1 1
vt 1 1
vt 1 1
vt 1 1
vt 1 1
vt 1 1
vt 1 1
vt 1 1
vt 1 1
vt 1 1
vt 1 1
vt 1 1
vt 1 1
vt 1 1
vt 1 1
vt 1 1
vt 1 1
vt 1 1
vt 1 1
vt 1 1
vt 1 1
vt 1 1
vt 1 1
vt 1 1
vt 1 1
vt 1 1
vt 1 1
vt 1 1
vt 1 1
vt 1 1
vt 1 1
vt 1 1
vt 1 1
vt 1 1
vt 1 1
vt 1 1
vt 1 1
vt 1 1
vt 1 1
vt 1 1
vt 1 1
vt 1 1
vt 1 1
vt 1 1
vt 1 1
vt 1 1
vt 1 1
vt 1 1
vt 1 1
vt 1 1
vt 1 1
vt 1 1
vt 1 1
vt 1 1
vt 1 1
vt 1 1
vt 1 1
vt 1 1
vt 1 1
vt 1 1
vt 1 1
vt 1 1
vt 1 0
vt 1 0
vt 1 0
vt 1 1
vt 1 1
vt 1 1
vt 1 0
vt 1 0
vt 1 0
vt 1 1
vt 1 1
vt 1 1
vt 0.5 1
vt 1 1
vt 0.5 1
vt 1 1
vt 0.5 1
vt 1 1
vt 0.5 1
vt 1 1
vt 1 1
vt 1 1
vt 1 1
vt 1 1
vt 1 1
vt 1 1
vt 1 1
vt 1 1
vt 1 1
vt 1 1
vt 1 1
vt 1 1
vt 1 1
vt 1 1
vt 1 1
vt 1 1
vt 1 1
vt 1 1
vt 1 0
vt 1 1
vt 1 1
vt 1 1
vt 1 0
vt 1 0
vt 1 1
vt 1 0
vt 1 0
vt 1 0
vt 1 1
vt 1 1
vt 1 1
vt 1 1
vt 1 1
vt 1 1
vt 1 1
vt 1 1
vt 1 1
vt 1 1
vt 1 1
vt 1 1
vt 1 1
vt 1 1
vt 1 1
vt 1 1
vt 1 1
vt 1 1
vt 1 1
vt 1 1
vt 1 1
vt 1 1
vt 1 1
vt 1 1
vt 0.5 1
vt 1 1
vt 0.5 1
vt 1 1
vt 0.5 1
vt 1 1
vt 0.5 1
vt 1 1
vt 1 1
vt 1 1
vt 1 1
vt 1 1
vt 1 1
vt 1 1
vt 1 1
vt 1 1
vt 1 1
vt 1 1
vt 1 1
vt 1 1
vt 1 1
vt 1 1
vt 1 1
vt 1 1
vt 1 1
vt 1 1
vt 1 0
vt 0.5 0
vt 1 0
vt 1 0
vt 0.5 0
vt 0.5 0
vt 0.5 0
vt 1 0
vt 1 0
vt 1 0
vt 1 0
vt 1 0
vt 1 0
vt 1 0
vt 1 0
vt 1 0
vt 1 0
vt 1 0
vt 1 0
vt 1 0
vt 1 0
vt 1 0
vt 1 0
vt 1 0
vt 1 0
vt 1 0
vt 1 0
vt 1 0
vt 1 0
vt 1 0
vt 1 0
vt 1 0
vt 1 0
vt 1 0
vt 1 0
vt 1 0
vt 1 0
vt 1 0
vt 1 0
vt 1 0
vt 1 0
vt 1 0
vt 1 0
vt 1 0
vt 1 0
vt 1 0
vt 1 0
vt 1 0
vt 1 0
vt 1 0
vt 1 0
vt 1 0
vt 1 0
vt 1 0
vt 1 0
vt 1 0
vt 1 0
vt 1 0
vt 1 0
vt 1 0
vt 1 0
vt 1 0
vt 1 0
vt 1 0
vt 1 0
vt 1 0
vt 1 0
vt 1 0
vt 1 0
vt 1 0
vt 1 0
vt 1 1
vt 1 1
vt 1 1
vt 1 0
vt 1 1
vt 1 0
vt 1 1
vt 1 0
vt 1 0
vt 1 1
vt 1 0
vt 1 0
vt 1 0
vt 1 0
vt 1 0
vt 1 0
vt 1 0
vt 1 0
vt 1 0
vt 1 0
vt 1 0
vt 1 0
vt 1 0
vt 1 0
vt 1 0
vt 1 0
vt 1 0
vt 1 0
vt 1 0
vt 1 0
vt 1 0
vt 1 0
vt 1 0
vt 1 0
vt 1 0
vt 1 0
vt 1 0
vt 1 0
vt 1 0
vt 1 0
vt 1 0
vt 1 0
vt 1 0
vt 1 0
vt 1 0
vt 1 0
vt 1 0
vt 1 0
vt 1 0
vt 1 0
vt 1 0
vt 1 0
vt 1 0
vt 1 0
vt 1 0
vt 1 0
vt 1 0
vt 1 0
vt 1 0
vt 1 0
vt 1 0
vt 1 0
vt 1 0
vt 1 0
vt 1 0
vt 1 0
vt 1 0
vt 1 0
vt 1 0
vt 1 0
vt 1 0
vt 1 0
vt 1 0
vt 1 1
vt 1 1
vt 1 0
vt 1 0
vt 1 1
vt 1 0
vt 1 1
vt 1 1
vt 1 0
vt 1 0
vt 1 0
vt 1 1
vt 1 0
vt 1 0
vt 1 0
vt 1 0
vt 1 0
vt 1 0
vt 1 0
vt 1 0
vt 1 0
vt 1 0
vt 1 0
vt 1 0
vt 1 0
vt 1 0
vt 1 0
vt 1 0
vt 1 0
vt 1 0
vt 1 0
vt 1 0
vt 1 0
vt 1 0
vt 0.5 0
vt 1 0
vt 1 0
vt 0.5 0
vt 0.5 0
vt 0.5 0
vt 1 0
vt 1 0
vt 1 0
vt 1 0
vt 1 0
vt 1 0
vt 1 0
vt 1 0
vt 1 0
vt 1 0
vt 1 0
vt 1 0
vt 1 0
vt 1 0
vt 1 0
vt 1 0
vt 1 0
vt 1 0
vt 1 0
vt 1 0
vt 1 1
vt 1 1
vt 1 1
vt 1 1
vt 1 1
vt 1 1
vt 1 1
vt 1 1
vt 1 1
vt 1 1
vt 1 1
vt 1 1
vt 1 1
vt 1 1
vt 1 1
vt 1 1
vt 1 1
vt 1 1
vt 1 1
vt 1 1
vt 1 1
vt 1 1
vt 1 1
vt 1 1
vt 1 1
vt 1 1
vt 1 1
vt 1 1
vt 1 1
vt 1 1
vt 1 1
vt 1 1
vt 1 1
vt 1 1
vt 1 1
vt 1 1
vt 1 1
vt 1 1
vt 1 1
vt 1 1
vt 1 1
vt 1 1
vt 1 1
vt 1 1
vt 1 1
vt 1 1
vt 1 1
vt 1 1
vt 1 1
vt 1 1
vt 1 1
vt 1 1
vt 1 1
vt 1 1
vt 1 1
vt 1 1
vt 1 1
vt 1 1
vt 1 1
vt 1 1
vt 1 1
vt 1 1
vt 1 1
vt 1 1
vt 1 1
vt 1 1
vt 1 1
vt 1 1
vt 1 1
vt 1 1
vt 1 1
vt 1 1
vt 1 1
vt 1 1
vt 1 1
vt 1 1
vt 1 1
vt 1 1
vt 1 1
vt 1 1
vt 1 1
vt 1 1
vt 1 1
vt 1 1
vt 1 1
vt 1 1
vt 1 1
vt 1 1
vt 1 1
vt 1 1
vt 1 1
vt 1 1
vt 1 1
vt 1 1
vt 1 1
vt 1 1
vt 1 1
vt 1 1
vt 1 1
vt 1 1
vt 1 1
vt 1 1
vt 1 1
vt 1 1
vt 1 1
vt 1 0
vt 1 1
vt 1 1
vt 1 1
vt 1 0
vt 1 0
vt 1 0
vt 1 1
vt 1 1
vt 1 1
vt 1 0
vt 1 0
vt 0.5 0
vt 1 0
vt 1 1
vt 1 1
vt 0.5 1
vt 0.5 0
vt 0.5 1
vt 0.5 0
vt 0.5 0
vt 0.5 0
vt 0.5 1
vt 0.5 1
vt 1 0
vt 1 0
vt 1 1
vt 1 1
vt 1 1
vt 1 0
vt 1 0
vt 1 0
vt 1 1
vt 1 1
vt 1 1
vt 1 0
vt 1 1
vt 1 0
vt 1 0
vt 1 0
vt 1 1
vt 1 1
vt 1 1
vt 1 0
vt 1 0
vt 1 0
vt 1 1
vt 1 1
vt 0.5 0
vt 1 0
vt 1 1
vt 1 1
vt 0.5 1
vt 0.5 0
vt 0.5 1
vt 0.5 0
vt 0.5 0
vt 0.5 0
vt 0.5 1
vt 0.5 1
vt 1 0
vt 1 0
vt 1 1
vt 1 1
vt 1 1
vt 1 0
vt 1 0
vt 1 0
vt 1 1
vt 1 1
vt 1 1
vt 1 0
vt 0.5 1
vt 1 0
vt 1 1
vt 1 0
vt 0.5 1
vt 0.5 0
vt 0.5 1
vt 0.5 1
vt 0.5 0
vt 0.5 0
vt 0.5 1
vt 0.5 0
vt 1 0
vt 1 1
vt 1 0
vt 0.5 1
vt 1 0
vt 1 1
vt 1 1
vt 1 0
vt 1 1
vt 1 0
vt 1 1
vt 1 0
vt 1 1
vt 1 0
vt 1 1
vt 1 0
vt 0.5 1
vt 0.5 0
vt 0.5 1
vt 0.5 1
vt 0.5 0
vt 0.5 0
vt 0.5 1
vt 0.5 0
vt 1 0
vt 1 1
vt 1 0
vt 1 1
vt 1 0
vt 1 1
vt 1 0
vt 1 1
vt 1 0
vt 1 1
vt 1 0
vt 1 1
vt 1 1
vt 1 0
vt 1 0
vt 1 0
vt 1 1
vt 1 1
vt 1 0
vt 1 1
vt 1 1
vt 1 1
vt 1 0
vt 1 0
vt 1 0
vt 1 1
vt 1 1
vt 1 1
vt 1 0
vt 1 0
vt 1 0
vt 1 1
vt 1 1
vt 1 1
vt 1 0
vt 1 0
vt 0.625 0.5
vt 0.625 0.75
vt 0.625 0.75
vt 0.625 0.75
vt 0.625 0.5
vt 0.625 0.5
vt 0.625 0.5
vt 0.625 0.75
vt 0.625 0.75
vt 0.625 0.75
vt 0.625 0.5
vt 0.625 0.5
vt 0.625 0.5
vt 0.625 0.75
vt 0.625 0.75
vt 0.625 0.75
vt 0.625 0.5
vt 0.625 0.5
vt 0.625 0.75
vt 0.625 0.5
vt 0.625 0.75
vt 0.625 0.75
vt 0.625 0.5
vt 0.625 0.5
vt 0.625 0.75
vt 0.625 0.5
vt 0.625 0.75
vt 0.625 0.75
vt 0.625 0.5
vt 0.625 0.5
vt 0.625 0.75
vt 0.625 0.5
vt 0.625 0.5
vt 0.625 0.5
vt 0.625 0.75
vt 0.625 0.75
vt 0.625 0.5
vt 0.625 0.75
vt 0.625 0.5
vt 0.625 0.5
vt 0.625 0.75
vt 0.625 0.75
vt 0.625 0.75
vt 0.625 0.5
vt 0.625 0.5
vt 0.625 0.5
vt 0.625 0.75
vt 0.625 0.75
vt 0.625 0.75
vt 0.625 0.5
vt 0.625 0.5
vt 0.625 0.5
vt 0.625 0.75
vt 0.625 0.75
vt 0.625 0.75
vt 0.625 0.5
vt 0.625 0.5
vt 0.625 0.75
vt 0.625 0.5
vt 0.625 0.75
vt 0.625 0.75
vt 0.625 0.5
vt 0.625 0.5
vt 0.625 0.75
vt 0.625 0.5
vt 0.625 0.75
vt 0.625 0.75
vt 0.625 0.5
vt 0.625 0.5
vt 0.625 0.75
vt 0.625 0.5
vt 0.625 0.5
vt 0.625 0.5
vt 0.625 0.75
vt 0.625 0.75
vt 0.625 0.5
vt 0.625 0.75
vt 0.625 0.5
vt 0.625 0.5
vt 0.375 0.5
vt 0.375 0.5
vt 0.375 0.5
vt 0.625 0.5
vt 0.625 0.5
vt 0.625 0.5
vt 0.375 0.5
vt 0.375 0.5
vt 0.375 0.5
vt 0.625 0.5
vt 0.625 0.5
vt 0.375 0.5
vt 0.625 0.5
vt 0.375 0.5
vt 0.625 0.5
vt 0.375 0.5
vt 0.625 0.5
vt 0.625 0.5
vt 0.375 0.5
vt 0.375 0.5
vt 0.375 0.5
vt 0.625 0.5
vt 0.625 0.5
vt 0.625 0.5
vt 0.375 0.5
vt 0.375 0.5
vt 0.375 0.5
vt 0.625 0.5
vt 0.625 0.5
vt 0.625 0.5
vt 0.625 0.5
vt 0.375 0.5
vt 0.375 0.5
vt 0.375 0.5
vt 0.625 0.5
vt 0.375 0.5
vt 0.625 0.5
vt 0.375 0.5
vt 0.625 0.5
vt 0.375 0.5
vt 0.375 0.5
vt 0.375 0.5
vt 0.625 0.5
vt 0.625 0.5
vt 0.625 0.5
vt 0.375 0.5
vt 0.375 0.5
vt 0.375 0.5
vt 0.625 0.5
vt 0.625 0.5
vt 0.375 0.5
vt 0.625 0.5
vt 0.375 0.5
vt 0.625 0.5
vt 0.375 0.5
vt 0.625 0.5
vt 0.625 0.5
vt 0.375 0.5
vt 0.375 0.5
vt 0.375 0.5
vt 0.625 0.5
vt 0.625 0.5
vt 0.625 0.5
vt 0.375 0.5
vt 0.375 0.5
vt 0.375 0.5
vt 0.625 0.5
vt 0.625 0.5
vt 0.625 0.5
vt 0.625 0.5
vt 0.375 0.5
vt 0.375 0.5
vt 0.375 0.5
vt 0.625 0.5
vt 0.375 0.5
vt 0.625 0.5
vt 0.375 0.5
vt 0.375 0.5
vt 0.375 0.5
vt 0.625 0.5
vt 0.375 0.5
vt 0.625 0.5
vt 0.625 0.5
vt 0.375 0.5
vt 0.375 0.5
vt 0.625 0.5
vt 0.375 0.5
vt 0.625 0.5
vt 0.625 0.5
vt 0.375 0.5
vt 0.625 0.5
vt 0.625 0.5
vt 0.625 0.5
vt 0.375 0.5
vt 0.375 0.5
vt 0.625 0.5
vt 0.375 0.5
vt 0.625 0.5
vt 0.625 0.5
vt 0.375 0.5
vt 0.375 0.5
vt 0.625 0.5
vt 0.375 0.5
vt 0.375 0.5
vt 0.375 0.5
vt 0.625 0.5
vt 0.625 0.5
vt 0.375 0.5
vt 0.625 0.5
vt 0.625 0.5
vt 0.375 0.5
vt 0.375 0.5
vt 0.625 0.5
vt 0.375 0.5
vt 0.625 0.5
vt 0.375 0.5
vt 0.375 0.5
vt 0.375 0.5
vt 0.625 0.5
vt 0.375 0.5
vt 0.625 0.5
vt 0.625 0.5
vt 0.375 0.5
vt 0.375 0.5
vt 0.625 0.5
vt 0.375 0.5
vt 0.625 0.5
vt 0.625 0.5
vt 0.375 0.5
vt 0.625 0.5
vt 0.625 0.5
vt 0.625 0.5
vt 0.375 0.5
vt 0.375 0.5
vt 0.625 0.5
vt 0.375 0.5
vt 0.625 0.5
vt 0.625 0.5
vt 0.375 0.5
vt 0.375 0.5
vt 0.625 0.5
vt 0.375 0.5
vt 0.375 0.5
vt 0.375 0.5
vt 0.625 0.5
vt 0.625 0.5
vt 0.375 0.5
vt 0.625 0.5
vt 0.625 0.5
vt 0.375 0.5
vt 0.375 0.5
vt 0.625 0.5
vt 0.375 0.5
vt 0.625 0.5
vt 0.375 0.5
vt 0.625 0.5
vt 0.625 0.75
vt 0.625 0.75
vt 0.625 0.75
vt 0.625 0.5
vt 0.625 0.5
vt 0.625 0.5
vt 0.625 0.75
vt 0.625 0.75
vt 0.625 0.75
vt 0.625 0.5
vt 0.625 0.5
vt 0.625 0.5
vt 0.625 0.5
vt 0.625 0.75
vt 0.625 0.75
vt 0.625 0.75
vt 0.625 0.5
vt 0.625 0.75
vt 0.625 0.5
vt 0.625 0.5
vt 0.625 0.5
vt 0.625 0.75
vt 0.625 0.75
vt 0.625 0.75
vt 0.625 0.5
vt 0.625 0.75
vt 0.625 0.75
vt 0.625 0.5
vt 0.625 0.5
vt 0.625 0.75
vt 0.625 0.5
vt 0.625 0.5
vt 0.625 0.5
vt 0.625 0.75
vt 0.625 0.75
vt 0.625 0.5
vt 0.625 0.75
vt 0.625 0.5
vt 0.625 0.5
vt 0.625 0.75
vt 0.625 0.75
vt 0.625 0.75
vt 0.625 0.5
vt 0.625 0.5
vt 0.625 0.5
vt 0.625 0.75
vt 0.625 0.75
vt 0.625 0.75
vt 0.625 0.5
vt 0.625 0.5
vt 0.625 0.5
vt 0.625 0.5
vt 0.625 0.75
vt 0.625 0.75
vt 0.625 0.75
vt 0.625 0.5
vt 0.625 0.75
vt 0.625 0.5
vt 0.625 0.5
vt 0.625 0.5
vt 0.625 0.75
vt 0.625 0.75
vt 0.625 0.75
vt 0.625 0.5
vt 0.625 0.75
vt 0.625 0.75
vt 0.625 0.5
vt 0.625 0.5
vt 0.625 0.75
vt 0.625 0.5
vt 0.625 0.5
vt 0.625 0.5
vt 0.625 0.75
vt 0.625 0.75
vt 0.625 0.5
vt 0.625 0.75
vt 0.625 0.5
vt 1 1
vt 1 1
vt 1 0
vt 1 1
vt 1 0
vt 1 0
vt 1 0
vt 1 0
vt 1 1
vt 1 1
vt 1 1
vt 1 0
vt 1 0
vt 1 0
vt 1 1
vt 1 1
vt 1 1
vt 1 0
vt 1 0
vt 1 0
vt 1 1
vt 1 1
vt 1 1
vt 1 0
vt 1 1
vt 1 0
vt 1 1
vt 1 0
vt 1 1
vt 1 0
vt 1 1
vt 1 0
vt 1 1
vt 1 0
vt 1 1
vt 1 0
vt 1 0
vt 1 1
vt 1 0
vt 1 1
vt 1 0
vt 1 1
vt 1 1
vt 1 0
vt 1 1
vt 1 0
vt 1 1
vt 1 0
vt 1 0
vt 1 1
vt 1 0
vt 1 1
vt 1 0
vt 1 1
vt 1 0
vt 1 1
vt 1 0
vt 1 1
vt 1 0
vt 1 1
vt 1 0
vt 1 0
vt 1 1
vt 1 1
vt 1 1
vt 1 0
vt 1 0
vt 1 0
vt 1 1
vt 1 1
vt 1 1
vt 1 0
vt 0.5 0
vt 1 1
vt 1 0
vt 1 1
vt 0.5 0
vt 0.5 1
vt 0.5 1
vt 1 1
vt 0.5 0
vt 1 1
vt 1 0
vt 0.5 0
vt 0.5 1
vt 1 0
vt 0.5 0
vt 1 0
vt 0.5 1
vt 1 1
vt 1 0
vt 0.5 1
vt 1 1
vt 0.5 1
vt 1 0
vt 0.5 0
vt 0.41970598697662354 0.08029399812221527
vt 0.25 0.49000000953674316
vt 0.41970598697662354 0.41970598697662354
vt 0.41970598697662354 0.08029399812221527
vt 0.41970598697662354 0.41970598697662354
vt 0.49000000953674316 0.25
vt 0.25 0.49000000953674316
vt 0.41970598697662354 0.08029399812221527
vt 0.25 0.009999999776482582
vt 0.25 0.49000000953674316
vt 0.25 0.009999999776482582
vt 0.08029399812221527 0.41970598697662354
vt 0.08029399812221527 0.08029399812221527
vt 0.08029399812221527 0.41970598697662354
vt 0.25 0.009999999776482582
vt 0.08029399812221527 0.41970598697662354
vt 0.08029399812221527 0.08029399812221527
vt 0.009999999776482582 0.25
vt 1 1
vt 0.875 0.5
vt 1 0.5
vt 0.875 0.5
vt 1 1
vt 0.875 1
vt 0.75 1
vt 0.875 0.5
vt 0.875 1
vt 0.875 0.5
vt 0.75 1
vt 0.75 0.5
vt 0.625 1
vt 0.75 0.5
vt 0.75 1
vt 0.75 0.5
vt 0.625 1
vt 0.625 0.5
vt 0.5 1
vt 0.625 0.5
vt 0.625 1
vt 0.625 0.5
vt 0.5 1
vt 0.5 0.5
vt 0.375 1
vt 0.5 0.5
vt 0.5 1
vt 0.5 0.5
vt 0.375 1
vt 0.375 0.5
vt 0.375 1
vt 0.25 0.5
vt 0.375 0.5
vt 0.25 0.5
vt 0.375 1
vt 0.25 1
vt 0.25 1
vt 0.125 0.5
vt 0.25 0.5
vt 0.125 0.5
vt 0.25 1
vt 0.125 1
vt 0.125 1
vt 0 0.5
vt 0.125 0.5
vt 0 0.5
vt 0.125 1
vt 0 1
vt 0.625 0.5
vt 0.375 0.75
vt 0.375 0.5
vt 0.375 0.75
vt 0.625 0.5
vt 0.625 0.75
vn 0.9999997608790875 0.0004889998812668338 0.0004889998812668338
vn 0.9999997608790875 0.0004889998812668338 0.0004889998812668338
vn 0.9999997608790875 0.0004889998812668338 0.0004889998812668338
vn 0.9999997608790875 0.0004889998812668338 0.0004889998812668338
vn 0.9999997608790875 0.0004889998812668338 0.0004889998812668338
vn 0.9999997608790875 0.0004889998812668338 0.0004889998812668338
vn 0.9999997608790875 0.0004889998812668338 0.0004889998812668338
vn 0.9999997608790875 0.0004889998812668338 0.0004889998812668338
vn 0.9999997608790875 0.0004889998812668338 0.0004889998812668338
vn 0.9999997608790875 0.0004889998812668338 0.0004889998812668338
vn 0.9999997608790875 0.0004889998812668338 0.0004889998812668338
vn 0.9999997608790875 0.0004889998812668338 0.0004889998812668338
vn 0.9999997608790875 0.0004889998812668338 0.0004889998812668338
vn 0.9999997608790875 0.0004889998812668338 0.0004889998812668338
vn 0.9999997608790875 0.0004889998812668338 0.0004889998812668338
vn 0.9999997608790875 0.0004889998812668338 0.0004889998812668338
vn 0.9999997608790875 0.0004889998812668338 0.0004889998812668338
vn 0.9999997608790875 0.0004889998812668338 0.0004889998812668338
vn 0.20857325737066135 0.6560041452640841 -0.7253659474404148
vn 0.20857325737066135 0.6560041452640841 -0.7253659474404148
vn 0.20857325737066135 0.6560041452640841 -0.7253659474404148
vn 0.20857325737066135 0.6560041452640841 0.7253659474404148
vn 0.20857325737066135 0.6560041452640841 0.7253659474404148
vn 0.20857325737066135 0.6560041452640841 0.7253659474404148
vn 0.20857325737066135 -0.6560041452640841 0.7253659474404148
vn 0.20857325737066135 -0.6560041452640841 0.7253659474404148
vn 0.20857325737066135 -0.6560041452640841 0.7253659474404148
vn 0.20857325737066135 -0.6560041452640841 -0.7253659474404148
vn 0.20857325737066135 -0.6560041452640841 -0.7253659474404148
vn 0.20857325737066135 -0.6560041452640841 -0.7253659474404148
vn -0.9999997608790875 -0.0004889998812668338 0.0004889998812668338
vn -0.7774723094057906 -0.6289169808807592 -0.0004891493201245226
vn -0.7774723094057906 -0.6289169808807592 -0.0004891493201245226
vn -0.7774723094057906 -0.6289169808807592 -0.0004891493201245226
vn -0.7774723094057906 -0.6289169808807592 -0.0004891493201245226
vn -0.7774723094057906 -0.6289169808807592 -0.0004891493201245226
vn -0.7774723094057906 -0.6289169808807592 -0.0004891493201245226
vn -0.9999997608790875 -0.0004889998812668338 0.0004889998812668338
vn -0.9999997608790875 0.0004889998812668338 0.0004889998812668338
vn -0.7774723094057906 0.6289169808807592 0.0004891493201245226
vn -0.9999997608790875 0.0004889998812668338 0.0004889998812668338
vn -0.9999997608790875 -0.0004889998812668338 0.0004889998812668338
vn -0.9999997608790875 0.0004889998812668338 0.0004889998812668338
vn -0.7774723094057906 0.6289169808807592 0.0004891493201245226
vn -0.7774723094057906 0.6289169808807592 0.0004891493201245226
vn -0.7774723094057906 0.6289169808807592 0.0004891493201245226
vn -0.7774723094057906 0.6289169808807592 0.0004891493201245226
vn -0.7774723094057906 0.6289169808807592 0.0004891493201245226
vn 0.7800892751331281 0.5124066354020071 -0.35902668816992606
vn 0.7566367278968622 0.5358491496486142 -0.3746552426143088
vn 0.7566367278968622 0.5358491496486142 -0.3746552426143088
vn 0.7566367278968622 0.5358491496486142 -0.3746552426143088
vn 0.7800892751331281 0.5124066354020071 -0.35902668816992606
vn 0.8013849251651677 0.4898162399628522 -0.34331072337850477
vn 0.8699580339044649 0.4039614398174127 -0.28282180677189794
vn 0.8013849251651677 0.4898162399628522 -0.34331072337850477
vn 0.7800892751331281 0.5124066354020071 -0.35902668816992606
vn 0.8013849251651677 0.4898162399628522 -0.34331072337850477
vn 0.8699580339044649 0.4039614398174127 -0.28282180677189794
vn 0.9107102313822183 0.3384032664780269 -0.2368334936041519
vn 0.9890928215625903 0.12064446465539502 -0.08450031645720123
vn 0.9107102313822183 0.3384032664780269 -0.2368334936041519
vn 0.8699580339044649 0.4039614398174127 -0.28282180677189794
vn 0.9107102313822183 0.3384032664780269 -0.2368334936041519
vn 0.9890928215625903 0.12064446465539502 -0.08450031645720123
vn 0.9994110892317434 -0.027856815961784062 0.020036779309350775
vn 0.960471681178886 -0.22803303193402502 0.15967180715574092
vn 0.9994110892317434 -0.027856815961784062 0.020036779309350775
vn 0.9890928215625903 0.12064446465539502 -0.08450031645720123
vn 0.9994110892317434 -0.027856815961784062 0.020036779309350775
vn 0.960471681178886 -0.22803303193402502 0.15967180715574092
vn 0.9419247379031908 -0.27491142044308514 0.1928769012504371
vn 0.7566367278968622 -0.5358491496486142 0.3746552426143088
vn 0.7800892751331281 -0.5124066354020071 0.35902668816992606
vn 0.7566367278968622 -0.5358491496486142 0.3746552426143088
vn 0.8013849251651677 -0.4898162399628522 0.34331072337850477
vn 0.7566367278968622 -0.5358491496486142 0.3746552426143088
vn 0.7800892751331281 -0.5124066354020071 0.35902668816992606
vn 0.7800892751331281 -0.5124066354020071 0.35902668816992606
vn 0.8699580339044649 -0.4039614398174127 0.28282180677189794
vn 0.8013849251651677 -0.4898162399628522 0.34331072337850477
vn 0.9107102313822183 -0.3384032664780269 0.2368334936041519
vn 0.8013849251651677 -0.4898162399628522 0.34331072337850477
vn 0.8699580339044649 -0.4039614398174127 0.28282180677189794
vn 0.9107102313822183 -0.3384032664780269 0.2368334936041519
vn 0.8699580339044649 -0.4039614398174127 0.28282180677189794
vn 0.9890928215625903 -0.12064446465539502 0.08450031645720123
vn 0.9994110892317434 0.027856815961784062 -0.020036779309350775
vn 0.9107102313822183 -0.3384032664780269 0.2368334936041519
vn 0.9890928215625903 -0.12064446465539502 0.08450031645720123
vn 0.9890928215625903 -0.12064446465539502 0.08450031645720123
vn 0.960395899534407 0.2282471022735229 -0.15982170209717186
vn 0.9994110892317434 0.027856815961784062 -0.020036779309350775
vn 0.9419247379031908 0.27491142044308514 -0.1928769012504371
vn 0.9994110892317434 0.027856815961784062 -0.020036779309350775
vn 0.960395899534407 0.2282471022735229 -0.15982170209717186
vn 0.7803150672783906 -0.5418715513234225 -0.3122236660547499
vn 0.7567141490900331 -0.5661918451114326 -0.3268187434898107
vn 0.8009132631540827 -0.5184674392019522 -0.2995487596222844
vn 0.7567141490900331 -0.5661918451114326 -0.3268187434898107
vn 0.7803150672783906 -0.5418715513234225 -0.3122236660547499
vn 0.7567141490900331 -0.5661918451114326 -0.3268187434898107
vn 0.8009132631540827 -0.5184674392019522 -0.2995487596222844
vn 0.8713375802826109 -0.4246734373249229 -0.24581149854691348
vn 0.7803150672783906 -0.5418715513234225 -0.3122236660547499
vn 0.8713375802826109 -0.4246734373249229 -0.24581149854691348
vn 0.8009132631540827 -0.5184674392019522 -0.2995487596222844
vn 0.9094711073174405 -0.3601721085344881 -0.20769775441397872
vn 0.9094711073174405 -0.3601721085344881 -0.20769775441397872
vn 0.9899289971415902 -0.12258072175517036 -0.07081346815561905
vn 0.8713375802826109 -0.4246734373249229 -0.24581149854691348
vn 0.9899289971415902 -0.12258072175517036 -0.07081346815561905
vn 0.9094711073174405 -0.3601721085344881 -0.20769775441397872
vn 0.9995895223142819 0.0249047733720754 0.0141611843710655
vn 0.9995895223142819 0.0249047733720754 0.0141611843710655
vn 0.9598963229655907 0.24278269960744572 0.14019846621293458
vn 0.9899289971415902 -0.12258072175517036 -0.07081346815561905
vn 0.9598963229655907 0.24278269960744572 0.14019846621293458
vn 0.9995895223142819 0.0249047733720754 0.0141611843710655
vn 0.9424940392638486 0.2897347639402348 0.16660958110688406
vn 0.7567141490900331 0.5661918451114326 0.3268187434898107
vn 0.7803150672783906 0.5418715513234225 0.3122236660547499
vn 0.7567141490900331 0.5661918451114326 0.3268187434898107
vn 0.7803150672783906 0.5418715513234225 0.3122236660547499
vn 0.7567141490900331 0.5661918451114326 0.3268187434898107
vn 0.8009132631540827 0.5184674392019522 0.2995487596222844
vn 0.8009132631540827 0.5184674392019522 0.2995487596222844
vn 0.8713375802826109 0.4246734373249229 0.24581149854691348
vn 0.7803150672783906 0.5418715513234225 0.3122236660547499
vn 0.8713375802826109 0.4246734373249229 0.24581149854691348
vn 0.8009132631540827 0.5184674392019522 0.2995487596222844
vn 0.9094711073174405 0.3601721085344881 0.20769775441397872
vn 0.9094711073174405 0.3601721085344881 0.20769775441397872
vn 0.9899289971415902 0.12258072175517036 0.07081346815561905
vn 0.8713375802826109 0.4246734373249229 0.24581149854691348
vn 0.9899289971415902 0.12258072175517036 0.07081346815561905
vn 0.9094711073174405 0.3601721085344881 0.20769775441397872
vn 0.9995895223142819 -0.0249047733720754 -0.0141611843710655
vn 0.9995895223142819 -0.0249047733720754 -0.0141611843710655
vn 0.9598963229655907 -0.24278269960744572 -0.14019846621293458
vn 0.9899289971415902 0.12258072175517036 0.07081346815561905
vn 0.9598963229655907 -0.24278269960744572 -0.14019846621293458
vn 0.9995895223142819 -0.0249047733720754 -0.0141611843710655
vn 0.9424940392638486 -0.2897347639402348 -0.16660958110688406
vn 0.015145782502399846 0.8193444582442361 -0.5731014430420229
vn 0.055175893601124966 0.8178692110356718 -0.5727526293306779
vn 0.015145782502399846 0.8193444582442361 -0.5731014430420229
vn 0.015145782502399846 0.8193444582442361 -0.5731014430420229
vn 0.055175893601124966 0.8178692110356718 -0.5727526293306779
vn 0.060089563394759016 0.8173152500687112 -0.5730488865499586
vn 0.055175893601124966 0.8178692110356718 -0.5727526293306779
vn 0.13631136395636517 0.811516490622729 -0.5682078822963701
vn 0.060089563394759016 0.8173152500687112 -0.5730488865499586
vn 0.060089563394759016 0.8173152500687112 -0.5730488865499586
vn 0.13631136395636517 0.811516490622729 -0.5682078822963701
vn 0.14703366980753693 0.8103970580442752 -0.5671311208672224
vn 0.13631136395636517 0.811516490622729 -0.5682078822963701
vn 0.2524450981465196 0.7924916257122747 -0.5551832990983341
vn 0.14703366980753693 0.8103970580442752 -0.5671311208672224
vn 0.14703366980753693 0.8103970580442752 -0.5671311208672224
vn 0.2524450981465196 0.7924916257122747 -0.5551832990983341
vn 0.29264643651887184 0.7831597124078014 -0.5486519188466727
vn 0.4499569997379426 0.7313627616564313 -0.5124911796793259
vn 0.29264643651887184 0.7831597124078014 -0.5486519188466727
vn 0.2524450981465196 0.7924916257122747 -0.5551832990983341
vn 0.29264643651887184 0.7831597124078014 -0.5486519188466727
vn 0.4499569997379426 0.7313627616564313 -0.5124911796793259
vn 0.5134855217171435 0.7030505338176513 -0.49198837982780524
vn 0.6279270927379608 0.637699855997338 -0.44614623148316135
vn 0.5134855217171435 0.7030505338176513 -0.49198837982780524
vn 0.4499569997379426 0.7313627616564313 -0.5124911796793259
vn 0.5134855217171435 0.7030505338176513 -0.49198837982780524
vn 0.6279270927379608 0.637699855997338 -0.44614623148316135
vn 0.6462678962310161 0.6247743783490133 -0.43817209228765425
vn 0.6674798631151164 0.6098621239896113 -0.42724562263258536
vn 0.6462678962310161 0.6247743783490133 -0.43817209228765425
vn 0.6279270927379608 0.637699855997338 -0.44614623148316135
vn 0.6462678962310161 0.6247743783490133 -0.43817209228765425
vn 0.6674798631151164 0.6098621239896113 -0.42724562263258536
vn 0.6674798631151164 0.6098621239896113 -0.42724562263258536
vn 0.015145782502399846 -0.8193444582442361 0.5731014430420229
vn 0.055175893601124966 -0.8178692110356718 0.5727526293306779
vn 0.015145782502399846 -0.8193444582442361 0.5731014430420229
vn 0.015145782502399846 -0.8193444582442361 0.5731014430420229
vn 0.055175893601124966 -0.8178692110356718 0.5727526293306779
vn 0.060089563394759016 -0.8173152500687112 0.5730488865499586
vn 0.055175893601124966 -0.8178692110356718 0.5727526293306779
vn 0.13631136395636517 -0.811516490622729 0.5682078822963701
vn 0.060089563394759016 -0.8173152500687112 0.5730488865499586
vn 0.060089563394759016 -0.8173152500687112 0.5730488865499586
vn 0.13631136395636517 -0.811516490622729 0.5682078822963701
vn 0.14703366980753693 -0.8103970580442752 0.5671311208672224
vn 0.13631136395636517 -0.811516490622729 0.5682078822963701
vn 0.2524450981465196 -0.7924916257122747 0.5551832990983341
vn 0.14703366980753693 -0.8103970580442752 0.5671311208672224
vn 0.14703366980753693 -0.8103970580442752 0.5671311208672224
vn 0.2524450981465196 -0.7924916257122747 0.5551832990983341
vn 0.29264643651887184 -0.7831597124078014 0.5486519188466727
vn 0.2524450981465196 -0.7924916257122747 0.5551832990983341
vn 0.4499569997379426 -0.7313627616564313 0.5124911796793259
vn 0.29264643651887184 -0.7831597124078014 0.5486519188466727
vn 0.5134855217171435 -0.7030505338176513 0.49198837982780524
vn 0.29264643651887184 -0.7831597124078014 0.5486519188466727
vn 0.4499569997379426 -0.7313627616564313 0.5124911796793259
vn 0.4499569997379426 -0.7313627616564313 0.5124911796793259
vn 0.6279270927379608 -0.637699855997338 0.44614623148316135
vn 0.5134855217171435 -0.7030505338176513 0.49198837982780524
vn 0.6462678962310161 -0.6247743783490133 0.43817209228765425
vn 0.5134855217171435 -0.7030505338176513 0.49198837982780524
vn 0.6279270927379608 -0.637699855997338 0.44614623148316135
vn 0.6279270927379608 -0.637699855997338 0.44614623148316135
vn 0.6674798631151164 -0.6098621239896113 0.42724562263258536
vn 0.6462678962310161 -0.6247743783490133 0.43817209228765425
vn 0.6674798631151164 -0.6098621239896113 0.42724562263258536
vn 0.6462678962310161 -0.6247743783490133 0.43817209228765425
vn 0.6674798631151164 -0.6098621239896113 0.42724562263258536
vn 0.015142528422073892 -0.8660618723334116 -0.4997074515387303
vn 0.05519347155364057 -0.8650196820118932 -0.49869292197694237
vn 0.015142528422073892 -0.8660618723334116 -0.4997074515387303
vn 0.05519347155364057 -0.8650196820118932 -0.49869292197694237
vn 0.015142528422073892 -0.8660618723334116 -0.4997074515387303
vn 0.059137545159436124 -0.8645801074042644 -0.499002994613606
vn 0.059137545159436124 -0.8645801074042644 -0.499002994613606
vn 0.1362831813575913 -0.8582419599949569 -0.49482080855908717
vn 0.05519347155364057 -0.8650196820118932 -0.49869292197694237
vn 0.1362831813575913 -0.8582419599949569 -0.49482080855908717
vn 0.059137545159436124 -0.8645801074042644 -0.499002994613606
vn 0.14705155130346112 -0.8564189398043494 -0.49489639400953384
vn 0.14705155130346112 -0.8564189398043494 -0.49489639400953384
vn 0.25255345395023154 -0.8377727042026254 -0.48410086654624823
vn 0.1362831813575913 -0.8582419599949569 -0.49482080855908717
vn 0.25255345395023154 -0.8377727042026254 -0.48410086654624823
vn 0.14705155130346112 -0.8564189398043494 -0.49489639400953384
vn 0.2905973879691161 -0.8288137684541483 -0.47814317450567106
vn 0.2905973879691161 -0.8288137684541483 -0.47814317450567106
vn 0.4508404457312679 -0.7732179735552314 -0.4459561165226612
vn 0.25255345395023154 -0.8377727042026254 -0.48410086654624823
vn 0.4508404457312679 -0.7732179735552314 -0.4459561165226612
vn 0.2905973879691161 -0.8288137684541483 -0.47814317450567106
vn 0.5104979091769122 -0.7449855508907521 -0.42940472015338127
vn 0.5104979091769122 -0.7449855508907521 -0.42940472015338127
vn 0.6284992659655856 -0.6734271183935332 -0.38921021170172615
vn 0.4508404457312679 -0.7732179735552314 -0.4459561165226612
vn 0.6284992659655856 -0.6734271183935332 -0.38921021170172615
vn 0.5104979091769122 -0.7449855508907521 -0.42940472015338127
vn 0.6456893241510823 -0.6613298802499918 -0.3817434821524138
vn 0.6456893241510823 -0.6613298802499918 -0.3817434821524138
vn 0.6680168243847304 -0.6445604524341819 -0.37188082163077846
vn 0.6284992659655856 -0.6734271183935332 -0.38921021170172615
vn 0.6680168243847304 -0.6445604524341819 -0.37188082163077846
vn 0.6456893241510823 -0.6613298802499918 -0.3817434821524138
vn 0.6680168243847304 -0.6445604524341819 -0.37188082163077846
vn 0.015142528422073892 0.8660618723334116 0.4997074515387303
vn 0.05519347155364057 0.8650196820118932 0.49869292197694237
vn 0.015142528422073892 0.8660618723334116 0.4997074515387303
vn 0.05519347155364057 0.8650196820118932 0.49869292197694237
vn 0.015142528422073892 0.8660618723334116 0.4997074515387303
vn 0.059137545159436124 0.8645801074042644 0.499002994613606
vn 0.059137545159436124 0.8645801074042644 0.499002994613606
vn 0.1362831813575913 0.8582419599949569 0.49482080855908717
vn 0.05519347155364057 0.8650196820118932 0.49869292197694237
vn 0.1362831813575913 0.8582419599949569 0.49482080855908717
vn 0.059137545159436124 0.8645801074042644 0.499002994613606
vn 0.14705155130346112 0.8564189398043494 0.49489639400953384
vn 0.14705155130346112 0.8564189398043494 0.49489639400953384
vn 0.25255345395023154 0.8377727042026254 0.48410086654624823
vn 0.1362831813575913 0.8582419599949569 0.49482080855908717
vn 0.25255345395023154 0.8377727042026254 0.48410086654624823
vn 0.14705155130346112 0.8564189398043494 0.49489639400953384
vn 0.2905973879691161 0.8288137684541483 0.47814317450567106
vn 0.2905973879691161 0.8288137684541483 0.47814317450567106
vn 0.4508404457312679 0.7732179735552314 0.4459561165226612
vn 0.25255345395023154 0.8377727042026254 0.48410086654624823
vn 0.4508404457312679 0.7732179735552314 0.4459561165226612
vn 0.2905973879691161 0.8288137684541483 0.47814317450567106
vn 0.5104979091769122 0.7449855508907521 0.42940472015338127
vn 0.5104979091769122 0.7449855508907521 0.42940472015338127
vn 0.6284992659655856 0.6734271183935332 0.38921021170172615
vn 0.4508404457312679 0.7732179735552314 0.4459561165226612
vn 0.6284992659655856 0.6734271183935332 0.38921021170172615
vn 0.5104979091769122 0.7449855508907521 0.42940472015338127
vn 0.6456893241510823 0.6613298802499918 0.3817434821524138
vn 0.6456893241510823 0.6613298802499918 0.3817434821524138
vn 0.6680168243847304 0.6445604524341819 0.37188082163077846
vn 0.6284992659655856 0.6734271183935332 0.38921021170172615
vn 0.6680168243847304 0.6445604524341819 0.37188082163077846
vn 0.6456893241510823 0.6613298802499918 0.3817434821524138
vn 0.6680168243847304 0.6445604524341819 0.37188082163077846
vn 0.42159049410892346 0.7850463025483257 0.45383230177257833
vn 0.4460638215995032 0.7753589327297441 0.44704092933000966
vn 0.42159049410892346 0.7850463025483257 0.45383230177257833
vn 0.4460638215995032 0.7753589327297441 0.44704092933000966
vn 0.42159049410892346 0.7850463025483257 0.45383230177257833
vn 0.4646595057444884 0.7666158943373649 0.44316093495547415
vn 0.4646595057444884 0.7666158943373649 0.44316093495547415
vn 0.545862347198673 0.7256984079752798 0.4188031979019498
vn 0.4460638215995032 0.7753589327297441 0.44704092933000966
vn 0.545862347198673 0.7256984079752798 0.4188031979019498
vn 0.4646595057444884 0.7666158943373649 0.44316093495547415
vn 0.591669188704916 0.6981801832507635 0.40307815973232375
vn 0.591669188704916 0.6981801832507635 0.40307815973232375
vn 0.7459660268848882 0.5769389454410013 0.3326802368145719
vn 0.545862347198673 0.7256984079752798 0.4188031979019498
vn 0.7459660268848882 0.5769389454410013 0.3326802368145719
vn 0.591669188704916 0.6981801832507635 0.40307815973232375
vn 0.8269975500022626 0.48701487140222366 0.28087642714071054
vn 0.8269975500022626 0.48701487140222366 0.28087642714071054
vn 0.9386748311701454 0.2985584596273659 0.17248886199587926
vn 0.7459660268848882 0.5769389454410013 0.3326802368145719
vn 0.9386748311701454 0.2985584596273659 0.17248886199587926
vn 0.8269975500022626 0.48701487140222366 0.28087642714071054
vn 0.9565352988026816 0.25243972545840493 0.14599454494928796
vn 0.9565352988026816 0.25243972545840493 0.14599454494928796
vn 0.9975924800972963 0.06006069788183245 0.03466924030423356
vn 0.9386748311701454 0.2985584596273659 0.17248886199587926
vn 0.9975924800972963 0.06006069788183245 0.03466924030423356
vn 0.9565352988026816 0.25243972545840493 0.14599454494928796
vn 0.9970115568544398 -0.06692314500104445 -0.0385907781970674
vn 0.9970115568544398 -0.06692314500104445 -0.0385907781970674
vn 0.9717175648064221 -0.20470086157846748 -0.1177392522301284
vn 0.9975924800972963 0.06006069788183245 0.03466924030423356
vn 0.9717175648064221 -0.20470086157846748 -0.1177392522301284
vn 0.9970115568544398 -0.06692314500104445 -0.0385907781970674
vn 0.9717175648064221 -0.20470086157846748 -0.1177392522301284
vn 0.4459678441018003 0.7331839308762286 -0.5133751119133785
vn 0.42148077289866986 0.7428411982841896 -0.5201354748605879
vn 0.42148077289866986 0.7428411982841896 -0.5201354748605879
vn 0.42148077289866986 0.7428411982841896 -0.5201354748605879
vn 0.4459678441018003 0.7331839308762286 -0.5133751119133785
vn 0.46573634959622795 0.7247509980166116 -0.5077653429869998
vn 0.5448777808891495 0.6865940013174664 -0.48134902227820814
vn 0.46573634959622795 0.7247509980166116 -0.5077653429869998
vn 0.4459678441018003 0.7331839308762286 -0.5133751119133785
vn 0.46573634959622795 0.7247509980166116 -0.5077653429869998
vn 0.5448777808891495 0.6865940013174664 -0.48134902227820814
vn 0.5926177353556333 0.66003872328986 -0.4616850696089836
vn 0.743384855981024 0.5478859176085175 -0.38366649213131065
vn 0.5926177353556333 0.66003872328986 -0.4616850696089836
vn 0.5448777808891495 0.6865940013174664 -0.48134902227820814
vn 0.5926177353556333 0.66003872328986 -0.4616850696089836
vn 0.743384855981024 0.5478859176085175 -0.38366649213131065
vn 0.830030649579715 0.4567856410650872 -0.3199937481811696
vn 0.9380836539227759 0.28372009473328297 -0.19875101531169628
vn 0.830030649579715 0.4567856410650872 -0.3199937481811696
vn 0.743384855981024 0.5478859176085175 -0.38366649213131065
vn 0.830030649579715 0.4567856410650872 -0.3199937481811696
vn 0.9380836539227759 0.28372009473328297 -0.19875101531169628
vn 0.9571270269950629 0.23696097469094346 -0.1666053740703176
vn 0.9972276417098342 0.06107471541055006 -0.04250776102505046
vn 0.9571270269950629 0.23696097469094346 -0.1666053740703176
vn 0.9380836539227759 0.28372009473328297 -0.19875101531169628
vn 0.9965693569156134 -0.06786997538287583 0.04736225605193074
vn 0.9571270269950629 0.23696097469094346 -0.1666053740703176
vn 0.9972276417098342 0.06107471541055006 -0.04250776102505046
vn 0.9716369406507104 -0.19393619963615363 0.13531594892552
vn 0.9965693569156134 -0.06786997538287583 0.04736225605193074
vn 0.9972276417098342 0.06107471541055006 -0.04250776102505046
vn 0.9965693569156134 -0.06786997538287583 0.04736225605193074
vn 0.9716369406507104 -0.19393619963615363 0.13531594892552
vn 0.9716369406507104 -0.19393619963615363 0.13531594892552
vn 0.42148077289866986 -0.7428411982841896 0.5201354748605879
vn 0.4459678441018003 -0.7331839308762286 0.5133751119133785
vn 0.42148077289866986 -0.7428411982841896 0.5201354748605879
vn 0.46573634959622795 -0.7247509980166116 0.5077653429869998
vn 0.42148077289866986 -0.7428411982841896 0.5201354748605879
vn 0.4459678441018003 -0.7331839308762286 0.5133751119133785
vn 0.4459678441018003 -0.7331839308762286 0.5133751119133785
vn 0.5448777808891495 -0.6865940013174664 0.48134902227820814
vn 0.46573634959622795 -0.7247509980166116 0.5077653429869998
vn 0.5926177353556333 -0.66003872328986 0.4616850696089836
vn 0.46573634959622795 -0.7247509980166116 0.5077653429869998
vn 0.5448777808891495 -0.6865940013174664 0.48134902227820814
vn 0.5926177353556333 -0.66003872328986 0.4616850696089836
vn 0.5448777808891495 -0.6865940013174664 0.48134902227820814
vn 0.743384855981024 -0.5478859176085175 0.38366649213131065
vn 0.8296597990031487 -0.45755813835570813 0.31985179058825564
vn 0.5926177353556333 -0.66003872328986 0.4616850696089836
vn 0.743384855981024 -0.5478859176085175 0.38366649213131065
vn 0.743384855981024 -0.5478859176085175 0.38366649213131065
vn 0.9380836539227759 -0.28372009473328297 0.19875101531169628
vn 0.8296597990031487 -0.45755813835570813 0.31985179058825564
vn 0.9571270269950629 -0.23696097469094346 0.1666053740703176
vn 0.8296597990031487 -0.45755813835570813 0.31985179058825564
vn 0.9380836539227759 -0.28372009473328297 0.19875101531169628
vn 0.9380836539227759 -0.28372009473328297 0.19875101531169628
vn 0.9972276417098342 -0.06107471541055006 0.04250776102505046
vn 0.9571270269950629 -0.23696097469094346 0.1666053740703176
vn 0.9965693569156134 0.06786997538287583 -0.04736225605193074
vn 0.9571270269950629 -0.23696097469094346 0.1666053740703176
vn 0.9972276417098342 -0.06107471541055006 0.04250776102505046
vn 0.9972276417098342 -0.06107471541055006 0.04250776102505046
vn 0.9716369406507104 0.19393619963615363 -0.13531594892552
vn 0.9965693569156134 0.06786997538287583 -0.04736225605193074
vn 0.9716369406507104 0.19393619963615363 -0.13531594892552
vn 0.9965693569156134 0.06786997538287583 -0.04736225605193074
vn 0.9716369406507104 0.19393619963615363 -0.13531594892552
vn 0.4460638215995032 -0.7753589327297441 -0.44704092933000966
vn 0.42159049410892346 -0.7850463025483257 -0.45383230177257833
vn 0.4646595057444884 -0.7666158943373649 -0.44316093495547415
vn 0.42159049410892346 -0.7850463025483257 -0.45383230177257833
vn 0.4460638215995032 -0.7753589327297441 -0.44704092933000966
vn 0.42159049410892346 -0.7850463025483257 -0.45383230177257833
vn 0.4646595057444884 -0.7666158943373649 -0.44316093495547415
vn 0.545862347198673 -0.7256984079752798 -0.4188031979019498
vn 0.4460638215995032 -0.7753589327297441 -0.44704092933000966
vn 0.545862347198673 -0.7256984079752798 -0.4188031979019498
vn 0.4646595057444884 -0.7666158943373649 -0.44316093495547415
vn 0.591669188704916 -0.6981801832507635 -0.40307815973232375
vn 0.591669188704916 -0.6981801832507635 -0.40307815973232375
vn 0.7459660268848882 -0.5769389454410013 -0.3326802368145719
vn 0.545862347198673 -0.7256984079752798 -0.4188031979019498
vn 0.7459660268848882 -0.5769389454410013 -0.3326802368145719
vn 0.591669188704916 -0.6981801832507635 -0.40307815973232375
vn 0.8269975500022626 -0.48701487140222366 -0.28087642714071054
vn 0.8269975500022626 -0.48701487140222366 -0.28087642714071054
vn 0.9386746694821732 -0.29855840820027923 -0.1724898309044566
vn 0.7459660268848882 -0.5769389454410013 -0.3326802368145719
vn 0.9386746694821732 -0.29855840820027923 -0.1724898309044566
vn 0.8269975500022626 -0.48701487140222366 -0.28087642714071054
vn 0.9565352988026816 -0.25243972545840493 -0.14599454494928796
vn 0.9565352988026816 -0.25243972545840493 -0.14599454494928796
vn 0.9975924800972963 -0.06006069788183245 -0.03466924030423356
vn 0.9386746694821732 -0.29855840820027923 -0.1724898309044566
vn 0.9975924800972963 -0.06006069788183245 -0.03466924030423356
vn 0.9565352988026816 -0.25243972545840493 -0.14599454494928796
vn 0.9970115568544398 0.06692314500104445 0.0385907781970674
vn 0.9970115568544398 0.06692314500104445 0.0385907781970674
vn 0.9717175648064221 0.20470086157846748 0.1177392522301284
vn 0.9975924800972963 -0.06006069788183245 -0.03466924030423356
vn 0.9717175648064221 0.20470086157846748 0.1177392522301284
vn 0.9970115568544398 0.06692314500104445 0.0385907781970674
vn 0.9717175648064221 0.20470086157846748 0.1177392522301284
vn 0.21061531413549225 0.8009247187858073 -0.5605004766184265
vn 0.23691674686721073 0.795747803536316 -0.5573651300727258
vn 0.21061531413549225 0.8009247187858073 -0.5605004766184265
vn 0.21061531413549225 0.8009247187858073 -0.5605004766184265
vn 0.23691674686721073 0.795747803536316 -0.5573651300727258
vn 0.2496991555310959 0.7930749674350083 -0.5555919615644364
vn 0.3297043728768234 0.77321760928215 -0.5416913837249925
vn 0.2496991555310959 0.7930749674350083 -0.5555919615644364
vn 0.23691674686721073 0.795747803536316 -0.5573651300727258
vn 0.2496991555310959 0.7930749674350083 -0.5555919615644364
vn 0.3297043728768234 0.77321760928215 -0.5416913837249925
vn 0.36692537826279836 0.7617003310459114 -0.5340209475959264
vn 0.5186280845271364 0.7004664225305438 -0.4902771673726764
vn 0.36692537826279836 0.7617003310459114 -0.5340209475959264
vn 0.3297043728768234 0.77321760928215 -0.5416913837249925
vn 0.36692537826279836 0.7617003310459114 -0.5340209475959264
vn 0.5186280845271364 0.7004664225305438 -0.4902771673726764
vn 0.6032821197279166 0.6531077701637822 -0.457712709642505
vn 0.7518354823747284 0.5398164896961917 -0.3786047607920966
vn 0.6032821197279166 0.6531077701637822 -0.457712709642505
vn 0.5186280845271364 0.7004664225305438 -0.4902771673726764
vn 0.6032821197279166 0.6531077701637822 -0.457712709642505
vn 0.7518354823747284 0.5398164896961917 -0.3786047607920966
vn 0.7821782222930037 0.5105410036614914 -0.35713458548686344
vn 0.8516213747190631 0.42947523950087485 -0.3004863603847593
vn 0.7821782222930037 0.5105410036614914 -0.35713458548686344
vn 0.7518354823747284 0.5398164896961917 -0.3786047607920966
vn 0.7821782222930037 0.5105410036614914 -0.35713458548686344
vn 0.8516213747190631 0.42947523950087485 -0.3004863603847593
vn 0.8848484902688508 0.38159416560998577 -0.26726212234687174
vn 0.8516213747190631 0.42947523950087485 -0.3004863603847593
vn 0.9174007036472421 0.326002450259724 -0.22825063279693475
vn 0.8848484902688508 0.38159416560998577 -0.26726212234687174
vn 0.9174007036472421 0.326002450259724 -0.22825063279693475
vn 0.8848484902688508 0.38159416560998577 -0.26726212234687174
vn 0.9174007036472421 0.326002450259724 -0.22825063279693475
vn 0.21061531413549225 -0.8009247187858073 0.5605004766184265
vn 0.23691674686721073 -0.795747803536316 0.5573651300727258
vn 0.21061531413549225 -0.8009247187858073 0.5605004766184265
vn 0.21061531413549225 -0.8009247187858073 0.5605004766184265
vn 0.23691674686721073 -0.795747803536316 0.5573651300727258
vn 0.2496991555310959 -0.7930749674350083 0.5555919615644364
vn 0.2496991555310959 -0.7930749674350083 0.5555919615644364
vn 0.23691674686721073 -0.795747803536316 0.5573651300727258
vn 0.3297043728768234 -0.77321760928215 0.5416913837249925
vn 0.36692537826279836 -0.7617003310459114 0.5340209475959264
vn 0.2496991555310959 -0.7930749674350083 0.5555919615644364
vn 0.3297043728768234 -0.77321760928215 0.5416913837249925
vn 0.36692537826279836 -0.7617003310459114 0.5340209475959264
vn 0.3297043728768234 -0.77321760928215 0.5416913837249925
vn 0.5186280845271364 -0.7004664225305438 0.4902771673726764
vn 0.6032821197279166 -0.6531077701637822 0.457712709642505
vn 0.36692537826279836 -0.7617003310459114 0.5340209475959264
vn 0.5186280845271364 -0.7004664225305438 0.4902771673726764
vn 0.5186280845271364 -0.7004664225305438 0.4902771673726764
vn 0.7518354823747284 -0.5398164896961917 0.3786047607920966
vn 0.6032821197279166 -0.6531077701637822 0.457712709642505
vn 0.7821782222930037 -0.5105410036614914 0.35713458548686344
vn 0.6032821197279166 -0.6531077701637822 0.457712709642505
vn 0.7518354823747284 -0.5398164896961917 0.3786047607920966
vn 0.7518354823747284 -0.5398164896961917 0.3786047607920966
vn 0.8516213747190631 -0.42947523950087485 0.3004863603847593
vn 0.7821782222930037 -0.5105410036614914 0.35713458548686344
vn 0.8848484902688508 -0.38159416560998577 0.26726212234687174
vn 0.7821782222930037 -0.5105410036614914 0.35713458548686344
vn 0.8516213747190631 -0.42947523950087485 0.3004863603847593
vn 0.8516213747190631 -0.42947523950087485 0.3004863603847593
vn 0.9174007036472421 -0.326002450259724 0.22825063279693475
vn 0.8848484902688508 -0.38159416560998577 0.26726212234687174
vn 0.9174007036472421 -0.326002450259724 0.22825063279693475
vn 0.8848484902688508 -0.38159416560998577 0.26726212234687174
vn 0.9174007036472421 -0.326002450259724 0.22825063279693475
vn 0.21053084842791922 -0.8465199268967325 -0.4889588686453812
vn 0.23682542773426557 -0.8413413977899015 -0.4858583838356781
vn 0.21053084842791922 -0.8465199268967325 -0.4889588686453812
vn 0.23682542773426557 -0.8413413977899015 -0.4858583838356781
vn 0.21053084842791922 -0.8465199268967325 -0.4889588686453812
vn 0.24960186758938863 -0.8386800135434295 -0.48406068067824143
vn 0.24960186758938863 -0.8386800135434295 -0.48406068067824143
vn 0.33064347573042063 -0.8170851391994908 -0.4722782731147555
vn 0.23682542773426557 -0.8413413977899015 -0.4858583838356781
vn 0.33064347573042063 -0.8170851391994908 -0.4722782731147555
vn 0.24960186758938863 -0.8386800135434295 -0.48406068067824143
vn 0.3659796641200971 -0.8057421949589914 -0.46565910354379164
vn 0.3659796641200971 -0.8057421949589914 -0.46565910354379164
vn 0.5199721822249581 -0.7396776775796234 -0.42720704933630216
vn 0.33064347573042063 -0.8170851391994908 -0.4722782731147555
vn 0.5199721822249581 -0.7396776775796234 -0.42720704933630216
vn 0.3659796641200971 -0.8057421949589914 -0.46565910354379164
vn 0.5994392725404735 -0.6932392433736105 -0.4001148709844859
vn 0.5994392725404735 -0.6932392433736105 -0.4001148709844859
vn 0.7528725566101718 -0.570151130173401 -0.32880176743025136
vn 0.5199721822249581 -0.7396776775796234 -0.42720704933630216
vn 0.7528725566101718 -0.570151130173401 -0.32880176743025136
vn 0.5994392725404735 -0.6932392433736105 -0.4001148709844859
vn 0.7811095599228458 -0.5407678175962135 -0.31215064127655767
vn 0.7811095599228458 -0.5407678175962135 -0.31215064127655767
vn 0.8528063067419501 -0.45206085302298 -0.2614620208467959
vn 0.7528725566101718 -0.570151130173401 -0.32880176743025136
vn 0.8528063067419501 -0.45206085302298 -0.2614620208467959
vn 0.7811095599228458 -0.5407678175962135 -0.31215064127655767
vn 0.8838425115130512 -0.405033647814671 -0.23403025227573257
vn 0.8838425115130512 -0.405033647814671 -0.23403025227573257
vn 0.917434221599746 -0.34458712529226265 -0.19893255671328092
vn 0.8528063067419501 -0.45206085302298 -0.2614620208467959
vn 0.917434221599746 -0.34458712529226265 -0.19893255671328092
vn 0.8838425115130512 -0.405033647814671 -0.23403025227573257
vn 0.917434221599746 -0.34458712529226265 -0.19893255671328092
vn 0.21053084842791922 0.8465199268967325 0.4889588686453812
vn 0.23682542773426557 0.8413413977899015 0.4858583838356781
vn 0.21053084842791922 0.8465199268967325 0.4889588686453812
vn 0.23682542773426557 0.8413413977899015 0.4858583838356781
vn 0.21053084842791922 0.8465199268967325 0.4889588686453812
vn 0.24960165550096844 0.8386803140589475 0.4840602693685584
vn 0.24960165550096844 0.8386803140589475 0.4840602693685584
vn 0.3307959500559423 0.8174619332832633 0.47151885122376186
vn 0.23682542773426557 0.8413413977899015 0.4858583838356781
vn 0.3307959500559423 0.8174619332832633 0.47151885122376186
vn 0.24960165550096844 0.8386803140589475 0.4840602693685584
vn 0.3659796641200971 0.8057421949589914 0.46565910354379164
vn 0.3659796641200971 0.8057421949589914 0.46565910354379164
vn 0.5199721822249581 0.7396776775796234 0.42720704933630216
vn 0.3307959500559423 0.8174619332832633 0.47151885122376186
vn 0.5199721822249581 0.7396776775796234 0.42720704933630216
vn 0.3659796641200971 0.8057421949589914 0.46565910354379164
vn 0.5994392725404735 0.6932392433736105 0.4001148709844859
vn 0.5994392725404735 0.6932392433736105 0.4001148709844859
vn 0.7528725566101718 0.570151130173401 0.32880176743025136
vn 0.5199721822249581 0.7396776775796234 0.42720704933630216
vn 0.7528725566101718 0.570151130173401 0.32880176743025136
vn 0.5994392725404735 0.6932392433736105 0.4001148709844859
vn 0.7811095599228458 0.5407678175962135 0.31215064127655767
vn 0.7811095599228458 0.5407678175962135 0.31215064127655767
vn 0.8528063067419501 0.45206085302298 0.2614620208467959
vn 0.7528725566101718 0.570151130173401 0.32880176743025136
vn 0.8528063067419501 0.45206085302298 0.2614620208467959
vn 0.7811095599228458 0.5407678175962135 0.31215064127655767
vn 0.8838425115130512 0.405033647814671 0.23403025227573257
vn 0.8838425115130512 0.405033647814671 0.23403025227573257
vn 0.917434221599746 0.34458712529226265 0.19893255671328092
vn 0.8528063067419501 0.45206085302298 0.2614620208467959
vn 0.917434221599746 0.34458712529226265 0.19893255671328092
vn 0.8838425115130512 0.405033647814671 0.23403025227573257
vn 0.917434221599746 0.34458712529226265 0.19893255671328092
vn 0.021017587897651 0.9399422402434798 0.3406858464994297
vn 0.11573611619276111 0.9254021399545129 0.3608822949054498
vn 0.01611654565951512 0.9401411755505606 0.3404039174134379
vn 0.11573611619276111 0.9254021399545129 0.3608822949054498
vn 0.021017587897651 0.9399422402434798 0.3406858464994297
vn 0.14508560437167572 0.916924241429678 0.37175274428404037
vn 0.01611654565951512 0.9401411755505606 0.3404039174134379
vn -0.029800125840551937 0.9452899782155024 0.3248673723001781
vn 0.021017587897651 0.9399422402434798 0.3406858464994297
vn 0.14508560437167572 0.916924241429678 0.37175274428404037
vn 0.2242607282611976 0.9024156129628114 0.3679037744311831
vn 0.11573611619276111 0.9254021399545129 0.3608822949054498
vn -0.029800125840551937 0.9452899782155024 0.3248673723001781
vn 0.01611654565951512 0.9401411755505606 0.3404039174134379
vn -0.029800125840551937 0.9452899782155024 0.3248673723001781
vn 0.2242607282611976 0.9024156129628114 0.3679037744311831
vn 0.14508560437167572 0.916924241429678 0.37175274428404037
vn 0.2359714093098855 0.905289959093713 0.35322455174068773
vn 0.2359714093098855 0.905289959093713 0.35322455174068773
vn 0.2584936170916842 0.9093693608703065 0.3259270093643481
vn 0.2242607282611976 0.9024156129628114 0.3679037744311831
vn 0.2584936170916842 0.9093693608703065 0.3259270093643481
vn 0.2359714093098855 0.905289959093713 0.35322455174068773
vn 0.2584936170916842 0.9093693608703065 0.3259270093643481
vn 0.03369048870139543 0.9428419922506786 0.33153269615504366
vn -0.029800125840551937 0.9452899782155024 0.3248673723001781
vn -0.029800125840551937 0.9452899782155024 0.3248673723001781
vn 0.03369048870139543 0.9428419922506786 0.33153269615504366
vn 0.032725640018915744 0.9431775281600594 0.33067383153075874
vn -0.029800125840551937 0.9452899782155024 0.3248673723001781
vn 0.03369048870139543 0.9428419922506786 0.33153269615504366
vn 0.12853679708263416 0.9232147690292134 0.36215022027064125
vn 0.032725640018915744 0.9431775281600594 0.33067383153075874
vn 0.12853679708263416 0.9232147690292134 0.36215022027064125
vn 0.03369048870139543 0.9428419922506786 0.33153269615504366
vn 0.14999764418941489 0.9161071648626358 0.3718176558811715
vn 0.12853679708263416 0.9232147690292134 0.36215022027064125
vn 0.14999764418941489 0.9161071648626358 0.3718176558811715
vn 0.18312087520342055 0.9048607554378559 0.38430945647116915
vn 0.021017587897651 -0.9399422402434798 -0.3406858464994297
vn 0.11573611619276111 -0.9254021399545129 -0.3608822949054498
vn 0.01611654565951512 -0.9401411755505606 -0.3404039174134379
vn 0.11573611619276111 -0.9254021399545129 -0.3608822949054498
vn 0.021017587897651 -0.9399422402434798 -0.3406858464994297
vn 0.14508560437167572 -0.916924241429678 -0.37175274428404037
vn 0.01611654565951512 -0.9401411755505606 -0.3404039174134379
vn -0.029800125840551937 -0.9452899782155024 -0.3248673723001781
vn 0.021017587897651 -0.9399422402434798 -0.3406858464994297
vn 0.14508560437167572 -0.916924241429678 -0.37175274428404037
vn 0.2242607282611976 -0.9024156129628114 -0.3679037744311831
vn 0.11573611619276111 -0.9254021399545129 -0.3608822949054498
vn -0.029800125840551937 -0.9452899782155024 -0.3248673723001781
vn 0.01611654565951512 -0.9401411755505606 -0.3404039174134379
vn -0.029800125840551937 -0.9452899782155024 -0.3248673723001781
vn 0.2242607282611976 -0.9024156129628114 -0.3679037744311831
vn 0.14508560437167572 -0.916924241429678 -0.37175274428404037
vn 0.2359714093098855 -0.905289959093713 -0.35322455174068773
vn 0.2359714093098855 -0.905289959093713 -0.35322455174068773
vn 0.2584936170916842 -0.9093693608703065 -0.3259270093643481
vn 0.2242607282611976 -0.9024156129628114 -0.3679037744311831
vn 0.2584936170916842 -0.9093693608703065 -0.3259270093643481
vn 0.2359714093098855 -0.905289959093713 -0.35322455174068773
vn 0.2584936170916842 -0.9093693608703065 -0.3259270093643481
vn 0.03369048870139543 -0.9428419922506786 -0.33153269615504366
vn -0.029800125840551937 -0.9452899782155024 -0.3248673723001781
vn -0.029800125840551937 -0.9452899782155024 -0.3248673723001781
vn 0.03369048870139543 -0.9428419922506786 -0.33153269615504366
vn 0.032725640018915744 -0.9431775281600594 -0.33067383153075874
vn -0.029800125840551937 -0.9452899782155024 -0.3248673723001781
vn 0.03369048870139543 -0.9428419922506786 -0.33153269615504366
vn 0.12853679708263416 -0.9232147690292134 -0.36215022027064125
vn 0.032725640018915744 -0.9431775281600594 -0.33067383153075874
vn 0.12853679708263416 -0.9232147690292134 -0.36215022027064125
vn 0.03369048870139543 -0.9428419922506786 -0.33153269615504366
vn 0.14999764418941489 -0.9161071648626358 -0.3718176558811715
vn 0.12853679708263416 -0.9232147690292134 -0.36215022027064125
vn 0.14999764418941489 -0.9161071648626358 -0.3718176558811715
vn 0.18328282142069305 -0.904683537099832 -0.38464932740433516
vn 0.1147999753810797 -0.8905562830199601 0.4401482391492394
vn 0.22224912558115922 -0.8670181592654677 0.445965063297934
vn 0.14698912699434735 -0.8804723119421577 0.45073573682222184
vn 0.22224912558115922 -0.8670181592654677 0.445965063297934
vn 0.23599905008110378 -0.8721708197840505 0.4285119712190479
vn 0.14698912699434735 -0.8804723119421577 0.45073573682222184
vn 0.22224912558115922 -0.8670181592654677 0.445965063297934
vn 0.2564991362666119 -0.8789365466968473 0.4020929494222735
vn 0.23599905008110378 -0.8721708197840505 0.4285119712190479
vn 0.23599905008110378 -0.8721708197840505 0.4285119712190479
vn 0.2564991362666119 -0.8789365466968473 0.4020929494222735
vn 0.2564991362666119 -0.8789365466968473 0.4020929494222735
vn 0.1147999753810797 -0.8905562830199601 0.4401482391492394
vn 0.14698912699434735 -0.8804723119421577 0.45073573682222184
vn 0.021012434486593182 -0.9064816008829703 0.42172216548053737
vn 0.0151368310707229 -0.9067515896360772 0.42139343971825616
vn 0.1147999753810797 -0.8905562830199601 0.4401482391492394
vn 0.021012434486593182 -0.9064816008829703 0.42172216548053737
vn -0.029809851713931943 -0.9133448792296408 0.40609420622041176
vn 0.0151368310707229 -0.9067515896360772 0.42139343971825616
vn 0.021012434486593182 -0.9064816008829703 0.42172216548053737
vn -0.029809851713931943 -0.9133448792296408 0.40609420622041176
vn -0.029809851713931943 -0.9133448792296408 0.40609420622041176
vn 0.0151368310707229 -0.9067515896360772 0.42139343971825616
vn -0.029809851713931943 -0.9133448792296408 0.40609420622041176
vn 0.03468656241282123 -0.9101529996627181 0.4128175863416405
vn -0.029809851713931943 -0.9133448792296408 0.40609420622041176
vn 0.03468656241282123 -0.9101529996627181 0.4128175863416405
vn -0.029809851713931943 -0.9133448792296408 0.40609420622041176
vn 0.030767344340949968 -0.9108031706358111 0.4116927918751541
vn 0.03468656241282123 -0.9101529996627181 0.4128175863416405
vn 0.030767344340949968 -0.9108031706358111 0.4116927918751541
vn 0.12747229964026763 -0.8883970199968314 0.4410232960798914
vn 0.1519598465732797 -0.8799967984576634 0.45001537721914303
vn 0.03468656241282123 -0.9101529996627181 0.4128175863416405
vn 0.12747229964026763 -0.8883970199968314 0.4410232960798914
vn 0.1519598465732797 -0.8799967984576634 0.45001537721914303
vn 0.12747229964026763 -0.8883970199968314 0.4410232960798914
vn 0.18316938616755574 -0.8679786361386841 0.4615864633823556
vn 0.22224912558115922 0.8670181592654677 -0.445965063297934
vn 0.2564991362666119 0.8789365466968473 -0.4020929494222735
vn 0.23599905008110378 0.8721708197840505 -0.4285119712190479
vn 0.2564991362666119 0.8789365466968473 -0.4020929494222735
vn 0.23599905008110378 0.8721708197840505 -0.4285119712190479
vn 0.2564991362666119 0.8789365466968473 -0.4020929494222735
vn 0.22224912558115922 0.8670181592654677 -0.445965063297934
vn 0.23599905008110378 0.8721708197840505 -0.4285119712190479
vn 0.14698912699434735 0.8804723119421577 -0.45073573682222184
vn 0.11484931883682395 0.8909390629325263 -0.43936001195332913
vn 0.22224912558115922 0.8670181592654677 -0.445965063297934
vn 0.14698912699434735 0.8804723119421577 -0.45073573682222184
vn 0.11484931883682395 0.8909390629325263 -0.43936001195332913
vn 0.14698912699434735 0.8804723119421577 -0.45073573682222184
vn 0.021012434486593182 0.9064816008829703 -0.42172216548053737
vn 0.015143056656999412 0.9071245250428521 -0.42058980479900254
vn 0.11484931883682395 0.8909390629325263 -0.43936001195332913
vn 0.021012434486593182 0.9064816008829703 -0.42172216548053737
vn -0.029809851713931943 0.9133448792296408 -0.40609420622041176
vn 0.015143056656999412 0.9071245250428521 -0.42058980479900254
vn 0.021012434486593182 0.9064816008829703 -0.42172216548053737
vn -0.029809851713931943 0.9133448792296408 -0.40609420622041176
vn -0.029809851713931943 0.9133448792296408 -0.40609420622041176
vn 0.015143056656999412 0.9071245250428521 -0.42058980479900254
vn -0.029809851713931943 0.9133448792296408 -0.40609420622041176
vn 0.03468656241282123 0.9101529996627181 -0.4128175863416405
vn -0.029809851713931943 0.9133448792296408 -0.40609420622041176
vn 0.03468656241282123 0.9101529996627181 -0.4128175863416405
vn -0.029809851713931943 0.9133448792296408 -0.40609420622041176
vn 0.030767344340949968 0.9108031706358111 -0.4116927918751541
vn 0.03468656241282123 0.9101529996627181 -0.4128175863416405
vn 0.030767344340949968 0.9108031706358111 -0.4116927918751541
vn 0.12747229964026763 0.8883970199968314 -0.4410232960798914
vn 0.15100499823356792 0.8801270826802886 -0.4500820023519766
vn 0.03468656241282123 0.9101529996627181 -0.4128175863416405
vn 0.12747229964026763 0.8883970199968314 -0.4410232960798914
vn 0.15100499823356792 0.8801270826802886 -0.4500820023519766
vn 0.12747229964026763 0.8883970199968314 -0.4410232960798914
vn 0.18316938616755574 0.8679786361386841 -0.4615864633823556
vn 0.0004889998812668338 0.0004889998812668338 -0.9999997608790875
vn 0.0004889835915144365 0.7605994846599496 -0.6492212140942919
vn 0.0004889998812668338 -0.0004889998812668338 -0.9999997608790875
vn 0.0004889998812668338 0.0004889998812668338 -0.9999997608790875
vn 0.0004889835915144365 -0.7605994846599496 -0.6492212140942919
vn 0.0004890806476273515 -0.7822489823028624 -0.6229657217586342
vn 0.11190876166702887 -0.021013090427403486 -0.993496290427318
vn 0.21248973466752719 -0.03663619750048675 -0.9764762678599155
vn 0.15483738612355408 -0.039563965410110195 -0.9871474441538372
vn 0.21248973466752719 -0.03663619750048675 -0.9764762678599155
vn 0.22514496081235935 -0.001465589635240948 -0.9743241753481345
vn 0.15483738612355408 -0.039563965410110195 -0.9871474441538372
vn 0.23496961939518687 0.026868041966130025 -0.9716313016171243
vn 0.22514496081235935 -0.001465589635240948 -0.9743241753481345
vn 0.21248973466752719 -0.03663619750048675 -0.9764762678599155
vn 0.22514496081235935 -0.001465589635240948 -0.9743241753481345
vn 0.23496961939518687 0.026868041966130025 -0.9716313016171243
vn 0.23496961939518687 0.026868041966130025 -0.9716313016171243
vn 0.11190876166702887 -0.021013090427403486 -0.993496290427318
vn 0.15483738612355408 -0.039563965410110195 -0.9871474441538372
vn 0.021977666170413468 0.0014656443172126267 -0.9997573876078321
vn 0.021977666170413468 0.0014656443172126267 -0.9997573876078321
vn 0.01514224729275021 0.0014658303343449443 -0.9998842751480573
vn 0.11190876166702887 -0.021013090427403486 -0.993496290427318
vn 0.021977666170413468 0.0014656443172126267 -0.9997573876078321
vn -0.029811518432637713 0.017104609260447035 -0.9994091783202653
vn 0.01514224729275021 0.0014658303343449443 -0.9998842751480573
vn -0.029811518432637713 0.017104609260447035 -0.9994091783202653
vn 0.021977666170413468 0.0014656443172126267 -0.9997573876078321
vn -0.029811005827848507 0.018081676210333634 -0.9993919936226009
vn -0.029811005827848507 0.018081676210333634 -0.9993919936226009
vn 0.038600286797861524 0.00928375251002817 -0.999211604115192
vn -0.029811518432637713 0.017104609260447035 -0.9994091783202653
vn 0.038600286797861524 0.00928375251002817 -0.999211604115192
vn -0.029811005827848507 0.018081676210333634 -0.9993919936226009
vn 0.023927745496325606 0.014161522396930883 -0.9996133824028489
vn 0.023927745496325606 0.014161522396930883 -0.9996133824028489
vn 0.12262121716469686 -0.02198357678974866 -0.9922100379720906
vn 0.038600286797861524 0.00928375251002817 -0.999211604115192
vn 0.15579654075605076 -0.038582734902284976 -0.9870353643390435
vn 0.038600286797861524 0.00928375251002817 -0.999211604115192
vn 0.12262121716469686 -0.02198357678974866 -0.9922100379720906
vn 0.15579654075605076 -0.038582734902284976 -0.9870353643390435
vn 0.12262121716469686 -0.02198357678974866 -0.9922100379720906
vn 0.1832399475494367 -0.05228482598904347 -0.981676840204237
vn 0.23496961939518687 -0.026868041966130025 0.9716313016171243
vn 0.22514496081235935 0.001465589635240948 0.9743241753481345
vn 0.21248973466752719 0.03663619750048675 0.9764762678599155
vn 0.22514496081235935 0.001465589635240948 0.9743241753481345
vn 0.23496961939518687 -0.026868041966130025 0.9716313016171243
vn 0.23496961939518687 -0.026868041966130025 0.9716313016171243
vn 0.21248973466752719 0.03663619750048675 0.9764762678599155
vn 0.22514496081235935 0.001465589635240948 0.9743241753481345
vn 0.15483738612355408 0.039563965410110195 0.9871474441538372
vn 0.11190876166702887 0.021013090427403486 0.993496290427318
vn 0.21248973466752719 0.03663619750048675 0.9764762678599155
vn 0.15483738612355408 0.039563965410110195 0.9871474441538372
vn 0.11190876166702887 0.021013090427403486 0.993496290427318
vn 0.15483738612355408 0.039563965410110195 0.9871474441538372
vn 0.021977666170413468 -0.0014656443172126267 0.9997573876078321
vn 0.021977666170413468 -0.0014656443172126267 0.9997573876078321
vn 0.01514224729275021 -0.0014658303343449443 0.9998842751480573
vn 0.11190876166702887 0.021013090427403486 0.993496290427318
vn 0.021977666170413468 -0.0014656443172126267 0.9997573876078321
vn -0.029811518432637713 -0.017104609260447035 0.9994091783202653
vn 0.01514224729275021 -0.0014658303343449443 0.9998842751480573
vn -0.029811518432637713 -0.017104609260447035 0.9994091783202653
vn 0.021977666170413468 -0.0014656443172126267 0.9997573876078321
vn -0.029811005827848507 -0.018081676210333634 0.9993919936226009
vn -0.029811005827848507 -0.018081676210333634 0.9993919936226009
vn 0.038600286797861524 -0.00928375251002817 0.999211604115192
vn -0.029811518432637713 -0.017104609260447035 0.9994091783202653
vn 0.038600286797861524 -0.00928375251002817 0.999211604115192
vn -0.029811005827848507 -0.018081676210333634 0.9993919936226009
vn 0.023927745496325606 -0.014161522396930883 0.9996133824028489
vn 0.023927745496325606 -0.014161522396930883 0.9996133824028489
vn 0.12262121716469686 0.02198357678974866 0.9922100379720906
vn 0.038600286797861524 -0.00928375251002817 0.999211604115192
vn 0.15579654075605076 0.038582734902284976 0.9870353643390435
vn 0.038600286797861524 -0.00928375251002817 0.999211604115192
vn 0.12262121716469686 0.02198357678974866 0.9922100379720906
vn 0.15579654075605076 0.038582734902284976 0.9870353643390435
vn 0.12262121716469686 0.02198357678974866 0.9922100379720906
vn 0.1832399475494367 0.05228482598904347 0.981676840204237
vn 0.021977494651565323 -0.08839985823657566 -0.9958425853480024
vn 0.11094181682036106 -0.06597843483350951 -0.991634387976495
vn 0.015142129089111679 -0.08841107762399564 -0.9959689740549212
vn 0.021977494651565323 -0.08839985823657566 -0.9958425853480024
vn 0.015142129089111679 -0.08841107762399564 -0.9959689740549212
vn -0.029799614492330522 -0.10405365737938824 -0.9941251527660294
vn 0.11094181682036106 -0.06597843483350951 -0.991634387976495
vn 0.021977494651565323 -0.08839985823657566 -0.9958425853480024
vn 0.15589503950776568 -0.04642598689609608 -0.9866819976048999
vn -0.029799614492330522 -0.10405365737938824 -0.9941251527660294
vn -0.029793500692455267 -0.10598587992125444 -0.9939211943478246
vn 0.021977494651565323 -0.08839985823657566 -0.9958425853480024
vn 0.15589503950776568 -0.04642598689609608 -0.9866819976048999
vn 0.21352944399325774 -0.047396309511112435 -0.9757862298642346
vn 0.11094181682036106 -0.06597843483350951 -0.991634387976495
vn -0.029793500692455267 -0.10598587992125444 -0.9939211943478246
vn -0.029799614492330522 -0.10405365737938824 -0.9941251527660294
vn 0.0386111234012274 -0.09628319171651202 -0.9946048100339031
vn 0.21352944399325774 -0.047396309511112435 -0.9757862298642346
vn 0.15589503950776568 -0.04642598689609608 -0.9866819976048999
vn 0.2271057457129641 -0.08156279628214846 -0.9704486027228826
vn 0.2271057457129641 -0.08156279628214846 -0.9704486027228826
vn 0.23893215621645245 -0.10798386380158445 -0.965013424717106
vn 0.21352944399325774 -0.047396309511112435 -0.9757862298642346
vn 0.23893215621645245 -0.10798386380158445 -0.965013424717106
vn 0.2271057457129641 -0.08156279628214846 -0.9704486027228826
vn 0.23893215621645245 -0.10798386380158445 -0.965013424717106
vn 0.0386111234012274 -0.09628319171651202 -0.9946048100339031
vn 0.023947666090695173 -0.10116906354811651 -0.9945809820570699
vn -0.029793500692455267 -0.10598587992125444 -0.9939211943478246
vn 0.0386111234012274 -0.09628319171651202 -0.9946048100339031
vn 0.12262951490704935 -0.06497909971511127 -0.9903230375356696
vn 0.023947666090695173 -0.10116906354811651 -0.9945809820570699
vn 0.12262951490704935 -0.06497909971511127 -0.9903230375356696
vn 0.0386111234012274 -0.09628319171651202 -0.9946048100339031
vn 0.15588059627136786 -0.04837622023040334 -0.986590584296395
vn 0.12262951490704935 -0.06497909971511127 -0.9903230375356696
vn 0.15588059627136786 -0.04837622023040334 -0.986590584296395
vn 0.18321039203055123 -0.03371083177019781 -0.9824955633861017
vn 0.021977494651565323 0.08839985823657566 0.9958425853480024
vn 0.11094181682036106 0.06597843483350951 0.991634387976495
vn 0.015142129089111679 0.08841107762399564 0.9959689740549212
vn 0.021977494651565323 0.08839985823657566 0.9958425853480024
vn 0.015142129089111679 0.08841107762399564 0.9959689740549212
vn -0.029799614492330522 0.10405365737938824 0.9941251527660294
vn 0.11094181682036106 0.06597843483350951 0.991634387976495
vn 0.021977494651565323 0.08839985823657566 0.9958425853480024
vn 0.15589503950776568 0.04642598689609608 0.9866819976048999
vn -0.029799614492330522 0.10405365737938824 0.9941251527660294
vn -0.029793500692455267 0.10598587992125444 0.9939211943478246
vn 0.021977494651565323 0.08839985823657566 0.9958425853480024
vn 0.15589503950776568 0.04642598689609608 0.9866819976048999
vn 0.21352944399325774 0.047396309511112435 0.9757862298642346
vn 0.11094181682036106 0.06597843483350951 0.991634387976495
vn -0.029793500692455267 0.10598587992125444 0.9939211943478246
vn -0.029799614492330522 0.10405365737938824 0.9941251527660294
vn 0.0386111234012274 0.09628319171651202 0.9946048100339031
vn 0.21352944399325774 0.047396309511112435 0.9757862298642346
vn 0.15589503950776568 0.04642598689609608 0.9866819976048999
vn 0.2271057457129641 0.08156279628214846 0.9704486027228826
vn 0.2271057457129641 0.08156279628214846 0.9704486027228826
vn 0.23893215621645245 0.10798386380158445 0.965013424717106
vn 0.21352944399325774 0.047396309511112435 0.9757862298642346
vn 0.23893215621645245 0.10798386380158445 0.965013424717106
vn 0.2271057457129641 0.08156279628214846 0.9704486027228826
vn 0.23893215621645245 0.10798386380158445 0.965013424717106
vn 0.0386111234012274 0.09628319171651202 0.9946048100339031
vn 0.023947666090695173 0.10116906354811651 0.9945809820570699
vn -0.029793500692455267 0.10598587992125444 0.9939211943478246
vn 0.0386111234012274 0.09628319171651202 0.9946048100339031
vn 0.12262951490704935 0.06497909971511127 0.9903230375356696
vn 0.023947666090695173 0.10116906354811651 0.9945809820570699
vn 0.12262951490704935 0.06497909971511127 0.9903230375356696
vn 0.0386111234012274 0.09628319171651202 0.9946048100339031
vn 0.15588789182136398 0.04740117318181962 0.986636758875564
vn 0.12262951490704935 0.06497909971511127 0.9903230375356696
vn 0.15588789182136398 0.04740117318181962 0.986636758875564
vn 0.18321039203055123 0.03371083177019781 0.9824955633861017
vn 0.0004889998812668338 0.9999997608790875 0.0004889998812668338
vn 0.0004890806476273515 0.7822489823028624 0.6229657217586342
vn 0.0004889835915144365 0.7605994846599496 0.6492212140942919
vn -0.0004889998812668338 0.0004889998812668338 0.9999997608790875
vn 0.0004889835915144365 0.7605994846599496 0.6492212140942919
vn 0.0004890806476273515 0.7822489823028624 0.6229657217586342
vn 0.0004889835915144365 0.7605994846599496 0.6492212140942919
vn -0.0004889998812668338 0.0004889998812668338 0.9999997608790875
vn -0.0004889998812668338 0.0004889998812668338 0.9999997608790875
vn 0.0004890806476273515 0.7822489823028624 -0.6229657217586342
vn 0.0004889998812668338 0.9999997608790875 0.0004889998812668338
vn 0.0004889998812668338 0.9999997608790875 0.0004889998812668338
vn -0.9670159202764644 0.2086486861345728 -0.1461024835729323
vn -0.9674131152467526 0.20754700234804468 -0.14503829240898491
vn -0.9664816372787038 0.21048680536189357 -0.1469984679226974
vn -0.9674131152467526 0.20754700234804468 -0.14503829240898491
vn -0.9670159202764644 0.2086486861345728 -0.1461024835729323
vn -0.9674131152467526 0.20754700234804468 -0.14503829240898491
vn -0.9664816372787038 0.21048680536189357 -0.1469984679226974
vn -0.9660782124522531 0.2115890634104559 -0.14806402557726642
vn -0.9670159202764644 0.2086486861345728 -0.1461024835729323
vn -0.9660782124522531 0.2115890634104559 -0.14806402557726642
vn -0.9664816372787038 0.21048680536189357 -0.1469984679226974
vn -0.9660782124522531 0.2115890634104559 -0.14806402557726642
vn -0.9674131152467526 -0.20754700234804468 0.14503829240898491
vn -0.9670159202764644 -0.2086486861345728 0.1461024835729323
vn -0.9674131152467526 -0.20754700234804468 0.14503829240898491
vn -0.9670159202764644 -0.2086486861345728 0.1461024835729323
vn -0.9674131152467526 -0.20754700234804468 0.14503829240898491
vn -0.9664816372787038 -0.21048680536189357 0.1469984679226974
vn -0.9664816372787038 -0.21048680536189357 0.1469984679226974
vn -0.9660783553017399 -0.21158909469714549 0.14806304880937612
vn -0.9670159202764644 -0.2086486861345728 0.1461024835729323
vn -0.9660783553017399 -0.21158909469714549 0.14806304880937612
vn -0.9664816372787038 -0.21048680536189357 0.1469984679226974
vn -0.9660783553017399 -0.21158909469714549 0.14806304880937612
vn -0.9665007883904221 -0.22221257119079119 -0.12844375907559777
vn -0.9674306488342928 -0.21927080835081575 -0.126484197832137
vn -0.9670399336847533 -0.22038100241055839 -0.1275381528622152
vn -0.9674306488342928 -0.21927080835081575 -0.126484197832137
vn -0.9670399336847533 -0.22038100241055839 -0.1275381528622152
vn -0.9674306488342928 -0.21927080835081575 -0.126484197832137
vn -0.9661039793638828 -0.223323342452623 -0.12949820760558386
vn -0.9665007883904221 -0.22221257119079119 -0.12844375907559777
vn -0.9670399336847533 -0.22038100241055839 -0.1275381528622152
vn -0.9661039793638828 -0.223323342452623 -0.12949820760558386
vn -0.9665007883904221 -0.22221257119079119 -0.12844375907559777
vn -0.9661039793638828 -0.223323342452623 -0.12949820760558386
vn -0.9674306488342928 0.21927080835081575 0.126484197832137
vn -0.9670399336847533 0.22038100241055839 0.1275381528622152
vn -0.9674306488342928 0.21927080835081575 0.126484197832137
vn -0.9674306488342928 0.21927080835081575 0.126484197832137
vn -0.9670399336847533 0.22038100241055839 0.1275381528622152
vn -0.9665010027480876 0.22221162238610145 0.12844378756280095
vn -0.9670399336847533 0.22038100241055839 0.1275381528622152
vn -0.9661041948339563 0.22332239357226627 0.1294982364875561
vn -0.9665010027480876 0.22221162238610145 0.12844378756280095
vn -0.9661041948339563 0.22332239357226627 0.1294982364875561
vn -0.9665010027480876 0.22221162238610145 0.12844378756280095
vn -0.9661041948339563 0.22332239357226627 0.1294982364875561
vn -0.0004888396316943572 0.5738227821251768 0.8189793500143556
vn -0.0004888396316943572 0.5738227821251768 0.8189793500143556
vn -0.0004888396316943572 0.5738227821251768 0.8189793500143556
vn -0.0004888396316943572 0.5738227821251768 0.8189793500143556
vn -0.0004888396316943572 0.5738227821251768 0.8189793500143556
vn -0.0004888396316943572 0.5738227821251768 0.8189793500143556
vn -0.0004888396316943572 0.5738227821251768 0.8189793500143556
vn -0.0004888396316943572 0.5738227821251768 0.8189793500143556
vn -0.0004888396316943572 0.5738227821251768 0.8189793500143556
vn -0.0004888396316943572 0.5738227821251768 0.8189793500143556
vn -0.0004888396316943572 0.5738227821251768 0.8189793500143556
vn -0.0004888396316943572 0.5738227821251768 0.8189793500143556
vn -0.0004888396316943572 0.5738227821251768 0.8189793500143556
vn -0.0004888396316943572 0.5738227821251768 0.8189793500143556
vn -0.0004888396316943572 0.5738227821251768 0.8189793500143556
vn -0.0004888396316943572 0.5738227821251768 0.8189793500143556
vn -0.0004888396316943572 0.5738227821251768 0.8189793500143556
vn -0.0004888396316943572 0.5738227821251768 0.8189793500143556
vn -0.0004888396316943572 0.5738227821251768 0.8189793500143556
vn -0.0004888396316943572 0.5738227821251768 0.8189793500143556
vn -0.0004888396316943572 0.5738227821251768 0.8189793500143556
vn -0.0004888396316943572 0.5738227821251768 0.8189793500143556
vn -0.0004888396316943572 0.5738227821251768 0.8189793500143556
vn -0.0004888396316943572 0.5738227821251768 0.8189793500143556
vn -0.0004888396316943572 0.5738227821251768 0.8189793500143556
vn -0.0004888396316943572 0.5738227821251768 0.8189793500143556
vn -0.0004888396316943572 0.5738227821251768 0.8189793500143556
vn 0.0004888396316943572 -0.5738227821251768 -0.8189793500143556
vn 0.0004888396316943572 -0.5738227821251768 -0.8189793500143556
vn 0.0004888396316943572 -0.5738227821251768 -0.8189793500143556
vn 0.0004888396316943572 -0.5738227821251768 -0.8189793500143556
vn 0.0004888396316943572 -0.5738227821251768 -0.8189793500143556
vn 0.0004888396316943572 -0.5738227821251768 -0.8189793500143556
vn 0.0004888396316943572 -0.5738227821251768 -0.8189793500143556
vn 0.0004888396316943572 -0.5738227821251768 -0.8189793500143556
vn 0.0004888396316943572 -0.5738227821251768 -0.8189793500143556
vn 0.0004888396316943572 -0.5738227821251768 -0.8189793500143556
vn 0.0004888396316943572 -0.5738227821251768 -0.8189793500143556
vn 0.0004888396316943572 -0.5738227821251768 -0.8189793500143556
vn 0.0004888396316943572 -0.5738227821251768 -0.8189793500143556
vn 0.0004888396316943572 -0.5738227821251768 -0.8189793500143556
vn 0.0004888396316943572 -0.5738227821251768 -0.8189793500143556
vn 0.0004888396316943572 -0.5738227821251768 -0.8189793500143556
vn 0.0004888396316943572 -0.5738227821251768 -0.8189793500143556
vn 0.0004888396316943572 -0.5738227821251768 -0.8189793500143556
vn 0.0004888396316943572 -0.5738227821251768 -0.8189793500143556
vn 0.0004888396316943572 -0.5738227821251768 -0.8189793500143556
vn 0.0004888396316943572 -0.5738227821251768 -0.8189793500143556
vn 0.0004888396316943572 -0.5738227821251768 -0.8189793500143556
vn 0.0004888396316943572 -0.5738227821251768 -0.8189793500143556
vn 0.0004888396316943572 -0.5738227821251768 -0.8189793500143556
vn 0.0004888396316943572 -0.5738227821251768 -0.8189793500143556
vn 0.0004888396316943572 -0.5738227821251768 -0.8189793500143556
vn 0.0004888396316943572 -0.5738227821251768 -0.8189793500143556
vn 0.0004889998812668338 0.9999997608790875 0.0004889998812668338
vn 0.0004889835915144365 0.7605994846599496 0.6492212140942919
vn 0.0004889998812668338 0.9999997608790875 0.0004889998812668338
vn 0.0004890806476273515 0.7822489823028624 -0.6229657217586342
vn 0.0004889998812668338 0.9999997608790875 0.0004889998812668338
vn 0.0004889835915144365 0.7605994846599496 -0.6492212140942919
vn 0.0004889998812668338 0.0004889998812668338 -0.9999997608790875
vn 0.0004890806476273515 0.7822489823028624 -0.6229657217586342
vn 0.0004889835915144365 0.7605994846599496 -0.6492212140942919
vn 0.0004889835915144365 -0.7605994846599496 -0.6492212140942919
vn 0.0004889998812668338 0.0004889998812668338 -0.9999997608790875
vn 0.0004889998812668338 -0.0004889998812668338 -0.9999997608790875
vn -0.0004889998812668338 -0.9999997608790875 -0.0004889998812668338
vn 0.0004890806476273515 -0.7822489823028624 -0.6229657217586342
vn 0.0004889835915144365 -0.7605994846599496 -0.6492212140942919
vn 0.0004890806476273515 -0.7822489823028624 -0.6229657217586342
vn -0.0004889998812668338 -0.9999997608790875 -0.0004889998812668338
vn -0.0004889998812668338 -0.9999997608790875 0.0004889998812668338
vn -0.0004889835915144365 -0.7605994846599496 0.6492212140942919
vn -0.0004889998812668338 -0.9999997608790875 0.0004889998812668338
vn -0.0004889998812668338 -0.9999997608790875 -0.0004889998812668338
vn -0.0004889998812668338 -0.9999997608790875 0.0004889998812668338
vn -0.0004889835915144365 -0.7605994846599496 0.6492212140942919
vn -0.0004890806476273515 -0.7822489823028624 0.6229657217586342
vn -0.0004889998812668338 0.0004889998812668338 0.9999997608790875
vn -0.0004890806476273515 -0.7822489823028624 0.6229657217586342
vn -0.0004889835915144365 -0.7605994846599496 0.6492212140942919
vn -0.0004889998812668338 0.0004889998812668338 0.9999997608790875
vn -0.0004889835915144365 -0.7605994846599496 0.6492212140942919
vn -0.0004889998812668338 0.0004889998812668338 0.9999997608790875
vn -0.0004888396316943572 0.5738227821251768 0.8189793500143556
vn -0.0004888396316943572 0.5738227821251768 0.8189793500143556
vn -0.0004888396316943572 0.5738227821251768 0.8189793500143556
vn -0.0004888396316943572 0.5738227821251768 0.8189793500143556
vn -0.0004888396316943572 0.5738227821251768 0.8189793500143556
vn -0.0004888396316943572 0.5738227821251768 0.8189793500143556
vn -0.0004888396316943572 0.5738227821251768 0.8189793500143556
vn -0.0004888396316943572 0.5738227821251768 0.8189793500143556
vn -0.0004888396316943572 0.5738227821251768 0.8189793500143556
vn -0.0004888396316943572 0.5738227821251768 0.8189793500143556
vn -0.0004888396316943572 0.5738227821251768 0.8189793500143556
vn -0.0004888396316943572 0.5738227821251768 0.8189793500143556
vn -0.0004888396316943572 0.5738227821251768 0.8189793500143556
vn -0.0004888396316943572 0.5738227821251768 0.8189793500143556
vn -0.0004888396316943572 0.5738227821251768 0.8189793500143556
vn -0.0004888396316943572 0.5738227821251768 0.8189793500143556
vn -0.0004888396316943572 0.5738227821251768 0.8189793500143556
vn -0.0004888396316943572 0.5738227821251768 0.8189793500143556
vn -0.0004888396316943572 0.5738227821251768 0.8189793500143556
vn -0.0004888396316943572 0.5738227821251768 0.8189793500143556
vn -0.0004888396316943572 0.5738227821251768 0.8189793500143556
vn -0.9303190751209419 -0.30033962683313997 0.21048165482969142
vn -0.9294479143714504 -0.3023272968067204 0.2114823398681375
vn -0.9307826799515353 -0.29951212493842594 0.2096093741155355
vn -0.9294479143714504 -0.3023272968067204 0.2114823398681375
vn -0.9303190751209419 -0.30033962683313997 0.21048165482969142
vn -0.9294479143714504 -0.3023272968067204 0.2114823398681375
vn -0.9307826799515353 -0.29951212493842594 0.2096093741155355
vn -0.9313748298519687 -0.29841160468871936 0.20854601531872943
vn -0.9303190751209419 -0.30033962683313997 0.21048165482969142
vn -0.9313748298519687 -0.29841160468871936 0.20854601531872943
vn -0.9307826799515353 -0.29951212493842594 0.2096093741155355
vn -0.9313748298519687 -0.29841160468871936 0.20854601531872943
vn 0.0004888396316943572 0.5738227821251768 0.8189793500143556
vn 0.0004888396316943572 0.5738227821251768 0.8189793500143556
vn 0.0004888396316943572 0.5738227821251768 0.8189793500143556
vn 0.0004888396316943572 0.5738227821251768 0.8189793500143556
vn 0.0004888396316943572 0.5738227821251768 0.8189793500143556
vn 0.0004888396316943572 0.5738227821251768 0.8189793500143556
vn 0.0004888396316943572 0.5738227821251768 0.8189793500143556
vn 0.0004888396316943572 0.5738227821251768 0.8189793500143556
vn 0.0004888396316943572 0.5738227821251768 0.8189793500143556
vn 0.0004888396316943572 0.5738227821251768 0.8189793500143556
vn 0.0004888396316943572 0.5738227821251768 0.8189793500143556
vn 0.0004888396316943572 0.5738227821251768 0.8189793500143556
vn 0.0004888396316943572 0.5738227821251768 0.8189793500143556
vn 0.0004888396316943572 0.5738227821251768 0.8189793500143556
vn 0.0004888396316943572 0.5738227821251768 0.8189793500143556
vn 0.0004888396316943572 0.5738227821251768 0.8189793500143556
vn 0.0004888396316943572 0.5738227821251768 0.8189793500143556
vn 0.0004888396316943572 0.5738227821251768 0.8189793500143556
vn 0.0004888396316943572 0.5738227821251768 0.8189793500143556
vn 0.0004888396316943572 0.5738227821251768 0.8189793500143556
vn 0.0004888396316943572 0.5738227821251768 0.8189793500143556
vn 0.0004888396316943572 0.5738227821251768 0.8189793500143556
vn 0.0004888396316943572 0.5738227821251768 0.8189793500143556
vn 0.0004888396316943572 0.5738227821251768 0.8189793500143556
vn 0.0004888396316943572 0.5738227821251768 0.8189793500143556
vn 0.0004888396316943572 0.5738227821251768 0.8189793500143556
vn 0.0004888396316943572 0.5738227821251768 0.8189793500143556
vn 0.0004888396316943572 0.5738227821251768 0.8189793500143556
vn 0.0004888396316943572 0.5738227821251768 0.8189793500143556
vn 0.0004888396316943572 0.5738227821251768 0.8189793500143556
vn 0.0004888396316943572 0.5738227821251768 0.8189793500143556
vn 0.0004888396316943572 0.5738227821251768 0.8189793500143556
vn 0.0004888396316943572 0.5738227821251768 0.8189793500143556
vn 0.0004888396316943572 0.5738227821251768 0.8189793500143556
vn 0.0004888396316943572 0.5738227821251768 0.8189793500143556
vn 0.0004888396316943572 0.5738227821251768 0.8189793500143556
vn 0.0004888396316943572 0.5738227821251768 0.8189793500143556
vn 0.0004888396316943572 0.5738227821251768 0.8189793500143556
vn 0.0004888396316943572 0.5738227821251768 0.8189793500143556
vn 0.0004888396316943572 0.5738227821251768 0.8189793500143556
vn 0.0004888396316943572 0.5738227821251768 0.8189793500143556
vn 0.0004888396316943572 0.5738227821251768 0.8189793500143556
vn 0.0004888396316943572 -0.5738227821251768 -0.8189793500143556
vn 0.0004888396316943572 -0.5738227821251768 -0.8189793500143556
vn 0.0004888396316943572 -0.5738227821251768 -0.8189793500143556
vn 0.0004888396316943572 -0.5738227821251768 -0.8189793500143556
vn 0.0004888396316943572 -0.5738227821251768 -0.8189793500143556
vn 0.0004888396316943572 -0.5738227821251768 -0.8189793500143556
vn 0.0004888396316943572 -0.5738227821251768 -0.8189793500143556
vn 0.0004888396316943572 -0.5738227821251768 -0.8189793500143556
vn 0.0004888396316943572 -0.5738227821251768 -0.8189793500143556
vn 0.0004888396316943572 -0.5738227821251768 -0.8189793500143556
vn 0.0004888396316943572 -0.5738227821251768 -0.8189793500143556
vn 0.0004888396316943572 -0.5738227821251768 -0.8189793500143556
vn 0.0004888396316943572 -0.5738227821251768 -0.8189793500143556
vn 0.0004888396316943572 -0.5738227821251768 -0.8189793500143556
vn 0.0004888396316943572 -0.5738227821251768 -0.8189793500143556
vn 0.0004888396316943572 -0.5738227821251768 -0.8189793500143556
vn 0.0004888396316943572 -0.5738227821251768 -0.8189793500143556
vn 0.0004888396316943572 -0.5738227821251768 -0.8189793500143556
vn 0.0004888396316943572 -0.5738227821251768 -0.8189793500143556
vn 0.0004888396316943572 -0.5738227821251768 -0.8189793500143556
vn 0.0004888396316943572 -0.5738227821251768 -0.8189793500143556
vn -0.9294479143714504 0.3023272968067204 -0.2114823398681375
vn -0.9303190751209419 0.30033962683313997 -0.21048165482969142
vn -0.9294479143714504 0.3023272968067204 -0.2114823398681375
vn -0.9303190751209419 0.30033962683313997 -0.21048165482969142
vn -0.9294479143714504 0.3023272968067204 -0.2114823398681375
vn -0.9307826799515353 0.29951212493842594 -0.2096093741155355
vn -0.9307826799515353 0.29951212493842594 -0.2096093741155355
vn -0.9313748298519687 0.29841160468871936 -0.20854601531872943
vn -0.9303190751209419 0.30033962683313997 -0.21048165482969142
vn -0.9313748298519687 0.29841160468871936 -0.20854601531872943
vn -0.9307826799515353 0.29951212493842594 -0.2096093741155355
vn -0.9313748298519687 0.29841160468871936 -0.20854601531872943
vn -0.0004888396316943572 -0.5738227821251768 -0.8189793500143556
vn -0.0004888396316943572 -0.5738227821251768 -0.8189793500143556
vn -0.0004888396316943572 -0.5738227821251768 -0.8189793500143556
vn -0.0004888396316943572 -0.5738227821251768 -0.8189793500143556
vn -0.0004888396316943572 -0.5738227821251768 -0.8189793500143556
vn -0.0004888396316943572 -0.5738227821251768 -0.8189793500143556
vn -0.0004888396316943572 -0.5738227821251768 -0.8189793500143556
vn -0.0004888396316943572 -0.5738227821251768 -0.8189793500143556
vn -0.0004888396316943572 -0.5738227821251768 -0.8189793500143556
vn -0.0004888396316943572 -0.5738227821251768 -0.8189793500143556
vn -0.0004888396316943572 -0.5738227821251768 -0.8189793500143556
vn -0.0004888396316943572 -0.5738227821251768 -0.8189793500143556
vn -0.0004888396316943572 -0.5738227821251768 -0.8189793500143556
vn -0.0004888396316943572 -0.5738227821251768 -0.8189793500143556
vn -0.0004888396316943572 -0.5738227821251768 -0.8189793500143556
vn -0.0004888396316943572 -0.5738227821251768 -0.8189793500143556
vn -0.0004888396316943572 -0.5738227821251768 -0.8189793500143556
vn -0.0004888396316943572 -0.5738227821251768 -0.8189793500143556
vn -0.0004888396316943572 -0.5738227821251768 -0.8189793500143556
vn -0.0004888396316943572 -0.5738227821251768 -0.8189793500143556
vn -0.0004888396316943572 -0.5738227821251768 -0.8189793500143556
vn -0.0004888396316943572 -0.5738227821251768 -0.8189793500143556
vn -0.0004888396316943572 -0.5738227821251768 -0.8189793500143556
vn -0.0004888396316943572 -0.5738227821251768 -0.8189793500143556
vn -0.0004888396316943572 -0.5738227821251768 -0.8189793500143556
vn -0.0004888396316943572 -0.5738227821251768 -0.8189793500143556
vn -0.0004888396316943572 -0.5738227821251768 -0.8189793500143556
vn -0.0004888396316943572 -0.5738227821251768 -0.8189793500143556
vn -0.0004888396316943572 -0.5738227821251768 -0.8189793500143556
vn -0.0004888396316943572 -0.5738227821251768 -0.8189793500143556
vn -0.0004888396316943572 -0.5738227821251768 -0.8189793500143556
vn -0.0004888396316943572 -0.5738227821251768 -0.8189793500143556
vn -0.0004888396316943572 -0.5738227821251768 -0.8189793500143556
vn -0.0004888396316943572 -0.5738227821251768 -0.8189793500143556
vn -0.0004888396316943572 -0.5738227821251768 -0.8189793500143556
vn -0.0004888396316943572 -0.5738227821251768 -0.8189793500143556
vn -0.0004888396316943572 -0.5738227821251768 -0.8189793500143556
vn -0.0004888396316943572 -0.5738227821251768 -0.8189793500143556
vn -0.0004888396316943572 -0.5738227821251768 -0.8189793500143556
vn -0.0004888396316943572 -0.5738227821251768 -0.8189793500143556
vn -0.0004888396316943572 -0.5738227821251768 -0.8189793500143556
vn -0.0004888396316943572 -0.5738227821251768 -0.8189793500143556
vn -0.0004890084950544688 -0.49976469214041214 0.8661610781837814
vn -0.0004890084950544688 -0.49976469214041214 0.8661610781837814
vn -0.0004890084950544688 -0.49976469214041214 0.8661610781837814
vn -0.0004890084950544688 -0.49976469214041214 0.8661610781837814
vn -0.0004890084950544688 -0.49976469214041214 0.8661610781837814
vn -0.0004890084950544688 -0.49976469214041214 0.8661610781837814
vn -0.0004890084950544688 -0.49976469214041214 0.8661610781837814
vn -0.0004890084950544688 -0.49976469214041214 0.8661610781837814
vn -0.0004890084950544688 -0.49976469214041214 0.8661610781837814
vn -0.0004890084950544688 -0.49976469214041214 0.8661610781837814
vn -0.0004890084950544688 -0.49976469214041214 0.8661610781837814
vn -0.0004890084950544688 -0.49976469214041214 0.8661610781837814
vn -0.0004890084950544688 -0.49976469214041214 0.8661610781837814
vn -0.0004890084950544688 -0.49976469214041214 0.8661610781837814
vn -0.0004890084950544688 -0.49976469214041214 0.8661610781837814
vn -0.0004890084950544688 -0.49976469214041214 0.8661610781837814
vn -0.0004890084950544688 -0.49976469214041214 0.8661610781837814
vn -0.0004890084950544688 -0.49976469214041214 0.8661610781837814
vn -0.0004890084950544688 -0.49976469214041214 0.8661610781837814
vn -0.0004890084950544688 -0.49976469214041214 0.8661610781837814
vn -0.0004890084950544688 -0.49976469214041214 0.8661610781837814
vn -0.0004890084950544688 -0.49976469214041214 0.8661610781837814
vn -0.0004890084950544688 -0.49976469214041214 0.8661610781837814
vn -0.0004890084950544688 -0.49976469214041214 0.8661610781837814
vn -0.0004890084950544688 -0.49976469214041214 0.8661610781837814
vn -0.0004890084950544688 -0.49976469214041214 0.8661610781837814
vn -0.0004890084950544688 -0.49976469214041214 0.8661610781837814
vn -0.9305589725735519 0.3170247892902729 0.18318100758078965
vn -0.9296823152416797 0.31901304905015937 0.18417781425185448
vn -0.9302704569127119 0.31790312921137026 0.1831242131260445
vn -0.9296823152416797 0.31901304905015937 0.18417781425185448
vn -0.9302704569127119 0.31790312921137026 0.1831242131260445
vn -0.9296823152416797 0.31901304905015937 0.18417781425185448
vn -0.9314301086415737 0.3150351752178255 0.1821833996044103
vn -0.9305589725735519 0.3170247892902729 0.18318100758078965
vn -0.9302704569127119 0.31790312921137026 0.1831242131260445
vn -0.9314301086415737 0.3150351752178255 0.1821833996044103
vn -0.9305589725735519 0.3170247892902729 0.18318100758078965
vn -0.9314301086415737 0.3150351752178255 0.1821833996044103
vn 0.0004890084950544688 -0.49976469214041214 0.8661610781837814
vn 0.0004890084950544688 -0.49976469214041214 0.8661610781837814
vn 0.0004890084950544688 -0.49976469214041214 0.8661610781837814
vn 0.0004890084950544688 -0.49976469214041214 0.8661610781837814
vn 0.0004890084950544688 -0.49976469214041214 0.8661610781837814
vn 0.0004890084950544688 -0.49976469214041214 0.8661610781837814
vn 0.0004890084950544688 -0.49976469214041214 0.8661610781837814
vn 0.0004890084950544688 -0.49976469214041214 0.8661610781837814
vn 0.0004890084950544688 -0.49976469214041214 0.8661610781837814
vn 0.0004890084950544688 -0.49976469214041214 0.8661610781837814
vn 0.0004890084950544688 -0.49976469214041214 0.8661610781837814
vn 0.0004890084950544688 -0.49976469214041214 0.8661610781837814
vn 0.0004890084950544688 -0.49976469214041214 0.8661610781837814
vn 0.0004890084950544688 -0.49976469214041214 0.8661610781837814
vn 0.0004890084950544688 -0.49976469214041214 0.8661610781837814
vn 0.0004890084950544688 -0.49976469214041214 0.8661610781837814
vn 0.0004890084950544688 -0.49976469214041214 0.8661610781837814
vn 0.0004890084950544688 -0.49976469214041214 0.8661610781837814
vn 0.0004890084950544688 -0.49976469214041214 0.8661610781837814
vn 0.0004890084950544688 -0.49976469214041214 0.8661610781837814
vn 0.0004890084950544688 -0.49976469214041214 0.8661610781837814
vn -0.0004890084950544688 -0.49976469214041214 0.8661610781837814
vn -0.0004890084950544688 -0.49976469214041214 0.8661610781837814
vn -0.0004890084950544688 -0.49976469214041214 0.8661610781837814
vn -0.0004890084950544688 -0.49976469214041214 0.8661610781837814
vn -0.0004890084950544688 -0.49976469214041214 0.8661610781837814
vn -0.0004890084950544688 -0.49976469214041214 0.8661610781837814
vn -0.0004890084950544688 -0.49976469214041214 0.8661610781837814
vn -0.0004890084950544688 -0.49976469214041214 0.8661610781837814
vn -0.0004890084950544688 -0.49976469214041214 0.8661610781837814
vn -0.0004890084950544688 -0.49976469214041214 0.8661610781837814
vn -0.0004890084950544688 -0.49976469214041214 0.8661610781837814
vn -0.0004890084950544688 -0.49976469214041214 0.8661610781837814
vn -0.0004890084950544688 -0.49976469214041214 0.8661610781837814
vn -0.0004890084950544688 -0.49976469214041214 0.8661610781837814
vn -0.0004890084950544688 -0.49976469214041214 0.8661610781837814
vn -0.0004890084950544688 -0.49976469214041214 0.8661610781837814
vn -0.0004890084950544688 -0.49976469214041214 0.8661610781837814
vn -0.0004890084950544688 -0.49976469214041214 0.8661610781837814
vn -0.0004890084950544688 -0.49976469214041214 0.8661610781837814
vn -0.0004890084950544688 -0.49976469214041214 0.8661610781837814
vn -0.0004890084950544688 -0.49976469214041214 0.8661610781837814
vn -0.9296823152416797 -0.31901304905015937 -0.18417781425185448
vn -0.9302704569127119 -0.31790312921137026 -0.1831242131260445
vn -0.9296823152416797 -0.31901304905015937 -0.18417781425185448
vn -0.9296823152416797 -0.31901304905015937 -0.18417781425185448
vn -0.9302704569127119 -0.31790312921137026 -0.1831242131260445
vn -0.9305589725735519 -0.3170247892902729 -0.18318100758078965
vn -0.9302704569127119 -0.31790312921137026 -0.1831242131260445
vn -0.9314301086415737 -0.3150351752178255 -0.1821833996044103
vn -0.9305589725735519 -0.3170247892902729 -0.18318100758078965
vn -0.9314301086415737 -0.3150351752178255 -0.1821833996044103
vn -0.9305589725735519 -0.3170247892902729 -0.18318100758078965
vn -0.9314301086415737 -0.3150351752178255 -0.1821833996044103
vn 0.0004890084950544688 0.49976469214041214 -0.8661610781837814
vn 0.0004890084950544688 0.49976469214041214 -0.8661610781837814
vn 0.0004890084950544688 0.49976469214041214 -0.8661610781837814
vn 0.0004890084950544688 0.49976469214041214 -0.8661610781837814
vn 0.0004890084950544688 0.49976469214041214 -0.8661610781837814
vn 0.0004890084950544688 0.49976469214041214 -0.8661610781837814
vn 0.0004890084950544688 0.49976469214041214 -0.8661610781837814
vn 0.0004890084950544688 0.49976469214041214 -0.8661610781837814
vn 0.0004890084950544688 0.49976469214041214 -0.8661610781837814
vn 0.0004890084950544688 0.49976469214041214 -0.8661610781837814
vn 0.0004890084950544688 0.49976469214041214 -0.8661610781837814
vn 0.0004890084950544688 0.49976469214041214 -0.8661610781837814
vn 0.0004890084950544688 0.49976469214041214 -0.8661610781837814
vn 0.0004890084950544688 0.49976469214041214 -0.8661610781837814
vn 0.0004890084950544688 0.49976469214041214 -0.8661610781837814
vn 0.0004890084950544688 0.49976469214041214 -0.8661610781837814
vn 0.0004890084950544688 0.49976469214041214 -0.8661610781837814
vn 0.0004890084950544688 0.49976469214041214 -0.8661610781837814
vn 0.0004890084950544688 0.49976469214041214 -0.8661610781837814
vn 0.0004890084950544688 0.49976469214041214 -0.8661610781837814
vn 0.0004890084950544688 0.49976469214041214 -0.8661610781837814
vn 0.0004890084950544688 0.49976469214041214 -0.8661610781837814
vn 0.0004890084950544688 0.49976469214041214 -0.8661610781837814
vn 0.0004890084950544688 0.49976469214041214 -0.8661610781837814
vn 0.0004890084950544688 0.49976469214041214 -0.8661610781837814
vn 0.0004890084950544688 0.49976469214041214 -0.8661610781837814
vn 0.0004890084950544688 0.49976469214041214 -0.8661610781837814
vn 0.0004890084950544688 0.49976469214041214 -0.8661610781837814
vn 0.0004890084950544688 0.49976469214041214 -0.8661610781837814
vn 0.0004890084950544688 0.49976469214041214 -0.8661610781837814
vn 0.0004890084950544688 0.49976469214041214 -0.8661610781837814
vn 0.0004890084950544688 0.49976469214041214 -0.8661610781837814
vn 0.0004890084950544688 0.49976469214041214 -0.8661610781837814
vn 0.0004890084950544688 0.49976469214041214 -0.8661610781837814
vn 0.0004890084950544688 0.49976469214041214 -0.8661610781837814
vn 0.0004890084950544688 0.49976469214041214 -0.8661610781837814
vn 0.0004890084950544688 0.49976469214041214 -0.8661610781837814
vn 0.0004890084950544688 0.49976469214041214 -0.8661610781837814
vn 0.0004890084950544688 0.49976469214041214 -0.8661610781837814
vn 0.0004890084950544688 0.49976469214041214 -0.8661610781837814
vn 0.0004890084950544688 0.49976469214041214 -0.8661610781837814
vn 0.0004890084950544688 0.49976469214041214 -0.8661610781837814
vn 0.0004890084950544688 0.49976469214041214 -0.8661610781837814
vn 0.0004890084950544688 0.49976469214041214 -0.8661610781837814
vn 0.0004890084950544688 0.49976469214041214 -0.8661610781837814
vn 0.0004890084950544688 0.49976469214041214 -0.8661610781837814
vn 0.0004890084950544688 0.49976469214041214 -0.8661610781837814
vn 0.0004890084950544688 0.49976469214041214 -0.8661610781837814
vn 0.0004890084950544688 0.49976469214041214 -0.8661610781837814
vn 0.0004890084950544688 0.49976469214041214 -0.8661610781837814
vn 0.0004890084950544688 0.49976469214041214 -0.8661610781837814
vn 0.0004890084950544688 0.49976469214041214 -0.8661610781837814
vn 0.0004890084950544688 0.49976469214041214 -0.8661610781837814
vn 0.0004890084950544688 0.49976469214041214 -0.8661610781837814
vn 0.0004890084950544688 0.49976469214041214 -0.8661610781837814
vn 0.0004890084950544688 0.49976469214041214 -0.8661610781837814
vn 0.0004890084950544688 0.49976469214041214 -0.8661610781837814
vn 0.0004890084950544688 0.49976469214041214 -0.8661610781837814
vn 0.0004890084950544688 0.49976469214041214 -0.8661610781837814
vn 0.0004890084950544688 0.49976469214041214 -0.8661610781837814
vn 0.0004890084950544688 0.49976469214041214 -0.8661610781837814
vn 0.0004890084950544688 0.49976469214041214 -0.8661610781837814
vn 0.0004890084950544688 0.49976469214041214 -0.8661610781837814
vn 0.0004890084950544688 0.49976469214041214 -0.8661610781837814
vn 0.0004890084950544688 0.49976469214041214 -0.8661610781837814
vn 0.0004890084950544688 0.49976469214041214 -0.8661610781837814
vn 0.0004890084950544688 0.49976469214041214 -0.8661610781837814
vn 0.0004890084950544688 0.49976469214041214 -0.8661610781837814
vn 0.0004890084950544688 0.49976469214041214 -0.8661610781837814
vn 0.0004890084950544688 -0.49976469214041214 0.8661610781837814
vn 0.0004890084950544688 -0.49976469214041214 0.8661610781837814
vn 0.0004890084950544688 -0.49976469214041214 0.8661610781837814
vn 0.0004890084950544688 -0.49976469214041214 0.8661610781837814
vn 0.0004890084950544688 -0.49976469214041214 0.8661610781837814
vn 0.0004890084950544688 -0.49976469214041214 0.8661610781837814
vn 0.0004890084950544688 -0.49976469214041214 0.8661610781837814
vn 0.0004890084950544688 -0.49976469214041214 0.8661610781837814
vn 0.0004890084950544688 -0.49976469214041214 0.8661610781837814
vn 0.0004890084950544688 -0.49976469214041214 0.8661610781837814
vn 0.0004890084950544688 -0.49976469214041214 0.8661610781837814
vn 0.0004890084950544688 -0.49976469214041214 0.8661610781837814
vn 0.0004890084950544688 -0.49976469214041214 0.8661610781837814
vn 0.0004890084950544688 -0.49976469214041214 0.8661610781837814
vn 0.0004890084950544688 -0.49976469214041214 0.8661610781837814
vn 0.0004890084950544688 -0.49976469214041214 0.8661610781837814
vn 0.0004890084950544688 -0.49976469214041214 0.8661610781837814
vn 0.0004890084950544688 -0.49976469214041214 0.8661610781837814
vn 0.0004890084950544688 -0.49976469214041214 0.8661610781837814
vn 0.0004890084950544688 -0.49976469214041214 0.8661610781837814
vn 0.0004890084950544688 -0.49976469214041214 0.8661610781837814
vn 0.0004890084950544688 0.49976469214041214 -0.8661610781837814
vn 0.0004890084950544688 0.49976469214041214 -0.8661610781837814
vn 0.0004890084950544688 0.49976469214041214 -0.8661610781837814
vn 0.0004890084950544688 0.49976469214041214 -0.8661610781837814
vn 0.0004890084950544688 0.49976469214041214 -0.8661610781837814
vn 0.0004890084950544688 0.49976469214041214 -0.8661610781837814
vn 0.0004890084950544688 0.49976469214041214 -0.8661610781837814
vn 0.0004890084950544688 0.49976469214041214 -0.8661610781837814
vn 0.0004890084950544688 0.49976469214041214 -0.8661610781837814
vn 0.0004890084950544688 0.49976469214041214 -0.8661610781837814
vn 0.0004890084950544688 0.49976469214041214 -0.8661610781837814
vn 0.0004890084950544688 0.49976469214041214 -0.8661610781837814
vn 0.0004890084950544688 0.49976469214041214 -0.8661610781837814
vn 0.0004890084950544688 0.49976469214041214 -0.8661610781837814
vn 0.0004890084950544688 0.49976469214041214 -0.8661610781837814
vn 0.0004890084950544688 0.49976469214041214 -0.8661610781837814
vn 0.0004890084950544688 0.49976469214041214 -0.8661610781837814
vn 0.0004890084950544688 0.49976469214041214 -0.8661610781837814
vn 0.0004890084950544688 0.49976469214041214 -0.8661610781837814
vn 0.0004890084950544688 0.49976469214041214 -0.8661610781837814
vn 0.0004890084950544688 0.49976469214041214 -0.8661610781837814
vn -0.7391935559509532 0.5515864142856828 -0.38645221491932025
vn -0.7294247904499103 0.5603817876109852 -0.3923158513124611
vn -0.7391935559509532 0.5515864142856828 -0.38645221491932025
vn -0.7294247904499103 0.5603817876109852 -0.3923158513124611
vn -0.7391935559509532 0.5515864142856828 -0.38645221491932025
vn -0.7199066211031134 0.5683979967202787 -0.39831918635219227
vn -0.7199066211031134 0.5683979967202787 -0.39831918635219227
vn -0.7098452860440945 0.5769633766397347 -0.4040209547751868
vn -0.7294247904499103 0.5603817876109852 -0.3923158513124611
vn -0.7098452860440945 0.5769633766397347 -0.4040209547751868
vn -0.7199066211031134 0.5683979967202787 -0.39831918635219227
vn -0.7098452860440945 0.5769633766397347 -0.4040209547751868
vn 0.0004888396316943572 -0.5738227821251768 -0.8189793500143556
vn 0.0004888396316943572 -0.5738227821251768 -0.8189793500143556
vn 0.0004888396316943572 -0.5738227821251768 -0.8189793500143556
vn 0.0004888396316943572 -0.5738227821251768 -0.8189793500143556
vn 0.0004888396316943572 -0.5738227821251768 -0.8189793500143556
vn 0.0004888396316943572 -0.5738227821251768 -0.8189793500143556
vn 0.0004888396316943572 -0.5738227821251768 -0.8189793500143556
vn 0.0004888396316943572 -0.5738227821251768 -0.8189793500143556
vn 0.0004888396316943572 -0.5738227821251768 -0.8189793500143556
vn 0.0004888396316943572 -0.5738227821251768 -0.8189793500143556
vn 0.0004888396316943572 -0.5738227821251768 -0.8189793500143556
vn 0.0004888396316943572 -0.5738227821251768 -0.8189793500143556
vn 0.0004888396316943572 -0.5738227821251768 -0.8189793500143556
vn 0.0004888396316943572 -0.5738227821251768 -0.8189793500143556
vn 0.0004888396316943572 -0.5738227821251768 -0.8189793500143556
vn 0.0004888396316943572 -0.5738227821251768 -0.8189793500143556
vn 0.0004888396316943572 -0.5738227821251768 -0.8189793500143556
vn 0.0004888396316943572 -0.5738227821251768 -0.8189793500143556
vn 0.0004888396316943572 -0.5738227821251768 -0.8189793500143556
vn 0.0004888396316943572 -0.5738227821251768 -0.8189793500143556
vn 0.0004888396316943572 -0.5738227821251768 -0.8189793500143556
vn 0.0004888396316943572 -0.5738227821251768 -0.8189793500143556
vn 0.0004888396316943572 -0.5738227821251768 -0.8189793500143556
vn 0.0004888396316943572 -0.5738227821251768 -0.8189793500143556
vn 0.0004888396316943572 -0.5738227821251768 -0.8189793500143556
vn 0.0004888396316943572 -0.5738227821251768 -0.8189793500143556
vn 0.0004888396316943572 -0.5738227821251768 -0.8189793500143556
vn -0.7294247904499103 -0.5603817876109852 0.3923158513124611
vn -0.7391935559509532 -0.5515864142856828 0.38645221491932025
vn -0.7199066211031134 -0.5683979967202787 0.39831918635219227
vn -0.7391935559509532 -0.5515864142856828 0.38645221491932025
vn -0.7294247904499103 -0.5603817876109852 0.3923158513124611
vn -0.7391935559509532 -0.5515864142856828 0.38645221491932025
vn -0.7199066211031134 -0.5683979967202787 0.39831918635219227
vn -0.7098452860440945 -0.5769633766397347 0.4040209547751868
vn -0.7294247904499103 -0.5603817876109852 0.3923158513124611
vn -0.7098452860440945 -0.5769633766397347 0.4040209547751868
vn -0.7199066211031134 -0.5683979967202787 0.39831918635219227
vn -0.7098452860440945 -0.5769633766397347 0.4040209547751868
vn -0.0004888396316943572 0.5738227821251768 0.8189793500143556
vn -0.0004888396316943572 0.5738227821251768 0.8189793500143556
vn -0.0004888396316943572 0.5738227821251768 0.8189793500143556
vn -0.0004888396316943572 0.5738227821251768 0.8189793500143556
vn -0.0004888396316943572 0.5738227821251768 0.8189793500143556
vn -0.0004888396316943572 0.5738227821251768 0.8189793500143556
vn -0.0004888396316943572 0.5738227821251768 0.8189793500143556
vn -0.0004888396316943572 0.5738227821251768 0.8189793500143556
vn -0.0004888396316943572 0.5738227821251768 0.8189793500143556
vn -0.0004888396316943572 0.5738227821251768 0.8189793500143556
vn -0.0004888396316943572 0.5738227821251768 0.8189793500143556
vn -0.0004888396316943572 0.5738227821251768 0.8189793500143556
vn -0.0004888396316943572 0.5738227821251768 0.8189793500143556
vn -0.0004888396316943572 0.5738227821251768 0.8189793500143556
vn -0.0004888396316943572 0.5738227821251768 0.8189793500143556
vn -0.0004888396316943572 0.5738227821251768 0.8189793500143556
vn -0.0004888396316943572 0.5738227821251768 0.8189793500143556
vn -0.0004888396316943572 0.5738227821251768 0.8189793500143556
vn -0.0004888396316943572 0.5738227821251768 0.8189793500143556
vn -0.0004888396316943572 0.5738227821251768 0.8189793500143556
vn -0.0004888396316943572 0.5738227821251768 0.8189793500143556
vn 0.0004888396316943572 0.5738227821251768 0.8189793500143556
vn 0.0004888396316943572 0.5738227821251768 0.8189793500143556
vn 0.0004888396316943572 0.5738227821251768 0.8189793500143556
vn 0.0004888396316943572 0.5738227821251768 0.8189793500143556
vn 0.0004888396316943572 0.5738227821251768 0.8189793500143556
vn 0.0004888396316943572 0.5738227821251768 0.8189793500143556
vn 0.0004888396316943572 0.5738227821251768 0.8189793500143556
vn 0.0004888396316943572 0.5738227821251768 0.8189793500143556
vn 0.0004888396316943572 0.5738227821251768 0.8189793500143556
vn 0.0004888396316943572 0.5738227821251768 0.8189793500143556
vn 0.0004888396316943572 0.5738227821251768 0.8189793500143556
vn 0.0004888396316943572 0.5738227821251768 0.8189793500143556
vn 0.0004888396316943572 0.5738227821251768 0.8189793500143556
vn 0.0004888396316943572 0.5738227821251768 0.8189793500143556
vn 0.0004888396316943572 0.5738227821251768 0.8189793500143556
vn 0.0004888396316943572 0.5738227821251768 0.8189793500143556
vn 0.0004888396316943572 0.5738227821251768 0.8189793500143556
vn 0.0004888396316943572 0.5738227821251768 0.8189793500143556
vn 0.0004888396316943572 0.5738227821251768 0.8189793500143556
vn 0.0004888396316943572 0.5738227821251768 0.8189793500143556
vn 0.0004888396316943572 0.5738227821251768 0.8189793500143556
vn 0.0004888396316943572 0.5738227821251768 0.8189793500143556
vn 0.0004888396316943572 0.5738227821251768 0.8189793500143556
vn 0.0004888396316943572 0.5738227821251768 0.8189793500143556
vn 0.0004888396316943572 0.5738227821251768 0.8189793500143556
vn 0.0004888396316943572 0.5738227821251768 0.8189793500143556
vn 0.0004888396316943572 0.5738227821251768 0.8189793500143556
vn 0.0004890084950544688 0.49976469214041214 -0.8661610781837814
vn 0.0004890084950544688 0.49976469214041214 -0.8661610781837814
vn 0.0004890084950544688 0.49976469214041214 -0.8661610781837814
vn 0.0004890084950544688 0.49976469214041214 -0.8661610781837814
vn 0.0004890084950544688 0.49976469214041214 -0.8661610781837814
vn 0.0004890084950544688 0.49976469214041214 -0.8661610781837814
vn 0.0004890084950544688 0.49976469214041214 -0.8661610781837814
vn 0.0004890084950544688 0.49976469214041214 -0.8661610781837814
vn 0.0004890084950544688 0.49976469214041214 -0.8661610781837814
vn 0.0004890084950544688 0.49976469214041214 -0.8661610781837814
vn 0.0004890084950544688 0.49976469214041214 -0.8661610781837814
vn 0.0004890084950544688 0.49976469214041214 -0.8661610781837814
vn 0.0004890084950544688 0.49976469214041214 -0.8661610781837814
vn 0.0004890084950544688 0.49976469214041214 -0.8661610781837814
vn 0.0004890084950544688 0.49976469214041214 -0.8661610781837814
vn 0.0004890084950544688 0.49976469214041214 -0.8661610781837814
vn 0.0004890084950544688 0.49976469214041214 -0.8661610781837814
vn 0.0004890084950544688 0.49976469214041214 -0.8661610781837814
vn 0.0004890084950544688 0.49976469214041214 -0.8661610781837814
vn 0.0004890084950544688 0.49976469214041214 -0.8661610781837814
vn 0.0004890084950544688 0.49976469214041214 -0.8661610781837814
vn 0.0004890084950544688 0.49976469214041214 -0.8661610781837814
vn 0.0004890084950544688 0.49976469214041214 -0.8661610781837814
vn 0.0004890084950544688 0.49976469214041214 -0.8661610781837814
vn 0.0004890084950544688 0.49976469214041214 -0.8661610781837814
vn 0.0004890084950544688 0.49976469214041214 -0.8661610781837814
vn 0.0004890084950544688 0.49976469214041214 -0.8661610781837814
vn -0.0004890084950544688 0.49976469214041214 -0.8661610781837814
vn -0.0004890084950544688 0.49976469214041214 -0.8661610781837814
vn -0.0004890084950544688 0.49976469214041214 -0.8661610781837814
vn -0.0004890084950544688 0.49976469214041214 -0.8661610781837814
vn -0.0004890084950544688 0.49976469214041214 -0.8661610781837814
vn -0.0004890084950544688 0.49976469214041214 -0.8661610781837814
vn -0.0004890084950544688 0.49976469214041214 -0.8661610781837814
vn -0.0004890084950544688 0.49976469214041214 -0.8661610781837814
vn -0.0004890084950544688 0.49976469214041214 -0.8661610781837814
vn -0.0004890084950544688 0.49976469214041214 -0.8661610781837814
vn -0.0004890084950544688 0.49976469214041214 -0.8661610781837814
vn -0.0004890084950544688 0.49976469214041214 -0.8661610781837814
vn -0.0004890084950544688 0.49976469214041214 -0.8661610781837814
vn -0.0004890084950544688 0.49976469214041214 -0.8661610781837814
vn -0.0004890084950544688 0.49976469214041214 -0.8661610781837814
vn -0.0004890084950544688 0.49976469214041214 -0.8661610781837814
vn -0.0004890084950544688 0.49976469214041214 -0.8661610781837814
vn -0.0004890084950544688 0.49976469214041214 -0.8661610781837814
vn -0.0004890084950544688 0.49976469214041214 -0.8661610781837814
vn -0.0004890084950544688 0.49976469214041214 -0.8661610781837814
vn -0.0004890084950544688 0.49976469214041214 -0.8661610781837814
vn 0.0004890084950544688 0.49976469214041214 -0.8661610781837814
vn 0.0004890084950544688 0.49976469214041214 -0.8661610781837814
vn 0.0004890084950544688 0.49976469214041214 -0.8661610781837814
vn 0.0004890084950544688 0.49976469214041214 -0.8661610781837814
vn 0.0004890084950544688 0.49976469214041214 -0.8661610781837814
vn 0.0004890084950544688 0.49976469214041214 -0.8661610781837814
vn 0.0004890084950544688 0.49976469214041214 -0.8661610781837814
vn 0.0004890084950544688 0.49976469214041214 -0.8661610781837814
vn 0.0004890084950544688 0.49976469214041214 -0.8661610781837814
vn 0.0004890084950544688 0.49976469214041214 -0.8661610781837814
vn 0.0004890084950544688 0.49976469214041214 -0.8661610781837814
vn 0.0004890084950544688 0.49976469214041214 -0.8661610781837814
vn 0.0004890084950544688 0.49976469214041214 -0.8661610781837814
vn 0.0004890084950544688 0.49976469214041214 -0.8661610781837814
vn 0.0004890084950544688 0.49976469214041214 -0.8661610781837814
vn 0.0004890084950544688 0.49976469214041214 -0.8661610781837814
vn 0.0004890084950544688 0.49976469214041214 -0.8661610781837814
vn 0.0004890084950544688 0.49976469214041214 -0.8661610781837814
vn 0.0004890084950544688 0.49976469214041214 -0.8661610781837814
vn 0.0004890084950544688 0.49976469214041214 -0.8661610781837814
vn 0.0004890084950544688 0.49976469214041214 -0.8661610781837814
vn -0.7204482024022922 0.6002919961545404 0.3472807322730455
vn -0.7389799227001305 0.5836624537204232 0.33652163966551085
vn -0.7287623832040432 0.5928826427306152 0.34263035588739804
vn -0.7389799227001305 0.5836624537204232 0.33652163966551085
vn -0.7287623832040432 0.5928826427306152 0.34263035588739804
vn -0.7389799227001305 0.5836624537204232 0.33652163966551085
vn -0.7097478555369867 0.6100998344167707 0.3521876965557961
vn -0.7204482024022922 0.6002919961545404 0.3472807322730455
vn -0.7287623832040432 0.5928826427306152 0.34263035588739804
vn -0.7097478555369867 0.6100998344167707 0.3521876965557961
vn -0.7204482024022922 0.6002919961545404 0.3472807322730455
vn -0.7097478555369867 0.6100998344167707 0.3521876965557961
vn 0.0004890084950544688 0.49976469214041214 -0.8661610781837814
vn 0.0004890084950544688 0.49976469214041214 -0.8661610781837814
vn 0.0004890084950544688 0.49976469214041214 -0.8661610781837814
vn 0.0004890084950544688 0.49976469214041214 -0.8661610781837814
vn 0.0004890084950544688 0.49976469214041214 -0.8661610781837814
vn 0.0004890084950544688 0.49976469214041214 -0.8661610781837814
vn 0.0004890084950544688 0.49976469214041214 -0.8661610781837814
vn 0.0004890084950544688 0.49976469214041214 -0.8661610781837814
vn 0.0004890084950544688 0.49976469214041214 -0.8661610781837814
vn 0.0004890084950544688 0.49976469214041214 -0.8661610781837814
vn 0.0004890084950544688 0.49976469214041214 -0.8661610781837814
vn 0.0004890084950544688 0.49976469214041214 -0.8661610781837814
vn 0.0004890084950544688 0.49976469214041214 -0.8661610781837814
vn 0.0004890084950544688 0.49976469214041214 -0.8661610781837814
vn 0.0004890084950544688 0.49976469214041214 -0.8661610781837814
vn 0.0004890084950544688 0.49976469214041214 -0.8661610781837814
vn 0.0004890084950544688 0.49976469214041214 -0.8661610781837814
vn 0.0004890084950544688 0.49976469214041214 -0.8661610781837814
vn 0.0004890084950544688 0.49976469214041214 -0.8661610781837814
vn 0.0004890084950544688 0.49976469214041214 -0.8661610781837814
vn 0.0004890084950544688 0.49976469214041214 -0.8661610781837814
vn -0.0004890084950544688 -0.49976469214041214 0.8661610781837814
vn -0.0004890084950544688 -0.49976469214041214 0.8661610781837814
vn -0.0004890084950544688 -0.49976469214041214 0.8661610781837814
vn -0.0004890084950544688 -0.49976469214041214 0.8661610781837814
vn -0.0004890084950544688 -0.49976469214041214 0.8661610781837814
vn -0.0004890084950544688 -0.49976469214041214 0.8661610781837814
vn -0.0004890084950544688 -0.49976469214041214 0.8661610781837814
vn -0.0004890084950544688 -0.49976469214041214 0.8661610781837814
vn -0.0004890084950544688 -0.49976469214041214 0.8661610781837814
vn -0.0004890084950544688 -0.49976469214041214 0.8661610781837814
vn -0.0004890084950544688 -0.49976469214041214 0.8661610781837814
vn -0.0004890084950544688 -0.49976469214041214 0.8661610781837814
vn -0.0004890084950544688 -0.49976469214041214 0.8661610781837814
vn -0.0004890084950544688 -0.49976469214041214 0.8661610781837814
vn -0.0004890084950544688 -0.49976469214041214 0.8661610781837814
vn -0.0004890084950544688 -0.49976469214041214 0.8661610781837814
vn -0.0004890084950544688 -0.49976469214041214 0.8661610781837814
vn -0.0004890084950544688 -0.49976469214041214 0.8661610781837814
vn -0.0004890084950544688 -0.49976469214041214 0.8661610781837814
vn -0.0004890084950544688 -0.49976469214041214 0.8661610781837814
vn -0.0004890084950544688 -0.49976469214041214 0.8661610781837814
vn -0.0004890084950544688 -0.49976469214041214 0.8661610781837814
vn -0.0004890084950544688 -0.49976469214041214 0.8661610781837814
vn -0.0004890084950544688 -0.49976469214041214 0.8661610781837814
vn -0.0004890084950544688 -0.49976469214041214 0.8661610781837814
vn -0.0004890084950544688 -0.49976469214041214 0.8661610781837814
vn -0.0004890084950544688 -0.49976469214041214 0.8661610781837814
vn -0.0004890084950544688 -0.49976469214041214 0.8661610781837814
vn -0.0004890084950544688 -0.49976469214041214 0.8661610781837814
vn -0.0004890084950544688 -0.49976469214041214 0.8661610781837814
vn -0.0004890084950544688 -0.49976469214041214 0.8661610781837814
vn -0.0004890084950544688 -0.49976469214041214 0.8661610781837814
vn -0.0004890084950544688 -0.49976469214041214 0.8661610781837814
vn -0.0004890084950544688 -0.49976469214041214 0.8661610781837814
vn -0.0004890084950544688 -0.49976469214041214 0.8661610781837814
vn -0.0004890084950544688 -0.49976469214041214 0.8661610781837814
vn -0.0004890084950544688 -0.49976469214041214 0.8661610781837814
vn -0.0004890084950544688 -0.49976469214041214 0.8661610781837814
vn -0.0004890084950544688 -0.49976469214041214 0.8661610781837814
vn -0.0004890084950544688 -0.49976469214041214 0.8661610781837814
vn -0.0004890084950544688 -0.49976469214041214 0.8661610781837814
vn -0.0004890084950544688 -0.49976469214041214 0.8661610781837814
vn -0.7389799227001305 -0.5836624537204232 -0.33652163966551085
vn -0.7287623832040432 -0.5928826427306152 -0.34263035588739804
vn -0.7389799227001305 -0.5836624537204232 -0.33652163966551085
vn -0.7389799227001305 -0.5836624537204232 -0.33652163966551085
vn -0.7287623832040432 -0.5928826427306152 -0.34263035588739804
vn -0.7204482024022922 -0.6002919961545404 -0.3472807322730455
vn -0.7287623832040432 -0.5928826427306152 -0.34263035588739804
vn -0.7101709012840746 -0.6094860208293734 -0.35239761829919025
vn -0.7204482024022922 -0.6002919961545404 -0.3472807322730455
vn -0.7101709012840746 -0.6094860208293734 -0.35239761829919025
vn -0.7204482024022922 -0.6002919961545404 -0.3472807322730455
vn -0.7101709012840746 -0.6094860208293734 -0.35239761829919025
vn 0.0004890084950544688 -0.49976469214041214 0.8661610781837814
vn 0.0004890084950544688 -0.49976469214041214 0.8661610781837814
vn 0.0004890084950544688 -0.49976469214041214 0.8661610781837814
vn 0.0004890084950544688 -0.49976469214041214 0.8661610781837814
vn 0.0004890084950544688 -0.49976469214041214 0.8661610781837814
vn 0.0004890084950544688 -0.49976469214041214 0.8661610781837814
vn 0.0004890084950544688 -0.49976469214041214 0.8661610781837814
vn 0.0004890084950544688 -0.49976469214041214 0.8661610781837814
vn 0.0004890084950544688 -0.49976469214041214 0.8661610781837814
vn 0.0004890084950544688 -0.49976469214041214 0.8661610781837814
vn 0.0004890084950544688 -0.49976469214041214 0.8661610781837814
vn 0.0004890084950544688 -0.49976469214041214 0.8661610781837814
vn 0.0004890084950544688 -0.49976469214041214 0.8661610781837814
vn 0.0004890084950544688 -0.49976469214041214 0.8661610781837814
vn 0.0004890084950544688 -0.49976469214041214 0.8661610781837814
vn 0.0004890084950544688 -0.49976469214041214 0.8661610781837814
vn 0.0004890084950544688 -0.49976469214041214 0.8661610781837814
vn 0.0004890084950544688 -0.49976469214041214 0.8661610781837814
vn 0.0004890084950544688 -0.49976469214041214 0.8661610781837814
vn 0.0004890084950544688 -0.49976469214041214 0.8661610781837814
vn 0.0004890084950544688 -0.49976469214041214 0.8661610781837814
vn -0.0004890084950544688 -0.49976469214041214 0.8661610781837814
vn -0.0004890084950544688 -0.49976469214041214 0.8661610781837814
vn -0.0004890084950544688 -0.49976469214041214 0.8661610781837814
vn -0.0004890084950544688 -0.49976469214041214 0.8661610781837814
vn -0.0004890084950544688 -0.49976469214041214 0.8661610781837814
vn -0.0004890084950544688 -0.49976469214041214 0.8661610781837814
vn -0.0004890084950544688 -0.49976469214041214 0.8661610781837814
vn -0.0004890084950544688 -0.49976469214041214 0.8661610781837814
vn -0.0004890084950544688 -0.49976469214041214 0.8661610781837814
vn -0.0004890084950544688 -0.49976469214041214 0.8661610781837814
vn -0.0004890084950544688 -0.49976469214041214 0.8661610781837814
vn -0.0004890084950544688 -0.49976469214041214 0.8661610781837814
vn -0.0004890084950544688 -0.49976469214041214 0.8661610781837814
vn -0.0004890084950544688 -0.49976469214041214 0.8661610781837814
vn -0.0004890084950544688 -0.49976469214041214 0.8661610781837814
vn -0.0004890084950544688 -0.49976469214041214 0.8661610781837814
vn -0.0004890084950544688 -0.49976469214041214 0.8661610781837814
vn -0.0004890084950544688 -0.49976469214041214 0.8661610781837814
vn -0.0004890084950544688 -0.49976469214041214 0.8661610781837814
vn -0.0004890084950544688 -0.49976469214041214 0.8661610781837814
vn -0.0004890084950544688 -0.49976469214041214 0.8661610781837814
vn -0.0004890084950544688 -0.49976469214041214 0.8661610781837814
vn -0.0004890084950544688 -0.49976469214041214 0.8661610781837814
vn -0.0004890084950544688 -0.49976469214041214 0.8661610781837814
vn -0.0004890084950544688 -0.49976469214041214 0.8661610781837814
vn -0.0004890084950544688 -0.49976469214041214 0.8661610781837814
vn -0.0004890084950544688 -0.49976469214041214 0.8661610781837814
vn 0.0004888396316943572 -0.5738227821251768 -0.8189793500143556
vn 0.0004888396316943572 -0.5738227821251768 -0.8189793500143556
vn 0.0004888396316943572 -0.5738227821251768 -0.8189793500143556
vn 0.0004888396316943572 -0.5738227821251768 -0.8189793500143556
vn 0.0004888396316943572 -0.5738227821251768 -0.8189793500143556
vn 0.0004888396316943572 -0.5738227821251768 -0.8189793500143556
vn 0.0004888396316943572 -0.5738227821251768 -0.8189793500143556
vn 0.0004888396316943572 -0.5738227821251768 -0.8189793500143556
vn 0.0004888396316943572 -0.5738227821251768 -0.8189793500143556
vn 0.0004888396316943572 -0.5738227821251768 -0.8189793500143556
vn 0.0004888396316943572 -0.5738227821251768 -0.8189793500143556
vn 0.0004888396316943572 -0.5738227821251768 -0.8189793500143556
vn 0.0004888396316943572 -0.5738227821251768 -0.8189793500143556
vn 0.0004888396316943572 -0.5738227821251768 -0.8189793500143556
vn 0.0004888396316943572 -0.5738227821251768 -0.8189793500143556
vn 0.0004888396316943572 -0.5738227821251768 -0.8189793500143556
vn 0.0004888396316943572 -0.5738227821251768 -0.8189793500143556
vn 0.0004888396316943572 -0.5738227821251768 -0.8189793500143556
vn 0.0004888396316943572 -0.5738227821251768 -0.8189793500143556
vn 0.0004888396316943572 -0.5738227821251768 -0.8189793500143556
vn 0.0004888396316943572 -0.5738227821251768 -0.8189793500143556
vn 0.0004888396316943572 -0.5738227821251768 -0.8189793500143556
vn 0.0004888396316943572 -0.5738227821251768 -0.8189793500143556
vn 0.0004888396316943572 -0.5738227821251768 -0.8189793500143556
vn 0.0004888396316943572 -0.5738227821251768 -0.8189793500143556
vn 0.0004888396316943572 -0.5738227821251768 -0.8189793500143556
vn 0.0004888396316943572 -0.5738227821251768 -0.8189793500143556
vn 0.0004888396316943572 -0.5738227821251768 -0.8189793500143556
vn 0.0004888396316943572 -0.5738227821251768 -0.8189793500143556
vn 0.0004888396316943572 -0.5738227821251768 -0.8189793500143556
vn 0.0004888396316943572 -0.5738227821251768 -0.8189793500143556
vn 0.0004888396316943572 -0.5738227821251768 -0.8189793500143556
vn 0.0004888396316943572 -0.5738227821251768 -0.8189793500143556
vn 0.0004888396316943572 -0.5738227821251768 -0.8189793500143556
vn 0.0004888396316943572 -0.5738227821251768 -0.8189793500143556
vn 0.0004888396316943572 -0.5738227821251768 -0.8189793500143556
vn 0.0004888396316943572 -0.5738227821251768 -0.8189793500143556
vn 0.0004888396316943572 -0.5738227821251768 -0.8189793500143556
vn 0.0004888396316943572 -0.5738227821251768 -0.8189793500143556
vn 0.0004888396316943572 -0.5738227821251768 -0.8189793500143556
vn 0.0004888396316943572 -0.5738227821251768 -0.8189793500143556
vn 0.0004888396316943572 -0.5738227821251768 -0.8189793500143556
vn -0.0004888396316943572 -0.5738227821251768 -0.8189793500143556
vn -0.0004888396316943572 -0.5738227821251768 -0.8189793500143556
vn -0.0004888396316943572 -0.5738227821251768 -0.8189793500143556
vn -0.0004888396316943572 -0.5738227821251768 -0.8189793500143556
vn -0.0004888396316943572 -0.5738227821251768 -0.8189793500143556
vn -0.0004888396316943572 -0.5738227821251768 -0.8189793500143556
vn -0.0004888396316943572 -0.5738227821251768 -0.8189793500143556
vn -0.0004888396316943572 -0.5738227821251768 -0.8189793500143556
vn -0.0004888396316943572 -0.5738227821251768 -0.8189793500143556
vn -0.0004888396316943572 -0.5738227821251768 -0.8189793500143556
vn -0.0004888396316943572 -0.5738227821251768 -0.8189793500143556
vn -0.0004888396316943572 -0.5738227821251768 -0.8189793500143556
vn -0.0004888396316943572 -0.5738227821251768 -0.8189793500143556
vn -0.0004888396316943572 -0.5738227821251768 -0.8189793500143556
vn -0.0004888396316943572 -0.5738227821251768 -0.8189793500143556
vn -0.0004888396316943572 -0.5738227821251768 -0.8189793500143556
vn -0.0004888396316943572 -0.5738227821251768 -0.8189793500143556
vn -0.0004888396316943572 -0.5738227821251768 -0.8189793500143556
vn -0.0004888396316943572 -0.5738227821251768 -0.8189793500143556
vn -0.0004888396316943572 -0.5738227821251768 -0.8189793500143556
vn -0.0004888396316943572 -0.5738227821251768 -0.8189793500143556
vn 0.0004888396316943572 0.5738227821251768 0.8189793500143556
vn 0.0004888396316943572 0.5738227821251768 0.8189793500143556
vn 0.0004888396316943572 0.5738227821251768 0.8189793500143556
vn 0.0004888396316943572 0.5738227821251768 0.8189793500143556
vn 0.0004888396316943572 0.5738227821251768 0.8189793500143556
vn 0.0004888396316943572 0.5738227821251768 0.8189793500143556
vn 0.0004888396316943572 0.5738227821251768 0.8189793500143556
vn 0.0004888396316943572 0.5738227821251768 0.8189793500143556
vn 0.0004888396316943572 0.5738227821251768 0.8189793500143556
vn 0.0004888396316943572 0.5738227821251768 0.8189793500143556
vn 0.0004888396316943572 0.5738227821251768 0.8189793500143556
vn 0.0004888396316943572 0.5738227821251768 0.8189793500143556
vn 0.0004888396316943572 0.5738227821251768 0.8189793500143556
vn 0.0004888396316943572 0.5738227821251768 0.8189793500143556
vn 0.0004888396316943572 0.5738227821251768 0.8189793500143556
vn 0.0004888396316943572 0.5738227821251768 0.8189793500143556
vn 0.0004888396316943572 0.5738227821251768 0.8189793500143556
vn 0.0004888396316943572 0.5738227821251768 0.8189793500143556
vn 0.0004888396316943572 0.5738227821251768 0.8189793500143556
vn 0.0004888396316943572 0.5738227821251768 0.8189793500143556
vn 0.0004888396316943572 0.5738227821251768 0.8189793500143556
vn -0.0004888396316943572 0.5738227821251768 0.8189793500143556
vn -0.0004888396316943572 0.5738227821251768 0.8189793500143556
vn -0.0004888396316943572 0.5738227821251768 0.8189793500143556
vn -0.0004888396316943572 0.5738227821251768 0.8189793500143556
vn -0.0004888396316943572 0.5738227821251768 0.8189793500143556
vn -0.0004888396316943572 0.5738227821251768 0.8189793500143556
vn -0.0004888396316943572 0.5738227821251768 0.8189793500143556
vn -0.0004888396316943572 0.5738227821251768 0.8189793500143556
vn -0.0004888396316943572 0.5738227821251768 0.8189793500143556
vn -0.0004888396316943572 0.5738227821251768 0.8189793500143556
vn -0.0004888396316943572 0.5738227821251768 0.8189793500143556
vn -0.0004888396316943572 0.5738227821251768 0.8189793500143556
vn -0.0004888396316943572 0.5738227821251768 0.8189793500143556
vn -0.0004888396316943572 0.5738227821251768 0.8189793500143556
vn -0.0004888396316943572 0.5738227821251768 0.8189793500143556
vn -0.0004888396316943572 0.5738227821251768 0.8189793500143556
vn -0.0004888396316943572 0.5738227821251768 0.8189793500143556
vn -0.0004888396316943572 0.5738227821251768 0.8189793500143556
vn -0.0004888396316943572 0.5738227821251768 0.8189793500143556
vn -0.0004888396316943572 0.5738227821251768 0.8189793500143556
vn -0.0004888396316943572 0.5738227821251768 0.8189793500143556
vn -0.4881018806128788 -0.7148077793832339 0.5008057434528692
vn -0.4596837639905109 -0.7273850679354835 0.5095113345824686
vn -0.500726609339864 -0.708832907460261 0.49681865101909795
vn -0.4596837639905109 -0.7273850679354835 0.5095113345824686
vn -0.4881018806128788 -0.7148077793832339 0.5008057434528692
vn -0.4499569997379426 -0.7313627616564313 0.5124911796793259
vn -0.4499569997379426 -0.7313627616564313 0.5124911796793259
vn -0.4374920718009753 -0.7366486930337257 0.515702811862602
vn -0.4596837639905109 -0.7273850679354835 0.5095113345824686
vn -0.4374920718009753 -0.7366486930337257 0.515702811862602
vn -0.4499569997379426 -0.7313627616564313 0.5124911796793259
vn -0.4374920718009753 -0.7366486930337257 0.515702811862602
vn -0.3846827741098275 -0.7561680461918953 0.5293666491397991
vn -0.4881018806128788 -0.7148077793832339 0.5008057434528692
vn -0.500726609339864 -0.708832907460261 0.49681865101909795
vn -0.500726609339864 -0.708832907460261 0.49681865101909795
vn -0.3161304152220148 -0.777378648726905 0.5438234980902239
vn -0.3846827741098275 -0.7561680461918953 0.5293666491397991
vn -0.3161304152220148 -0.777378648726905 0.5438234980902239
vn -0.22718490978415443 -0.7978334191958133 0.5584342861793887
vn -0.3846827741098275 -0.7561680461918953 0.5293666491397991
vn -0.22718490978415443 -0.7978334191958133 0.5584342861793887
vn -0.3161304152220148 -0.777378648726905 0.5438234980902239
vn -0.22718490978415443 -0.7978334191958133 0.5584342861793887
vn 0.960395899534407 0.2282471022735229 -0.15982170209717186
vn 0.8501353966173258 0.4311714831902295 -0.30225975501518504
vn 0.9419247379031908 0.27491142044308514 -0.1928769012504371
vn 0.7782662341573657 0.5144468150886716 -0.36006408209599905
vn 0.9419247379031908 0.27491142044308514 -0.1928769012504371
vn 0.8501353966173258 0.4311714831902295 -0.30225975501518504
vn 0.8501353966173258 0.4311714831902295 -0.30225975501518504
vn 0.7024025765790224 0.5831357515408063 -0.4081461940164204
vn 0.7782662341573657 0.5144468150886716 -0.36006408209599905
vn 0.7024025765790224 0.5831357515408063 -0.4081461940164204
vn 0.7782662341573657 0.5144468150886716 -0.36006408209599905
vn 0.7024025765790224 0.5831357515408063 -0.4081461940164204
vn -0.4596837639905109 0.7273850679354835 -0.5095113345824686
vn -0.4881018806128788 0.7148077793832339 -0.5008057434528692
vn -0.4499569997379426 0.7313627616564313 -0.5124911796793259
vn -0.4499569997379426 0.7313627616564313 -0.5124911796793259
vn -0.4374920718009753 0.7366486930337257 -0.515702811862602
vn -0.4596837639905109 0.7273850679354835 -0.5095113345824686
vn -0.4374920718009753 0.7366486930337257 -0.515702811862602
vn -0.4499569997379426 0.7313627616564313 -0.5124911796793259
vn -0.4374920718009753 0.7366486930337257 -0.515702811862602
vn -0.4881018806128788 0.7148077793832339 -0.5008057434528692
vn -0.4596837639905109 0.7273850679354835 -0.5095113345824686
vn -0.500726609339864 0.708832907460261 -0.49681865101909795
vn -0.3846827741098275 0.7561680461918953 -0.5293666491397991
vn -0.4881018806128788 0.7148077793832339 -0.5008057434528692
vn -0.500726609339864 0.708832907460261 -0.49681865101909795
vn -0.500726609339864 0.708832907460261 -0.49681865101909795
vn -0.3161304152220148 0.777378648726905 -0.5438234980902239
vn -0.3846827741098275 0.7561680461918953 -0.5293666491397991
vn -0.3161304152220148 0.777378648726905 -0.5438234980902239
vn -0.22718490978415443 0.7978334191958133 -0.5584342861793887
vn -0.3846827741098275 0.7561680461918953 -0.5293666491397991
vn -0.22718490978415443 0.7978334191958133 -0.5584342861793887
vn -0.3161304152220148 0.777378648726905 -0.5438234980902239
vn -0.22718490978415443 0.7978334191958133 -0.5584342861793887
vn -0.5007409231084828 0.7498898277880032 0.43234682155018045
vn -0.4595775823164247 0.7692191251954988 0.4439486268315976
vn -0.48886526146270515 0.7555193762977456 0.43612065781577763
vn -0.45006161589006705 0.7735583647582005 0.4461524383156954
vn -0.48886526146270515 0.7555193762977456 0.43612065781577763
vn -0.4595775823164247 0.7692191251954988 0.4439486268315976
vn -0.4595775823164247 0.7692191251954988 0.4439486268315976
vn -0.4373969548317292 0.7785180465135865 0.4501039381705068
vn -0.45006161589006705 0.7735583647582005 0.4461524383156954
vn -0.4373969548317292 0.7785180465135865 0.4501039381705068
vn -0.45006161589006705 0.7735583647582005 0.4461524383156954
vn -0.4373969548317292 0.7785180465135865 0.4501039381705068
vn -0.3814028869678923 0.8004088011974335 0.46246901385740896
vn -0.5007409231084828 0.7498898277880032 0.43234682155018045
vn -0.48886526146270515 0.7555193762977456 0.43612065781577763
vn -0.5007409231084828 0.7498898277880032 0.43234682155018045
vn -0.3814028869678923 0.8004088011974335 0.46246901385740896
vn -0.31618505171700156 0.8214957386511277 0.47452267011045407
vn -0.3814028869678923 0.8004088011974335 0.46246901385740896
vn -0.22709275186240774 0.8434168051628572 0.4869055091292743
vn -0.31618505171700156 0.8214957386511277 0.47452267011045407
vn -0.31618505171700156 0.8214957386511277 0.47452267011045407
vn -0.22709275186240774 0.8434168051628572 0.4869055091292743
vn -0.22709275186240774 0.8434168051628572 0.4869055091292743
vn -0.4595775823164247 -0.7692191251954988 -0.4439486268315976
vn -0.48886526146270515 -0.7555193762977456 -0.43612065781577763
vn -0.5007409231084828 -0.7498898277880032 -0.43234682155018045
vn -0.3814028869678923 -0.8004088011974335 -0.46246901385740896
vn -0.5007409231084828 -0.7498898277880032 -0.43234682155018045
vn -0.48886526146270515 -0.7555193762977456 -0.43612065781577763
vn -0.48886526146270515 -0.7555193762977456 -0.43612065781577763
vn -0.4595775823164247 -0.7692191251954988 -0.4439486268315976
vn -0.45006161589006705 -0.7735583647582005 -0.4461524383156954
vn -0.4373969548317292 -0.7785180465135865 -0.4501039381705068
vn -0.45006161589006705 -0.7735583647582005 -0.4461524383156954
vn -0.4595775823164247 -0.7692191251954988 -0.4439486268315976
vn -0.45006161589006705 -0.7735583647582005 -0.4461524383156954
vn -0.4373969548317292 -0.7785180465135865 -0.4501039381705068
vn -0.4373969548317292 -0.7785180465135865 -0.4501039381705068
vn -0.5007409231084828 -0.7498898277880032 -0.43234682155018045
vn -0.3814028869678923 -0.8004088011974335 -0.46246901385740896
vn -0.31618505171700156 -0.8214957386511277 -0.47452267011045407
vn -0.3814028869678923 -0.8004088011974335 -0.46246901385740896
vn -0.22709275186240774 -0.8434168051628572 -0.4869055091292743
vn -0.31618505171700156 -0.8214957386511277 -0.47452267011045407
vn -0.31618505171700156 -0.8214957386511277 -0.47452267011045407
vn -0.22709275186240774 -0.8434168051628572 -0.4869055091292743
vn -0.22709275186240774 -0.8434168051628572 -0.4869055091292743
vn 0.8501353966173258 -0.4311714831902295 0.30225975501518504
vn 0.9419247379031908 -0.27491142044308514 0.1928769012504371
vn 0.960471681178886 -0.22803303193402502 0.15967180715574092
vn 0.9419247379031908 -0.27491142044308514 0.1928769012504371
vn 0.8501353966173258 -0.4311714831902295 0.30225975501518504
vn 0.7782662341573657 -0.5144468150886716 0.36006408209599905
vn 0.7024025765790224 -0.5831357515408063 0.4081461940164204
vn 0.7782662341573657 -0.5144468150886716 0.36006408209599905
vn 0.8501353966173258 -0.4311714831902295 0.30225975501518504
vn 0.7782662341573657 -0.5144468150886716 0.36006408209599905
vn 0.7024025765790224 -0.5831357515408063 0.4081461940164204
vn 0.7024025765790224 -0.5831357515408063 0.4081461940164204
vn 0.8475469762800109 0.45967802199744373 0.26525504536413314
vn 0.9424940392638486 0.2897347639402348 0.16660958110688406
vn 0.7800767341444116 0.5417060464517924 0.3131051709636198
vn 0.9424940392638486 0.2897347639402348 0.16660958110688406
vn 0.8475469762800109 0.45967802199744373 0.26525504536413314
vn 0.9598963229655907 0.24278269960744572 0.14019846621293458
vn 0.7800767341444116 0.5417060464517924 0.3131051709636198
vn 0.7018884369202733 0.6168992908346584 0.35607286766238055
vn 0.8475469762800109 0.45967802199744373 0.26525504536413314
vn 0.7018884369202733 0.6168992908346584 0.35607286766238055
vn 0.7800767341444116 0.5417060464517924 0.3131051709636198
vn 0.7018884369202733 0.6168992908346584 0.35607286766238055
vn 0.9424940392638486 -0.2897347639402348 -0.16660958110688406
vn 0.8475469762800109 -0.45967802199744373 -0.26525504536413314
vn 0.9598963229655907 -0.24278269960744572 -0.14019846621293458
vn 0.8475469762800109 -0.45967802199744373 -0.26525504536413314
vn 0.9424940392638486 -0.2897347639402348 -0.16660958110688406
vn 0.7800767341444116 -0.5417060464517924 -0.3131051709636198
vn 0.7800767341444116 -0.5417060464517924 -0.3131051709636198
vn 0.7018884369202733 -0.6168992908346584 -0.35607286766238055
vn 0.8475469762800109 -0.45967802199744373 -0.26525504536413314
vn 0.7018884369202733 -0.6168992908346584 -0.35607286766238055
vn 0.7800767341444116 -0.5417060464517924 -0.3131051709636198
vn 0.7018884369202733 -0.6168992908346584 -0.35607286766238055
vn -0.15486546771416881 0.0346860007258767 0.987326475013871
vn -0.1744531376249066 0.004398289498516453 0.9846556544408368
vn -0.13331235776966086 0.02295076418560205 0.9908082951253441
vn -0.13331235776966086 0.02295076418560205 0.9908082951253441
vn -0.048353202167235515 0.004396109386325873 0.9988206255691949
vn -0.15486546771416881 0.0346860007258767 0.987326475013871
vn -0.048353202167235515 0.004396109386325873 0.9988206255691949
vn -0.13331235776966086 0.02295076418560205 0.9908082951253441
vn -0.03567404577231116 0.0024438252220240282 0.9993604906021246
vn -0.1744531376249066 0.004398289498516453 0.9846556544408368
vn -0.15486546771416881 0.0346860007258767 0.987326475013871
vn -0.1704984100452719 -0.043479378832935574 0.9843982099680681
vn -0.1704984100452719 -0.043479378832935574 0.9843982099680681
vn -0.16651191285418185 -0.08935978064049192 0.9819819817499325
vn -0.1744531376249066 0.004398289498516453 0.9846556544408368
vn -0.16651191285418185 -0.08935978064049192 0.9819819817499325
vn -0.1704984100452719 -0.043479378832935574 0.9843982099680681
vn -0.16651191285418185 -0.08935978064049192 0.9819819817499325
vn 0.018069098182382465 -0.018069098182382465 0.9996734543748527
vn -0.048353202167235515 0.004396109386325873 0.9988206255691949
vn -0.03567404577231116 0.0024438252220240282 0.9993604906021246
vn 0.018069098182382465 -0.018069098182382465 0.9996734543748527
vn 0.018069098182382465 -0.018069098182382465 0.9996734543748527
vn -0.048353202167235515 0.004396109386325873 0.9988206255691949
vn -0.12356533605398955 0.02783931608262763 0.9919458554809917
vn 0.018069098182382465 -0.018069098182382465 0.9996734543748527
vn 0.018069098182382465 -0.018069098182382465 0.9996734543748527
vn -0.12356533605398955 0.02783931608262763 0.9919458554809917
vn -0.07960685526111538 0.008302690889308444 0.9967917605595626
vn 0.018069098182382465 -0.018069098182382465 0.9996734543748527
vn -0.12356533605398955 0.02783931608262763 0.9919458554809917
vn -0.2681144035531331 0.09523166262219553 0.9586686586311037
vn -0.07960685526111538 0.008302690889308444 0.9967917605595626
vn -0.2681144035531331 0.09523166262219553 0.9586686586311037
vn -0.12356533605398955 0.02783931608262763 0.9919458554809917
vn -0.3209044862993533 0.12162109827735168 0.9392702588322271
vn -0.2681144035531331 0.09523166262219553 0.9586686586311037
vn -0.3209044862993533 0.12162109827735168 0.9392702588322271
vn -0.36100728379008684 0.14117859470594463 0.9218147023384681
vn -0.15486546771416881 -0.0346860007258767 -0.987326475013871
vn -0.1744531376249066 -0.004398289498516453 -0.9846556544408368
vn -0.13331235776966086 -0.02295076418560205 -0.9908082951253441
vn -0.13331235776966086 -0.02295076418560205 -0.9908082951253441
vn -0.048353202167235515 -0.004396109386325873 -0.9988206255691949
vn -0.15486546771416881 -0.0346860007258767 -0.987326475013871
vn -0.048353202167235515 -0.004396109386325873 -0.9988206255691949
vn -0.13331235776966086 -0.02295076418560205 -0.9908082951253441
vn -0.03567404577231116 -0.0024438252220240282 -0.9993604906021246
vn -0.1744531376249066 -0.004398289498516453 -0.9846556544408368
vn -0.15486546771416881 -0.0346860007258767 -0.987326475013871
vn -0.1704984100452719 0.043479378832935574 -0.9843982099680681
vn -0.1704984100452719 0.043479378832935574 -0.9843982099680681
vn -0.16651191285418185 0.08935978064049192 -0.9819819817499325
vn -0.1744531376249066 -0.004398289498516453 -0.9846556544408368
vn -0.16651191285418185 0.08935978064049192 -0.9819819817499325
vn -0.1704984100452719 0.043479378832935574 -0.9843982099680681
vn -0.16651191285418185 0.08935978064049192 -0.9819819817499325
vn 0.018069098182382465 0.018069098182382465 -0.9996734543748527
vn -0.048353202167235515 -0.004396109386325873 -0.9988206255691949
vn -0.03567404577231116 -0.0024438252220240282 -0.9993604906021246
vn 0.018069098182382465 0.018069098182382465 -0.9996734543748527
vn 0.018069098182382465 0.018069098182382465 -0.9996734543748527
vn -0.048353202167235515 -0.004396109386325873 -0.9988206255691949
vn -0.12356533605398955 -0.02783931608262763 -0.9919458554809917
vn 0.018069098182382465 0.018069098182382465 -0.9996734543748527
vn 0.018069098182382465 0.018069098182382465 -0.9996734543748527
vn -0.12356533605398955 -0.02783931608262763 -0.9919458554809917
vn -0.07960685526111538 -0.008302690889308444 -0.9967917605595626
vn 0.018069098182382465 0.018069098182382465 -0.9996734543748527
vn -0.12356533605398955 -0.02783931608262763 -0.9919458554809917
vn -0.2681144035531331 -0.09523166262219553 -0.9586686586311037
vn -0.07960685526111538 -0.008302690889308444 -0.9967917605595626
vn -0.2681144035531331 -0.09523166262219553 -0.9586686586311037
vn -0.12356533605398955 -0.02783931608262763 -0.9919458554809917
vn -0.3209044862993533 -0.12162109827735168 -0.9392702588322271
vn -0.2681144035531331 -0.09523166262219553 -0.9586686586311037
vn -0.3209044862993533 -0.12162109827735168 -0.9392702588322271
vn -0.36100728379008684 -0.14117859470594463 -0.9218147023384681
vn -0.15490421444253955 0.05130931404182528 0.9865961882353372
vn -0.13237285873502108 0.06398820234582643 0.989132415923605
vn -0.1753513583568316 0.07961644926076696 0.9812813674627282
vn -0.13237285873502108 0.06398820234582643 0.989132415923605
vn -0.15490421444253955 0.05130931404182528 0.9865961882353372
vn -0.048373371613096294 0.08355491196940877 0.995328384808032
vn -0.048373371613096294 0.08355491196940877 0.995328384808032
vn -0.03565106111626317 0.0844880779291435 0.9957865065008279
vn -0.13237285873502108 0.06398820234582643 0.989132415923605
vn -0.1753513583568316 0.07961644926076696 0.9812813674627282
vn -0.1734262740729143 0.12750493988366293 0.9765581486867282
vn -0.15490421444253955 0.05130931404182528 0.9865961882353372
vn -0.17046123033648256 0.17046123033648256 0.9705080823488001
vn -0.1734262740729143 0.12750493988366293 0.9765581486867282
vn -0.1753513583568316 0.07961644926076696 0.9812813674627282
vn -0.1734262740729143 0.12750493988366293 0.9765581486867282
vn -0.17046123033648256 0.17046123033648256 0.9705080823488001
vn -0.17046123033648256 0.17046123033648256 0.9705080823488001
vn -0.048373371613096294 0.08355491196940877 0.995328384808032
vn 0.01807799451425103 0.10504939490963199 0.9943026756191812
vn -0.03565106111626317 0.0844880779291435 0.9957865065008279
vn 0.01807799451425103 0.10504939490963199 0.9943026756191812
vn -0.048373371613096294 0.08355491196940877 0.995328384808032
vn 0.01807799451425103 0.10504939490963199 0.9943026756191812
vn 0.01807799451425103 0.10504939490963199 0.9943026756191812
vn -0.12364379964924717 0.0581569544178734 0.9906210069754903
vn 0.01807799451425103 0.10504939490963199 0.9943026756191812
vn -0.12364379964924717 0.0581569544178734 0.9906210069754903
vn 0.01807799451425103 0.10504939490963199 0.9943026756191812
vn -0.0776544275977223 0.07863117092282859 0.9938747047962209
vn -0.0776544275977223 0.07863117092282859 0.9938747047962209
vn -0.26714791907113233 -0.011232969433549312 0.9635900631148439
vn -0.12364379964924717 0.0581569544178734 0.9906210069754903
vn -0.3218349837338932 -0.039557706963683624 0.9459690433966537
vn -0.12364379964924717 0.0581569544178734 0.9906210069754903
vn -0.26714791907113233 -0.011232969433549312 0.9635900631148439
vn -0.3218349837338932 -0.039557706963683624 0.9459690433966537
vn -0.26714791907113233 -0.011232969433549312 0.9635900631148439
vn -0.3610132302824166 -0.06008753931758978 0.9306228748423347
vn -0.15490421444253955 -0.05130931404182528 -0.9865961882353372
vn -0.13237285873502108 -0.06398820234582643 -0.989132415923605
vn -0.1753513583568316 -0.07961644926076696 -0.9812813674627282
vn -0.13237285873502108 -0.06398820234582643 -0.989132415923605
vn -0.15490421444253955 -0.05130931404182528 -0.9865961882353372
vn -0.04837729869051208 -0.0825844116942739 -0.9954091881816841
vn -0.04837729869051208 -0.0825844116942739 -0.9954091881816841
vn -0.03565106111626317 -0.0844880779291435 -0.9957865065008279
vn -0.13237285873502108 -0.06398820234582643 -0.989132415923605
vn -0.1753513583568316 -0.07961644926076696 -0.9812813674627282
vn -0.1734262740729143 -0.12750493988366293 -0.9765581486867282
vn -0.15490421444253955 -0.05130931404182528 -0.9865961882353372
vn -0.17046123033648256 -0.17046123033648256 -0.9705080823488001
vn -0.1734262740729143 -0.12750493988366293 -0.9765581486867282
vn -0.1753513583568316 -0.07961644926076696 -0.9812813674627282
vn -0.1734262740729143 -0.12750493988366293 -0.9765581486867282
vn -0.17046123033648256 -0.17046123033648256 -0.9705080823488001
vn -0.17046123033648256 -0.17046123033648256 -0.9705080823488001
vn -0.04837729869051208 -0.0825844116942739 -0.9954091881816841
vn 0.01807799451425103 -0.10504939490963199 -0.9943026756191812
vn -0.03565106111626317 -0.0844880779291435 -0.9957865065008279
vn 0.01807799451425103 -0.10504939490963199 -0.9943026756191812
vn -0.04837729869051208 -0.0825844116942739 -0.9954091881816841
vn 0.01807799451425103 -0.10504939490963199 -0.9943026756191812
vn 0.01807799451425103 -0.10504939490963199 -0.9943026756191812
vn -0.12364379964924717 -0.0581569544178734 -0.9906210069754903
vn 0.01807799451425103 -0.10504939490963199 -0.9943026756191812
vn -0.12364379964924717 -0.0581569544178734 -0.9906210069754903
vn 0.01807799451425103 -0.10504939490963199 -0.9943026756191812
vn -0.0776544275977223 -0.07863117092282859 -0.9938747047962209
vn -0.0776544275977223 -0.07863117092282859 -0.9938747047962209
vn -0.26714791907113233 0.011232969433549312 -0.9635900631148439
vn -0.12364379964924717 -0.0581569544178734 -0.9906210069754903
vn -0.3218349837338932 0.039557706963683624 -0.9459690433966537
vn -0.12364379964924717 -0.0581569544178734 -0.9906210069754903
vn -0.26714791907113233 0.011232969433549312 -0.9635900631148439
vn -0.3218349837338932 0.039557706963683624 -0.9459690433966537
vn -0.26714791907113233 0.011232969433549312 -0.9635900631148439
vn -0.3610132302824166 0.06008753931758978 -0.9306228748423347
vn -0.1362632726674634 -0.9225856404336695 -0.3609266637248468
vn -0.18317273854418467 -0.9236787598261464 -0.3365490996871868
vn -0.15103570100139213 -0.9174544060982767 -0.36805655781941543
vn -0.1362632726674634 -0.9225856404336695 -0.3609266637248468
vn -0.15103570100139213 -0.9174544060982767 -0.36805655781941543
vn -0.04542742222883836 -0.9373745174221926 -0.34534817705781284
vn -0.03467630994935704 -0.9382118571470462 -0.344319712820783
vn -0.1362632726674634 -0.9225856404336695 -0.3609266637248468
vn -0.04542742222883836 -0.9373745174221926 -0.34534817705781284
vn -0.18317273854418467 -0.9236787598261464 -0.3365490996871868
vn -0.18612244757464652 -0.9296352767545651 -0.3180199470509447
vn -0.15103570100139213 -0.9174544060982767 -0.36805655781941543
vn -0.18317273854418467 -0.9236787598261464 -0.3365490996871868
vn -0.19097259931661661 -0.9431423861269105 -0.2720512925922108
vn -0.18612244757464652 -0.9296352767545651 -0.3180199470509447
vn -0.19097259931661661 -0.9431423861269105 -0.2720512925922108
vn -0.18317273854418467 -0.9236787598261464 -0.3365490996871868
vn -0.19097259931661661 -0.9431423861269105 -0.2720512925922108
vn 0.019051027044847877 -0.9452376661513562 -0.3258263538409288
vn -0.03467630994935704 -0.9382118571470462 -0.344319712820783
vn -0.04542742222883836 -0.9373745174221926 -0.34534817705781284
vn 0.019051027044847877 -0.9452376661513562 -0.3258263538409288
vn 0.018080152283611046 -0.9455554040745827 -0.3249585910831623
vn -0.03467630994935704 -0.9382118571470462 -0.344319712820783
vn 0.019051027044847877 -0.9452376661513562 -0.3258263538409288
vn -0.10500140823369111 -0.9274288533322169 -0.3589574156858041
vn 0.018080152283611046 -0.9455554040745827 -0.3249585910831623
vn -0.10500140823369111 -0.9274288533322169 -0.3589574156858041
vn 0.019051027044847877 -0.9452376661513562 -0.3258263538409288
vn -0.08649268439790106 -0.9318729181347981 -0.35232354447663744
vn -0.10500140823369111 -0.9274288533322169 -0.3589574156858041
vn -0.08649268439790106 -0.9318729181347981 -0.35232354447663744
vn -0.2750012966488759 -0.8650567080389585 -0.4195845310759647
vn -0.31401207712484924 -0.8453428769177949 -0.43219421081740966
vn -0.10500140823369111 -0.9274288533322169 -0.3589574156858041
vn -0.2750012966488759 -0.8650567080389585 -0.4195845310759647
vn -0.31401207712484924 -0.8453428769177949 -0.43219421081740966
vn -0.2750012966488759 -0.8650567080389585 -0.4195845310759647
vn -0.3609113966934332 -0.8180338777828797 -0.4478432075361867
vn -0.1362632726674634 0.9225856404336695 0.3609266637248468
vn -0.18317273854418467 0.9236787598261464 0.3365490996871868
vn -0.15103570100139213 0.9174544060982767 0.36805655781941543
vn -0.1362632726674634 0.9225856404336695 0.3609266637248468
vn -0.15103570100139213 0.9174544060982767 0.36805655781941543
vn -0.04542740633382413 0.9373741894356911 0.3453490693972735
vn -0.03467630994935704 0.9382118571470462 0.344319712820783
vn -0.1362632726674634 0.9225856404336695 0.3609266637248468
vn -0.04542740633382413 0.9373741894356911 0.3453490693972735
vn -0.18317273854418467 0.9236787598261464 0.3365490996871868
vn -0.18612244757464652 0.9296352767545651 0.3180199470509447
vn -0.15103570100139213 0.9174544060982767 0.36805655781941543
vn -0.18317273854418467 0.9236787598261464 0.3365490996871868
vn -0.19097259931661661 0.9431423861269105 0.2720512925922108
vn -0.18612244757464652 0.9296352767545651 0.3180199470509447
vn -0.19097259931661661 0.9431423861269105 0.2720512925922108
vn -0.18317273854418467 0.9236787598261464 0.3365490996871868
vn -0.19097259931661661 0.9431423861269105 0.2720512925922108
vn 0.019051027044847877 0.9452376661513562 0.3258263538409288
vn -0.03467630994935704 0.9382118571470462 0.344319712820783
vn -0.04542740633382413 0.9373741894356911 0.3453490693972735
vn 0.019051027044847877 0.9452376661513562 0.3258263538409288
vn 0.018080152283611046 0.9455554040745827 0.3249585910831623
vn -0.03467630994935704 0.9382118571470462 0.344319712820783
vn 0.019051027044847877 0.9452376661513562 0.3258263538409288
vn -0.10500140823369111 0.9274288533322169 0.3589574156858041
vn 0.018080152283611046 0.9455554040745827 0.3249585910831623
vn -0.10500140823369111 0.9274288533322169 0.3589574156858041
vn 0.019051027044847877 0.9452376661513562 0.3258263538409288
vn -0.08649268439790106 0.9318729181347981 0.35232354447663744
vn -0.10500140823369111 0.9274288533322169 0.3589574156858041
vn -0.08649268439790106 0.9318729181347981 0.35232354447663744
vn -0.2750012966488759 0.8650567080389585 0.4195845310759647
vn -0.31401207712484924 0.8453428769177949 0.43219421081740966
vn -0.10500140823369111 0.9274288533322169 0.3589574156858041
vn -0.2750012966488759 0.8650567080389585 0.4195845310759647
vn -0.31401207712484924 0.8453428769177949 0.43219421081740966
vn -0.2750012966488759 0.8650567080389585 0.4195845310759647
vn -0.3609113966934332 0.8180338777828797 0.4478432075361867
vn -0.15189806372814493 0.8815926233595653 -0.4469020302858783
vn -0.18222103988718152 0.8905868671804263 -0.41671396020314455
vn -0.13532313347667635 0.8876606002004584 -0.44016622814320444
vn -0.13532313347667635 0.8876606002004584 -0.44016622814320444
vn -0.04642973580284514 0.9036765794969135 -0.4256911078493849
vn -0.15189806372814493 0.8815926233595653 -0.4469020302858783
vn -0.04642973580284514 0.9036765794969135 -0.4256911078493849
vn -0.13532313347667635 0.8876606002004584 -0.44016622814320444
vn -0.033694644865513476 0.9048683889596357 -0.42435582895605445
vn -0.18222103988718152 0.8905868671804263 -0.41671396020314455
vn -0.15189806372814493 0.8815926233595653 -0.4469020302858783
vn -0.18511965347608503 0.9001992858239641 -0.39417249992727704
vn -0.18511965347608503 0.9001992858239641 -0.39417249992727704
vn -0.18906482542118405 0.9169899322726867 -0.35126052425370907
vn -0.18222103988718152 0.8905868671804263 -0.41671396020314455
vn -0.18906482542118405 0.9169899322726867 -0.35126052425370907
vn -0.18222103988718152 0.8905868671804263 -0.41671396020314455
vn -0.18906482542118405 0.9169899322726867 -0.35126052425370907
vn -0.033694644865513476 0.9048683889596357 -0.42435582895605445
vn 0.01905573349453424 0.9132219108270694 -0.40701673258766796
vn -0.04642973580284514 0.9036765794969135 -0.4256911078493849
vn 0.01905573349453424 0.9132219108270694 -0.40701673258766796
vn -0.033694644865513476 0.9048683889596357 -0.42435582895605445
vn 0.018069899736674763 0.9137630787955795 -0.4058454318500216
vn -0.10799574111349795 0.891819337865407 -0.4393121766018482
vn 0.01905573349453424 0.9132219108270694 -0.40701673258766796
vn 0.018069899736674763 0.9137630787955795 -0.4058454318500216
vn -0.10799574111349795 0.891819337865407 -0.4393121766018482
vn -0.083565765979639 0.8986974157773613 -0.43053422353086995
vn 0.01905573349453424 0.9132219108270694 -0.40701673258766796
vn -0.10799574111349795 0.891819337865407 -0.4393121766018482
vn -0.27308843246499315 0.8261034272496233 -0.4929257911088031
vn -0.083565765979639 0.8986974157773613 -0.43053422353086995
vn -0.27308843246499315 0.8261034272496233 -0.4929257911088031
vn -0.10799574111349795 0.891819337865407 -0.4393121766018482
vn -0.3161069522874798 0.8027267852840841 -0.5056739096522589
vn -0.27308843246499315 0.8261034272496233 -0.4929257911088031
vn -0.3161069522874798 0.8027267852840841 -0.5056739096522589
vn -0.3609164527592484 0.7760439335859557 -0.5171993109741331
vn -0.15189806372814493 -0.8815926233595653 0.4469020302858783
vn -0.18222103988718152 -0.8905868671804263 0.41671396020314455
vn -0.13532313347667635 -0.8876606002004584 0.44016622814320444
vn -0.13532313347667635 -0.8876606002004584 0.44016622814320444
vn -0.04642973580284514 -0.9036765794969135 0.4256911078493849
vn -0.15189806372814493 -0.8815926233595653 0.4469020302858783
vn -0.04642973580284514 -0.9036765794969135 0.4256911078493849
vn -0.13532313347667635 -0.8876606002004584 0.44016622814320444
vn -0.033694644865513476 -0.9048683889596357 0.42435582895605445
vn -0.18222103988718152 -0.8905868671804263 0.41671396020314455
vn -0.15189806372814493 -0.8815926233595653 0.4469020302858783
vn -0.18511965347608503 -0.9001992858239641 0.39417249992727704
vn -0.18511965347608503 -0.9001992858239641 0.39417249992727704
vn -0.18906482542118405 -0.9169899322726867 0.35126052425370907
vn -0.18222103988718152 -0.8905868671804263 0.41671396020314455
vn -0.18906482542118405 -0.9169899322726867 0.35126052425370907
vn -0.18222103988718152 -0.8905868671804263 0.41671396020314455
vn -0.18906482542118405 -0.9169899322726867 0.35126052425370907
vn -0.033694644865513476 -0.9048683889596357 0.42435582895605445
vn 0.01905573349453424 -0.9132219108270694 0.40701673258766796
vn -0.04642973580284514 -0.9036765794969135 0.4256911078493849
vn 0.01905573349453424 -0.9132219108270694 0.40701673258766796
vn -0.033694644865513476 -0.9048683889596357 0.42435582895605445
vn 0.018069899736674763 -0.9137630787955795 0.4058454318500216
vn -0.10799574111349795 -0.891819337865407 0.4393121766018482
vn 0.01905573349453424 -0.9132219108270694 0.40701673258766796
vn 0.018069899736674763 -0.9137630787955795 0.4058454318500216
vn -0.10799574111349795 -0.891819337865407 0.4393121766018482
vn -0.083565765979639 -0.8986974157773613 0.43053422353086995
vn 0.01905573349453424 -0.9132219108270694 0.40701673258766796
vn -0.10799574111349795 -0.891819337865407 0.4393121766018482
vn -0.27308843246499315 -0.8261034272496233 0.4929257911088031
vn -0.083565765979639 -0.8986974157773613 0.43053422353086995
vn -0.27308843246499315 -0.8261034272496233 0.4929257911088031
vn -0.10799574111349795 -0.891819337865407 0.4393121766018482
vn -0.3161069522874798 -0.8027267852840841 0.5056739096522589
vn -0.27308843246499315 -0.8261034272496233 0.4929257911088031
vn -0.3161069522874798 -0.8027267852840841 0.5056739096522589
vn -0.3609164527592484 -0.7760439335859557 0.5171993109741331
vn -0.4411841003302691 -0.7353071617473087 0.5144705700998724
vn -0.4411841003302691 -0.7353071617473087 0.5144705700998724
vn -0.4411841003302691 -0.7353071617473087 0.5144705700998724
vn -0.4411841003302691 -0.7353071617473087 0.5144705700998724
vn -0.4411841003302691 -0.7353071617473087 0.5144705700998724
vn -0.4411841003302691 -0.7353071617473087 0.5144705700998724
vn -0.12653204481464533 -0.8124403848268148 0.5691487175927588
vn -0.12653204481464533 -0.8124403848268148 0.5691487175927588
vn -0.12653204481464533 -0.8124403848268148 0.5691487175927588
vn -0.12653204481464533 -0.8124403848268148 0.5691487175927588
vn -0.12653204481464533 -0.8124403848268148 0.5691487175927588
vn -0.12653204481464533 -0.8124403848268148 0.5691487175927588
vn -0.4411841003302691 0.7353071617473087 -0.5144705700998724
vn -0.4411841003302691 0.7353071617473087 -0.5144705700998724
vn -0.4411841003302691 0.7353071617473087 -0.5144705700998724
vn -0.4411841003302691 0.7353071617473087 -0.5144705700998724
vn -0.4411841003302691 0.7353071617473087 -0.5144705700998724
vn -0.4411841003302691 0.7353071617473087 -0.5144705700998724
vn -0.12653204481464533 0.8124403848268148 -0.5691487175927588
vn -0.12653204481464533 0.8124403848268148 -0.5691487175927588
vn -0.12653204481464533 0.8124403848268148 -0.5691487175927588
vn -0.12653204481464533 0.8124403848268148 -0.5691487175927588
vn -0.12653204481464533 0.8124403848268148 -0.5691487175927588
vn -0.12653204481464533 0.8124403848268148 -0.5691487175927588
vn -0.4410781668224025 0.7771383738092742 0.44889419544661724
vn -0.4410781668224025 0.7771383738092742 0.44889419544661724
vn -0.4410781668224025 0.7771383738092742 0.44889419544661724
vn -0.4410781668224025 0.7771383738092742 0.44889419544661724
vn -0.4410781668224025 0.7771383738092742 0.44889419544661724
vn -0.4410781668224025 0.7771383738092742 0.44889419544661724
vn -0.12650921791478592 0.8591852349028294 0.4957783273879154
vn -0.12650921791478592 0.8591852349028294 0.4957783273879154
vn -0.12650921791478592 0.8591852349028294 0.4957783273879154
vn -0.12650921791478592 0.8591852349028294 0.4957783273879154
vn -0.12650921791478592 0.8591852349028294 0.4957783273879154
vn -0.12650921791478592 0.8591852349028294 0.4957783273879154
vn -0.4410781668224025 -0.7771383738092742 -0.44889419544661724
vn -0.4410781668224025 -0.7771383738092742 -0.44889419544661724
vn -0.4410781668224025 -0.7771383738092742 -0.44889419544661724
vn -0.4410781668224025 -0.7771383738092742 -0.44889419544661724
vn -0.4410781668224025 -0.7771383738092742 -0.44889419544661724
vn -0.4410781668224025 -0.7771383738092742 -0.44889419544661724
vn -0.12650921791478592 -0.8591852349028294 -0.4957783273879154
vn -0.12650921791478592 -0.8591852349028294 -0.4957783273879154
vn -0.12650921791478592 -0.8591852349028294 -0.4957783273879154
vn -0.12650921791478592 -0.8591852349028294 -0.4957783273879154
vn -0.12650921791478592 -0.8591852349028294 -0.4957783273879154
vn -0.12650921791478592 -0.8591852349028294 -0.4957783273879154
vn 0.008301991412096891 -0.8189512240960263 0.5738030755322018
vn 0.008301991412096891 -0.8189512240960263 0.5738030755322018
vn 0.008301991412096891 -0.8189512240960263 0.5738030755322018
vn 0.008301991412096891 -0.8189512240960263 0.5738030755322018
vn 0.008301991412096891 -0.8189512240960263 0.5738030755322018
vn 0.008301991412096891 -0.8189512240960263 0.5738030755322018
vn 0.008301991412096891 0.8189512240960263 -0.5738030755322018
vn 0.008301991412096891 0.8189512240960263 -0.5738030755322018
vn 0.008301991412096891 0.8189512240960263 -0.5738030755322018
vn 0.008301991412096891 0.8189512240960263 -0.5738030755322018
vn 0.008301991412096891 0.8189512240960263 -0.5738030755322018
vn 0.008301991412096891 0.8189512240960263 -0.5738030755322018
vn 0.008304859031120132 0.8661313113666211 0.49974751703916503
vn 0.008304859031120132 0.8661313113666211 0.49974751703916503
vn 0.008304859031120132 0.8661313113666211 0.49974751703916503
vn 0.008304859031120132 0.8661313113666211 0.49974751703916503
vn 0.008304859031120132 0.8661313113666211 0.49974751703916503
vn 0.008304859031120132 0.8661313113666211 0.49974751703916503
vn 0.008304859031120132 -0.8661313113666211 -0.49974751703916503
vn 0.008304859031120132 -0.8661313113666211 -0.49974751703916503
vn 0.008304859031120132 -0.8661313113666211 -0.49974751703916503
vn 0.008304859031120132 -0.8661313113666211 -0.49974751703916503
vn 0.008304859031120132 -0.8661313113666211 -0.49974751703916503
vn 0.008304859031120132 -0.8661313113666211 -0.49974751703916503
vn 0.31812914494292305 -0.7765097393050969 0.5438993214761486
vn 0.31812914494292305 -0.7765097393050969 0.5438993214761486
vn 0.31812914494292305 -0.7765097393050969 0.5438993214761486
vn 0.31812914494292305 -0.7765097393050969 0.5438993214761486
vn 0.31812914494292305 -0.7765097393050969 0.5438993214761486
vn 0.31812914494292305 -0.7765097393050969 0.5438993214761486
vn 0.31812914494292305 0.7765097393050969 -0.5438993214761486
vn 0.31812914494292305 0.7765097393050969 -0.5438993214761486
vn 0.31812914494292305 0.7765097393050969 -0.5438993214761486
vn 0.31812914494292305 0.7765097393050969 -0.5438993214761486
vn 0.31812914494292305 0.7765097393050969 -0.5438993214761486
vn 0.31812914494292305 0.7765097393050969 -0.5438993214761486
vn 0.3179427180871141 0.8209869147427167 0.4742287568638295
vn 0.3179427180871141 0.8209869147427167 0.4742287568638295
vn 0.3179427180871141 0.8209869147427167 0.4742287568638295
vn 0.3179427180871141 0.8209869147427167 0.4742287568638295
vn 0.3179427180871141 0.8209869147427167 0.4742287568638295
vn 0.3179427180871141 0.8209869147427167 0.4742287568638295
vn 0.3179427180871141 -0.8209869147427167 -0.4742287568638295
vn 0.3179427180871141 -0.8209869147427167 -0.4742287568638295
vn 0.3179427180871141 -0.8209869147427167 -0.4742287568638295
vn 0.3179427180871141 -0.8209869147427167 -0.4742287568638295
vn 0.3179427180871141 -0.8209869147427167 -0.4742287568638295
vn 0.3179427180871141 -0.8209869147427167 -0.4742287568638295
vn 0.9999997608790875 0.0004889998812668338 0.0004889998812668338
vn 0.9999997608790875 0.0004889998812668338 0.0004889998812668338
vn 0.9999997608790875 0.0004889998812668338 0.0004889998812668338
vn 0.9999997608790875 0.0004889998812668338 0.0004889998812668338
vn 0.9999997608790875 0.0004889998812668338 0.0004889998812668338
vn 0.9999997608790875 0.0004889998812668338 0.0004889998812668338
vn 0.9999997608790875 0.0004889998812668338 0.0004889998812668338
vn 0.9999997608790875 0.0004889998812668338 0.0004889998812668338
vn 0.9999997608790875 0.0004889998812668338 0.0004889998812668338
vn 0.9999997608790875 0.0004889998812668338 0.0004889998812668338
vn 0.9999997608790875 0.0004889998812668338 0.0004889998812668338
vn 0.9999997608790875 0.0004889998812668338 0.0004889998812668338
vn 0.9999997608790875 0.0004889998812668338 0.0004889998812668338
vn 0.9999997608790875 0.0004889998812668338 0.0004889998812668338
vn 0.9999997608790875 0.0004889998812668338 0.0004889998812668338
vn 0.9999997608790875 0.0004889998812668338 0.0004889998812668338
vn 0.9999997608790875 0.0004889998812668338 0.0004889998812668338
vn 0.9999997608790875 0.0004889998812668338 0.0004889998812668338
vn -0.0004889998812668338 -0.0004889998812668338 0.9999997608790875
vn -0.0004889835915144365 -0.7605994846599496 0.6492212140942919
vn -0.0004889998812668338 0.0004889998812668338 0.9999997608790875
vn -0.0004889835915144365 -0.7605994846599496 0.6492212140942919
vn -0.0004889998812668338 -0.0004889998812668338 0.9999997608790875
vn -0.0004889835915144365 -0.7605994846599496 0.6492212140942919
vn 0.0004889998812668338 -0.9999997608790875 0.0004889998812668338
vn -0.0004889835915144365 -0.7605994846599496 0.6492212140942919
vn -0.0004889835915144365 -0.7605994846599496 0.6492212140942919
vn -0.0004889835915144365 -0.7605994846599496 0.6492212140942919
vn 0.0004889998812668338 -0.9999997608790875 0.0004889998812668338
vn 0.0004889998812668338 -0.9999997608790875 -0.0004889998812668338
vn 0.0004889835915144365 -0.7605994846599496 -0.6492212140942919
vn 0.0004889998812668338 -0.9999997608790875 -0.0004889998812668338
vn 0.0004889998812668338 -0.9999997608790875 0.0004889998812668338
vn 0.0004889998812668338 -0.9999997608790875 -0.0004889998812668338
vn 0.0004889835915144365 -0.7605994846599496 -0.6492212140942919
vn 0.0004889835915144365 -0.7605994846599496 -0.6492212140942919
vn 0.0004889998812668338 0.0004889998812668338 -0.9999997608790875
vn 0.0004889835915144365 -0.7605994846599496 -0.6492212140942919
vn 0.0004889835915144365 -0.7605994846599496 -0.6492212140942919
vn 0.0004889835915144365 -0.7605994846599496 -0.6492212140942919
vn 0.0004889998812668338 0.0004889998812668338 -0.9999997608790875
vn 0.0004889998812668338 0.0004889998812668338 -0.9999997608790875
vn 0.0004889835915144365 0.7605994846599496 -0.6492212140942919
vn 0.0004889998812668338 0.0004889998812668338 -0.9999997608790875
vn 0.0004889998812668338 0.0004889998812668338 -0.9999997608790875
vn 0.0004889998812668338 0.0004889998812668338 -0.9999997608790875
vn 0.0004889835915144365 0.7605994846599496 -0.6492212140942919
vn 0.0004889835915144365 0.7605994846599496 -0.6492212140942919
vn 0.0004889835915144365 0.7605994846599496 -0.6492212140942919
vn -0.0004889998812668338 0.9999997608790875 -0.0004889998812668338
vn 0.0004889835915144365 0.7605994846599496 -0.6492212140942919
vn -0.0004889998812668338 0.9999997608790875 -0.0004889998812668338
vn 0.0004889835915144365 0.7605994846599496 -0.6492212140942919
vn -0.0004889998812668338 0.9999997608790875 0.0004889998812668338
vn -0.0004889998812668338 0.9999997608790875 0.0004889998812668338
vn -0.0004889835915144365 0.7605994846599496 0.6492212140942919
vn -0.0004889998812668338 0.9999997608790875 -0.0004889998812668338
vn -0.0004889835915144365 0.7605994846599496 0.6492212140942919
vn -0.0004889998812668338 0.9999997608790875 0.0004889998812668338
vn -0.0004889835915144365 0.7605994846599496 0.6492212140942919
vn -0.0004889835915144365 0.7605994846599496 0.6492212140942919
vn -0.0004889998812668338 0.0004889998812668338 0.9999997608790875
vn -0.0004889835915144365 0.7605994846599496 0.6492212140942919
vn -0.0004889998812668338 0.0004889998812668338 0.9999997608790875
vn -0.0004889835915144365 0.7605994846599496 0.6492212140942919
vn -0.0004889998812668338 -0.0004889998812668338 0.9999997608790875
vn -0.9999997608790875 -0.0004889998812668338 -0.0004889998812668338
vn -0.9999997608790875 -0.0004889998812668338 -0.0004889998812668338
vn -0.9999997608790875 -0.0004889998812668338 -0.0004889998812668338
vn -0.9999997608790875 -0.0004889998812668338 -0.0004889998812668338
vn -0.9999997608790875 -0.0004889998812668338 -0.0004889998812668338
vn -0.9999997608790875 -0.0004889998812668338 -0.0004889998812668338
f 1/1/1 2/2/2 3/3/3
f 4/4/4 5/5/5 6/6/6
f 7/7/7 8/8/8 9/9/9
f 10/10/10 11/11/11 12/12/12
f 13/13/13 14/14/14 15/15/15
f 16/16/16 17/17/17 18/18/18
f 19/19/19 20/20/20 21/21/21
f 22/22/22 23/23/23 24/24/24
f 25/25/25 26/26/26 27/27/27
f 28/28/28 29/29/29 30/30/30
f 31/31/31 32/32/32 33/33/33
f 34/34/34 35/35/35 36/36/36
f 37/37/37 38/38/38 39/39/39
f 40/40/40 41/41/41 42/42/42
f 43/43/43 44/44/44 45/45/45
f 46/46/46 47/47/47 48/48/48
f 49/49/49 50/50/50 51/51/51
f 52/52/52 53/53/53 54/54/54
f 55/55/55 56/56/56 57/57/57
f 58/58/58 59/59/59 60/60/60
f 61/61/61 62/62/62 63/63/63
f 64/64/64 65/65/65 66/66/66
f 67/67/67 68/68/68 69/69/69
f 70/70/70 71/71/71 72/72/72
f 73/73/73 74/74/74 75/75/75
f 76/76/76 77/77/77 78/78/78
f 79/79/79 80/80/80 81/81/81
f 82/82/82 83/83/83 84/84/84
f 85/85/85 86/86/86 87/87/87
f 88/88/88 89/89/89 90/90/90
f 91/91/91 92/92/92 93/93/93
f 94/94/94 95/95/95 96/96/96
f 97/97/97 98/98/98 99/99/99
f 100/100/100 101/101/101 102/102/102
f 103/103/103 104/104/104 105/105/105
f 106/106/106 107/107/107 108/108/108
f 109/109/109 110/110/110 111/111/111
f 112/112/112 113/113/113 114/114/114
f 115/115/115 116/116/116 117/117/117
f 118/118/118 119/119/119 120/120/120
f 121/121/121 122/122/122 123/123/123
f 124/124/124 125/125/125 126/126/126
f 127/127/127 128/128/128 129/129/129
f 130/130/130 131/131/131 132/132/132
f 133/133/133 134/134/134 135/135/135
f 136/136/136 137/137/137 138/138/138
f 139/139/139 140/140/140 141/141/141
f 142/142/142 143/143/143 144/144/144
f 145/145/145 146/146/146 147/147/147
f 148/148/148 149/149/149 150/150/150
f 151/151/151 152/152/152 153/153/153
f 154/154/154 155/155/155 156/156/156
f 157/157/157 158/158/158 159/159/159
f 160/160/160 161/161/161 162/162/162
f 163/163/163 164/164/164 165/165/165
f 166/166/166 167/167/167 168/168/168
f 169/169/169 170/170/170 171/171/171
f 172/172/172 173/173/173 174/174/174
f 175/175/175 176/176/176 177/177/177
f 178/178/178 179/179/179 180/180/180
f 181/181/181 182/182/182 183/183/183
f 184/184/184 185/185/185 186/186/186
f 187/187/187 188/188/188 189/189/189
f 190/190/190 191/191/191 192/192/192
f 193/193/193 194/194/194 195/195/195
f 196/196/196 197/197/197 198/198/198
f 199/199/199 200/200/200 201/201/201
f 202/202/202 203/203/203 204/204/204
f 205/205/205 206/206/206 207/207/207
f 208/208/208 209/209/209 210/210/210
f 211/211/211 212/212/212 213/213/213
f 214/214/214 215/215/215 216/216/216
f 217/217/217 218/218/218 219/219/219
f 220/220/220 221/221/221 222/222/222
f 223/223/223 224/224/224 225/225/225
f 226/226/226 227/227/227 228/228/228
f 229/229/229 230/230/230 231/231/231
f 232/232/232 233/233/233 234/234/234
f 235/235/235 236/236/236 237/237/237
f 238/238/238 239/239/239 240/240/240
f 241/241/241 242/242/242 243/243/243
f 244/244/244 245/245/245 246/246/246
f 247/247/247 248/248/248 249/249/249
f 250/250/250 251/251/251 252/252/252
f 253/253/253 254/254/254 255/255/255
f 256/256/256 257/257/257 258/258/258
f 259/259/259 260/260/260 261/261/261
f 262/262/262 263/263/263 264/264/264
f 265/265/265 266/266/266 267/267/267
f 268/268/268 269/269/269 270/270/270
f 271/271/271 272/272/272 273/273/273
f 274/274/274 275/275/275 276/276/276
f 277/277/277 278/278/278 279/279/279
f 280/280/280 281/281/281 282/282/282
f 283/283/283 284/284/284 285/285/285
f 286/286/286 287/287/287 288/288/288
f 289/289/289 290/290/290 291/291/291
f 292/292/292 293/293/293 294/294/294
f 295/295/295 296/296/296 297/297/297
f 298/298/298 299/299/299 300/300/300
f 301/301/301 302/302/302 303/303/303
f 304/304/304 305/305/305 306/306/306
f 307/307/307 308/308/308 309/309/309
f 310/310/310 311/311/311 312/312/312
f 313/313/313 314/314/314 315/315/315
f 316/316/316 317/317/317 318/318/318
f 319/319/319 320/320/320 321/321/321
f 322/322/322 323/323/323 324/324/324
f 325/325/325 326/326/326 327/327/327
f 328/328/328 329/329/329 330/330/330
f 331/331/331 332/332/332 333/333/333
f 334/334/334 335/335/335 336/336/336
f 337/337/337 338/338/338 339/339/339
f 340/340/340 341/341/341 342/342/342
f 343/343/343 344/344/344 345/345/345
f 346/346/346 347/347/347 348/348/348
f 349/349/349 350/350/350 351/351/351
f 352/352/352 353/353/353 354/354/354
f 355/355/355 356/356/356 357/357/357
f 358/358/358 359/359/359 360/360/360
f 361/361/361 362/362/362 363/363/363
f 364/364/364 365/365/365 366/366/366
f 367/367/367 368/368/368 369/369/369
f 370/370/370 371/371/371 372/372/372
f 373/373/373 374/374/374 375/375/375
f 376/376/376 377/377/377 378/378/378
f 379/379/379 380/380/380 381/381/381
f 382/382/382 383/383/383 384/384/384
f 385/385/385 386/386/386 387/387/387
f 388/388/388 389/389/389 390/390/390
f 391/391/391 392/392/392 393/393/393
f 394/394/394 395/395/395 396/396/396
f 397/397/397 398/398/398 399/399/399
f 400/400/400 401/401/401 402/402/402
f 403/403/403 404/404/404 405/405/405
f 406/406/406 407/407/407 408/408/408
f 409/409/409 410/410/410 411/411/411
f 412/412/412 413/413/413 414/414/414
f 415/415/415 416/416/416 417/417/417
f 418/418/418 419/419/419 420/420/420
f 421/421/421 422/422/422 423/423/423
f 424/424/424 425/425/425 426/426/426
f 427/427/427 428/428/428 429/429/429
f 430/430/430 431/431/431 432/432/432
f 433/433/433 434/434/434 435/435/435
f 436/436/436 437/437/437 438/438/438
f 439/439/439 440/440/440 441/441/441
f 442/442/442 443/443/443 444/444/444
f 445/445/445 446/446/446 447/447/447
f 448/448/448 449/449/449 450/450/450
f 451/451/451 452/452/452 453/453/453
f 454/454/454 455/455/455 456/456/456
f 457/457/457 458/458/458 459/459/459
f 460/460/460 461/461/461 462/462/462
f 463/463/463 464/464/464 465/465/465
f 466/466/466 467/467/467 468/468/468
f 469/469/469 470/470/470 471/471/471
f 472/472/472 473/473/473 474/474/474
f 475/475/475 476/476/476 477/477/477
f 478/478/478 479/479/479 480/480/480
f 481/481/481 482/482/482 483/483/483
f 484/484/484 485/485/485 486/486/486
f 487/487/487 488/488/488 489/489/489
f 490/490/490 491/491/491 492/492/492
f 493/493/493 494/494/494 495/495/495
f 496/496/496 497/497/497 498/498/498
f 499/499/499 500/500/500 501/501/501
f 502/502/502 503/503/503 504/504/504
f 505/505/505 506/506/506 507/507/507
f 508/508/508 509/509/509 510/510/510
f 511/511/511 512/512/512 513/513/513
f 514/514/514 515/515/515 516/516/516
f 517/517/517 518/518/518 519/519/519
f 520/520/520 521/521/521 522/522/522
f 523/523/523 524/524/524 525/525/525
f 526/526/526 527/527/527 528/528/528
f 529/529/529 530/530/530 531/531/531
f 532/532/532 533/533/533 534/534/534
f 535/535/535 536/536/536 537/537/537
f 538/538/538 539/539/539 540/540/540
f 541/541/541 542/542/542 543/543/543
f 544/544/544 545/545/545 546/546/546
f 547/547/547 548/548/548 549/549/549
f 550/550/550 551/551/551 552/552/552
f 553/553/553 554/554/554 555/555/555
f 556/556/556 557/557/557 558/558/558
f 559/559/559 560/560/560 561/561/561
f 562/562/562 563/563/563 564/564/564
f 565/565/565 566/566/566 567/567/567
f 568/568/568 569/569/569 570/570/570
f 571/571/571 572/572/572 573/573/573
f 574/574/574 575/575/575 576/576/576
f 577/577/577 578/578/578 579/579/579
f 580/580/580 581/581/581 582/582/582
f 583/583/583 584/584/584 585/585/585
f 586/586/586 587/587/587 588/588/588
f 589/589/589 590/590/590 591/591/591
f 592/592/592 593/593/593 594/594/594
f 595/595/595 596/596/596 597/597/597
f 598/598/598 599/599/599 600/600/600
f 601/601/601 602/602/602 603/603/603
f 604/604/604 605/605/605 606/606/606
f 607/607/607 608/608/608 609/609/609
f 610/610/610 611/611/611 612/612/612
f 613/613/613 614/614/614 615/615/615
f 616/616/616 617/617/617 618/618/618
f 619/619/619 620/620/620 621/621/621
f 622/622/622 623/623/623 624/624/624
f 625/625/625 626/626/626 627/627/627
f 628/628/628 629/629/629 630/630/630
f 631/631/631 632/632/632 633/633/633
f 634/634/634 635/635/635 636/636/636
f 637/637/637 638/638/638 639/639/639
f 640/640/640 641/641/641 642/642/642
f 643/643/643 644/644/644 645/645/645
f 646/646/646 647/647/647 648/648/648
f 649/649/649 650/650/650 651/651/651
f 652/652/652 653/653/653 654/654/654
f 655/655/655 656/656/656 657/657/657
f 658/658/658 659/659/659 660/660/660
f 661/661/661 662/662/662 663/663/663
f 664/664/664 665/665/665 666/666/666
f 667/667/667 668/668/668 669/669/669
f 670/670/670 671/671/671 672/672/672
f 673/673/673 674/674/674 675/675/675
f 676/676/676 677/677/677 678/678/678
f 679/679/679 680/680/680 681/681/681
f 682/682/682 683/683/683 684/684/684
f 685/685/685 686/686/686 687/687/687
f 688/688/688 689/689/689 690/690/690
f 691/691/691 692/692/692 693/693/693
f 694/694/694 695/695/695 696/696/696
f 697/697/697 698/698/698 699/699/699
f 700/700/700 701/701/701 702/702/702
f 703/703/703 704/704/704 705/705/705
f 706/706/706 707/707/707 708/708/708
f 709/709/709 710/710/710 711/711/711
f 712/712/712 713/713/713 714/714/714
f 715/715/715 716/716/716 717/717/717
f 718/718/718 719/719/719 720/720/720
f 721/721/721 722/722/722 723/723/723
f 724/724/724 725/725/725 726/726/726
f 727/727/727 728/728/728 729/729/729
f 730/730/730 731/731/731 732/732/732
f 733/733/733 734/734/734 735/735/735
f 736/736/736 737/737/737 738/738/738
f 739/739/739 740/740/740 741/741/741
f 742/742/742 743/743/743 744/744/744
f 745/745/745 746/746/746 747/747/747
f 748/748/748 749/749/749 750/750/750
f 751/751/751 752/752/752 753/753/753
f 754/754/754 755/755/755 756/756/756
f 757/757/757 758/758/758 759/759/759
f 760/760/760 761/761/761 762/762/762
f 763/763/763 764/764/764 765/765/765
f 766/766/766 767/767/767 768/768/768
f 769/769/769 770/770/770 771/771/771
f 772/772/772 773/773/773 774/774/774
f 775/775/775 776/776/776 777/777/777
f 778/778/778 779/779/779 780/780/780
f 781/781/781 782/782/782 783/783/783
f 784/784/784 785/785/785 786/786/786
f 787/787/787 788/788/788 789/789/789
f 790/790/790 791/791/791 792/792/792
f 793/793/793 794/794/794 795/795/795
f 796/796/796 797/797/797 798/798/798
f 799/799/799 800/800/800 801/801/801
f 802/802/802 803/803/803 804/804/804
f 805/805/805 806/806/806 807/807/807
f 808/808/808 809/809/809 810/810/810
f 811/811/811 812/812/812 813/813/813
f 814/814/814 815/815/815 816/816/816
f 817/817/817 818/818/818 819/819/819
f 820/820/820 821/821/821 822/822/822
f 823/823/823 824/824/824 825/825/825
f 826/826/826 827/827/827 828/828/828
f 829/829/829 830/830/830 831/831/831
f 832/832/832 833/833/833 834/834/834
f 835/835/835 836/836/836 837/837/837
f 838/838/838 839/839/839 840/840/840
f 841/841/841 842/842/842 843/843/843
f 844/844/844 845/845/845 846/846/846
f 847/847/847 848/848/848 849/849/849
f 850/850/850 851/851/851 852/852/852
f 853/853/853 854/854/854 855/855/855
f 856/856/856 857/857/857 858/858/858
f 859/859/859 860/860/860 861/861/861
f 862/862/862 863/863/863 864/864/864
f 865/865/865 866/866/866 867/867/867
f 868/868/868 869/869/869 870/870/870
f 871/871/871 872/872/872 873/873/873
f 874/874/874 875/875/875 876/876/876
f 877/877/877 878/878/878 879/879/879
f 880/880/880 881/881/881 882/882/882
f 883/883/883 884/884/884 885/885/885
f 886/886/886 887/887/887 888/888/888
f 889/889/889 890/890/890 891/891/891
f 892/892/892 893/893/893 894/894/894
f 895/895/895 896/896/896 897/897/897
f 898/898/898 899/899/899 900/900/900
f 901/901/901 902/902/902 903/903/903
f 904/904/904 905/905/905 906/906/906
f 907/907/907 908/908/908 909/909/909
f 910/910/910 911/911/911 912/912/912
f 913/913/913 914/914/914 915/915/915
f 916/916/916 917/917/917 918/918/918
f 919/919/919 920/920/920 921/921/921
f 922/922/922 923/923/923 924/924/924
f 925/925/925 926/926/926 927/927/927
f 928/928/928 929/929/929 930/930/930
f 931/931/931 932/932/932 933/933/933
f 934/934/934 935/935/935 936/936/936
f 937/937/937 938/938/938 939/939/939
f 940/940/940 941/941/941 942/942/942
f 943/943/943 944/944/944 945/945/945
f 946/946/946 947/947/947 948/948/948
f 949/949/949 950/950/950 951/951/951
f 952/952/952 953/953/953 954/954/954
f 955/955/955 956/956/956 957/957/957
f 958/958/958 959/959/959 960/960/960
f 961/961/961 962/962/962 963/963/963
f 964/964/964 965/965/965 966/966/966
f 967/967/967 968/968/968 969/969/969
f 970/970/970 971/971/971 972/972/972
f 973/973/973 974/974/974 975/975/975
f 976/976/976 977/977/977 978/978/978
f 979/979/979 980/980/980 981/981/981
f 982/982/982 983/983/983 984/984/984
f 985/985/985 986/986/986 987/987/987
f 988/988/988 989/989/989 990/990/990
f 991/991/991 992/992/992 993/993/993
f 994/994/994 995/995/995 996/996/996
f 997/997/997 998/998/998 999/999/999
f 1000/1000/1000 1001/1001/1001 1002/1002/1002
f 1003/1003/1003 1004/1004/1004 1005/1005/1005
f 1006/1006/1006 1007/1007/1007 1008/1008/1008
f 1009/1009/1009 1010/1010/1010 1011/1011/1011
f 1012/1012/1012 1013/1013/1013 1014/1014/1014
f 1015/1015/1015 1016/1016/1016 1017/1017/1017
f 1018/1018/1018 1019/1019/1019 1020/1020/1020
f 1021/1021/1021 1022/1022/1022 1023/1023/1023
f 1024/1024/1024 1025/1025/1025 1026/1026/1026
f 1027/1027/1027 1028/1028/1028 1029/1029/1029
f 1030/1030/1030 1031/1031/1031 1032/1032/1032
f 1033/1033/1033 1034/1034/1034 1035/1035/1035
f 1036/1036/1036 1037/1037/1037 1038/1038/1038
f 1039/1039/1039 1040/1040/1040 1041/1041/1041
f 1042/1042/1042 1043/1043/1043 1044/1044/1044
f 1045/1045/1045 1046/1046/1046 1047/1047/1047
f 1048/1048/1048 1049/1049/1049 1050/1050/1050
f 1051/1051/1051 1052/1052/1052 1053/1053/1053
f 1054/1054/1054 1055/1055/1055 1056/1056/1056
f 1057/1057/1057 1058/1058/1058 1059/1059/1059
f 1060/1060/1060 1061/1061/1061 1062/1062/1062
f 1063/1063/1063 1064/1064/1064 1065/1065/1065
f 1066/1066/1066 1067/1067/1067 1068/1068/1068
f 1069/1069/1069 1070/1070/1070 1071/1071/1071
f 1072/1072/1072 1073/1073/1073 1074/1074/1074
f 1075/1075/1075 1076/1076/1076 1077/1077/1077
f 1078/1078/1078 1079/1079/1079 1080/1080/1080
f 1081/1081/1081 1082/1082/1082 1083/1083/1083
f 1084/1084/1084 1085/1085/1085 1086/1086/1086
f 1087/1087/1087 1088/1088/1088 1089/1089/1089
f 1090/1090/1090 1091/1091/1091 1092/1092/1092
f 1093/1093/1093 1094/1094/1094 1095/1095/1095
f 1096/1096/1096 1097/1097/1097 1098/1098/1098
f 1099/1099/1099 1100/1100/1100 1101/1101/1101
f 1102/1102/1102 1103/1103/1103 1104/1104/1104
f 1105/1105/1105 1106/1106/1106 1107/1107/1107
f 1108/1108/1108 1109/1109/1109 1110/1110/1110
f 1111/1111/1111 1112/1112/1112 1113/1113/1113
f 1114/1114/1114 1115/1115/1115 1116/1116/1116
f 1117/1117/1117 1118/1118/1118 1119/1119/1119
f 1120/1120/1120 1121/1121/1121 1122/1122/1122
f 1123/1123/1123 1124/1124/1124 1125/1125/1125
f 1126/1126/1126 1127/1127/1127 1128/1128/1128
f 1129/1129/1129 1130/1130/1130 1131/1131/1131
f 1132/1132/1132 1133/1133/1133 1134/1134/1134
f 1135/1135/1135 1136/1136/1136 1137/1137/1137
f 1138/1138/1138 1139/1139/1139 1140/1140/1140
f 1141/1141/1141 1142/1142/1142 1143/1143/1143
f 1144/1144/1144 1145/1145/1145 1146/1146/1146
f 1147/1147/1147 1148/1148/1148 1149/1149/1149
f 1150/1150/1150 1151/1151/1151 1152/1152/1152
f 1153/1153/1153 1154/1154/1154 1155/1155/1155
f 1156/1156/1156 1157/1157/1157 1158/1158/1158
f 1159/1159/1159 1160/1160/1160 1161/1161/1161
f 1162/1162/1162 1163/1163/1163 1164/1164/1164
f 1165/1165/1165 1166/1166/1166 1167/1167/1167
f 1168/1168/1168 1169/1169/1169 1170/1170/1170
f 1171/1171/1171 1172/1172/1172 1173/1173/1173
f 1174/1174/1174 1175/1175/1175 1176/1176/1176
f 1177/1177/1177 1178/1178/1178 1179/1179/1179
f 1180/1180/1180 1181/1181/1181 1182/1182/1182
f 1183/1183/1183 1184/1184/1184 1185/1185/1185
f 1186/1186/1186 1187/1187/1187 1188/1188/1188
f 1189/1189/1189 1190/1190/1190 1191/1191/1191
f 1192/1192/1192 1193/1193/1193 1194/1194/1194
f 1195/1195/1195 1196/1196/1196 1197/1197/1197
f 1198/1198/1198 1199/1199/1199 1200/1200/1200
f 1201/1201/1201 1202/1202/1202 1203/1203/1203
f 1204/1204/1204 1205/1205/1205 1206/1206/1206
f 1207/1207/1207 1208/1208/1208 1209/1209/1209
f 1210/1210/1210 1211/1211/1211 1212/1212/1212
f 1213/1213/1213 1214/1214/1214 1215/1215/1215
f 1216/1216/1216 1217/1217/1217 1218/1218/1218
f 1219/1219/1219 1220/1220/1220 1221/1221/1221
f 1222/1222/1222 1223/1223/1223 1224/1224/1224
f 1225/1225/1225 1226/1226/1226 1227/1227/1227
f 1228/1228/1228 1229/1229/1229 1230/1230/1230
f 1231/1231/1231 1232/1232/1232 1233/1233/1233
f 1234/1234/1234 1235/1235/1235 1236/1236/1236
f 1237/1237/1237 1238/1238/1238 1239/1239/1239
f 1240/1240/1240 1241/1241/1241 1242/1242/1242
f 1243/1243/1243 1244/1244/1244 1245/1245/1245
f 1246/1246/1246 1247/1247/1247 1248/1248/1248
f 1249/1249/1249 1250/1250/1250 1251/1251/1251
f 1252/1252/1252 1253/1253/1253 1254/1254/1254
f 1255/1255/1255 1256/1256/1256 1257/1257/1257
f 1258/1258/1258 1259/1259/1259 1260/1260/1260
f 1261/1261/1261 1262/1262/1262 1263/1263/1263
f 1264/1264/1264 1265/1265/1265 1266/1266/1266
f 1267/1267/1267 1268/1268/1268 1269/1269/1269
f 1270/1270/1270 1271/1271/1271 1272/1272/1272
f 1273/1273/1273 1274/1274/1274 1275/1275/1275
f 1276/1276/1276 1277/1277/1277 1278/1278/1278
f 1279/1279/1279 1280/1280/1280 1281/1281/1281
f 1282/1282/1282 1283/1283/1283 1284/1284/1284
f 1285/1285/1285 1286/1286/1286 1287/1287/1287
f 1288/1288/1288 1289/1289/1289 1290/1290/1290
f 1291/1291/1291 1292/1292/1292 1293/1293/1293
f 1294/1294/1294 1295/1295/1295 1296/1296/1296
f 1297/1297/1297 1298/1298/1298 1299/1299/1299
f 1300/1300/1300 1301/1301/1301 1302/1302/1302
f 1303/1303/1303 1304/1304/1304 1305/1305/1305
f 1306/1306/1306 1307/1307/1307 1308/1308/1308
f 1309/1309/1309 1310/1310/1310 1311/1311/1311
f 1312/1312/1312 1313/1313/1313 1314/1314/1314
f 1315/1315/1315 1316/1316/1316 1317/1317/1317
f 1318/1318/1318 1319/1319/1319 1320/1320/1320
f 1321/1321/1321 1322/1322/1322 1323/1323/1323
f 1324/1324/1324 1325/1325/1325 1326/1326/1326
f 1327/1327/1327 1328/1328/1328 1329/1329/1329
f 1330/1330/1330 1331/1331/1331 1332/1332/1332
f 1333/1333/1333 1334/1334/1334 1335/1335/1335
f 1336/1336/1336 1337/1337/1337 1338/1338/1338
f 1339/1339/1339 1340/1340/1340 1341/1341/1341
f 1342/1342/1342 1343/1343/1343 1344/1344/1344
f 1345/1345/1345 1346/1346/1346 1347/1347/1347
f 1348/1348/1348 1349/1349/1349 1350/1350/1350
f 1351/1351/1351 1352/1352/1352 1353/1353/1353
f 1354/1354/1354 1355/1355/1355 1356/1356/1356
f 1357/1357/1357 1358/1358/1358 1359/1359/1359
f 1360/1360/1360 1361/1361/1361 1362/1362/1362
f 1363/1363/1363 1364/1364/1364 1365/1365/1365
f 1366/1366/1366 1367/1367/1367 1368/1368/1368
f 1369/1369/1369 1370/1370/1370 1371/1371/1371
f 1372/1372/1372 1373/1373/1373 1374/1374/1374
f 1375/1375/1375 1376/1376/1376 1377/1377/1377
f 1378/1378/1378 1379/1379/1379 1380/1380/1380
f 1381/1381/1381 1382/1382/1382 1383/1383/1383
f 1384/1384/1384 1385/1385/1385 1386/1386/1386
f 1387/1387/1387 1388/1388/1388 1389/1389/1389
f 1390/1390/1390 1391/1391/1391 1392/1392/1392
f 1393/1393/1393 1394/1394/1394 1395/1395/1395
f 1396/1396/1396 1397/1397/1397 1398/1398/1398
f 1399/1399/1399 1400/1400/1400 1401/1401/1401
f 1402/1402/1402 1403/1403/1403 1404/1404/1404
f 1405/1405/1405 1406/1406/1406 1407/1407/1407
f 1408/1408/1408 1409/1409/1409 1410/1410/1410
f 1411/1411/1411 1412/1412/1412 1413/1413/1413
f 1414/1414/1414 1415/1415/1415 1416/1416/1416
f 1417/1417/1417 1418/1418/1418 1419/1419/1419
f 1420/1420/1420 1421/1421/1421 1422/1422/1422
f 1423/1423/1423 1424/1424/1424 1425/1425/1425
f 1426/1426/1426 1427/1427/1427 1428/1428/1428
f 1429/1429/1429 1430/1430/1430 1431/1431/1431
f 1432/1432/1432 1433/1433/1433 1434/1434/1434
f 1435/1435/1435 1436/1436/1436 1437/1437/1437
f 1438/1438/1438 1439/1439/1439 1440/1440/1440
f 1441/1441/1441 1442/1442/1442 1443/1443/1443
f 1444/1444/1444 1445/1445/1445 1446/1446/1446
f 1447/1447/1447 1448/1448/1448 1449/1449/1449
f 1450/1450/1450 1451/1451/1451 1452/1452/1452
f 1453/1453/1453 1454/1454/1454 1455/1455/1455
f 1456/1456/1456 1457/1457/1457 1458/1458/1458
f 1459/1459/1459 1460/1460/1460 1461/1461/1461
f 1462/1462/1462 1463/1463/1463 1464/1464/1464
f 1465/1465/1465 1466/1466/1466 1467/1467/1467
f 1468/1468/1468 1469/1469/1469 1470/1470/1470
f 1471/1471/1471 1472/1472/1472 1473/1473/1473
f 1474/1474/1474 1475/1475/1475 1476/1476/1476
f 1477/1477/1477 1478/1478/1478 1479/1479/1479
f 1480/1480/1480 1481/1481/1481 1482/1482/1482
f 1483/1483/1483 1484/1484/1484 1485/1485/1485
f 1486/1486/1486 1487/1487/1487 1488/1488/1488
f 1489/1489/1489 1490/1490/1490 1491/1491/1491
f 1492/1492/1492 1493/1493/1493 1494/1494/1494
f 1495/1495/1495 1496/1496/1496 1497/1497/1497
f 1498/1498/1498 1499/1499/1499 1500/1500/1500
f 1501/1501/1501 1502/1502/1502 1503/1503/1503
f 1504/1504/1504 1505/1505/1505 1506/1506/1506
f 1507/1507/1507 1508/1508/1508 1509/1509/1509
f 1510/1510/1510 1511/1511/1511 1512/1512/1512
f 1513/1513/1513 1514/1514/1514 1515/1515/1515
f 1516/1516/1516 1517/1517/1517 1518/1518/1518
f 1519/1519/1519 1520/1520/1520 1521/1521/1521
f 1522/1522/1522 1523/1523/1523 1524/1524/1524
f 1525/1525/1525 1526/1526/1526 1527/1527/1527
f 1528/1528/1528 1529/1529/1529 1530/1530/1530
f 1531/1531/1531 1532/1532/1532 1533/1533/1533
f 1534/1534/1534 1535/1535/1535 1536/1536/1536
f 1537/1537/1537 1538/1538/1538 1539/1539/1539
f 1540/1540/1540 1541/1541/1541 1542/1542/1542
f 1543/1543/1543 1544/1544/1544 1545/1545/1545
f 1546/1546/1546 1547/1547/1547 1548/1548/1548
f 1549/1549/1549 1550/1550/1550 1551/1551/1551
f 1552/1552/1552 1553/1553/1553 1554/1554/1554
f 1555/1555/1555 1556/1556/1556 1557/1557/1557
f 1558/1558/1558 1559/1559/1559 1560/1560/1560
f 1561/1561/1561 1562/1562/1562 1563/1563/1563
f 1564/1564/1564 1565/1565/1565 1566/1566/1566
f 1567/1567/1567 1568/1568/1568 1569/1569/1569
f 1570/1570/1570 1571/1571/1571 1572/1572/1572
f 1573/1573/1573 1574/1574/1574 1575/1575/1575
f 1576/1576/1576 1577/1577/1577 1578/1578/1578
f 1579/1579/1579 1580/1580/1580 1581/1581/1581
f 1582/1582/1582 1583/1583/1583 1584/1584/1584
f 1585/1585/1585 1586/1586/1586 1587/1587/1587
f 1588/1588/1588 1589/1589/1589 1590/1590/1590
f 1591/1591/1591 1592/1592/1592 1593/1593/1593
f 1594/1594/1594 1595/1595/1595 1596/1596/1596
f 1597/1597/1597 1598/1598/1598 1599/1599/1599
f 1600/1600/1600 1601/1601/1601 1602/1602/1602
f 1603/1603/1603 1604/1604/1604 1605/1605/1605
f 1606/1606/1606 1607/1607/1607 1608/1608/1608
f 1609/1609/1609 1610/1610/1610 1611/1611/1611
f 1612/1612/1612 1613/1613/1613 1614/1614/1614
f 1615/1615/1615 1616/1616/1616 1617/1617/1617
f 1618/1618/1618 1619/1619/1619 1620/1620/1620
f 1621/1621/1621 1622/1622/1622 1623/1623/1623
f 1624/1624/1624 1625/1625/1625 1626/1626/1626
f 1627/1627/1627 1628/1628/1628 1629/1629/1629
f 1630/1630/1630 1631/1631/1631 1632/1632/1632
f 1633/1633/1633 1634/1634/1634 1635/1635/1635
f 1636/1636/1636 1637/1637/1637 1638/1638/1638
f 1639/1639/1639 1640/1640/1640 1641/1641/1641
f 1642/1642/1642 1643/1643/1643 1644/1644/1644
f 1645/1645/1645 1646/1646/1646 1647/1647/1647
f 1648/1648/1648 1649/1649/1649 1650/1650/1650
f 1651/1651/1651 1652/1652/1652 1653/1653/1653
f 1654/1654/1654 1655/1655/1655 1656/1656/1656
f 1657/1657/1657 1658/1658/1658 1659/1659/1659
f 1660/1660/1660 1661/1661/1661 1662/1662/1662
f 1663/1663/1663 1664/1664/1664 1665/1665/1665
f 1666/1666/1666 1667/1667/1667 1668/1668/1668
f 1669/1669/1669 1670/1670/1670 1671/1671/1671
f 1672/1672/1672 1673/1673/1673 1674/1674/1674
f 1675/1675/1675 1676/1676/1676 1677/1677/1677
f 1678/1678/1678 1679/1679/1679 1680/1680/1680
f 1681/1681/1681 1682/1682/1682 1683/1683/1683
f 1684/1684/1684 1685/1685/1685 1686/1686/1686
f 1687/1687/1687 1688/1688/1688 1689/1689/1689
f 1690/1690/1690 1691/1691/1691 1692/1692/1692
f 1693/1693/1693 1694/1694/1694 1695/1695/1695
f 1696/1696/1696 1697/1697/1697 1698/1698/1698
f 1699/1699/1699 1700/1700/1700 1701/1701/1701
f 1702/1702/1702 1703/1703/1703 1704/1704/1704
f 1705/1705/1705 1706/1706/1706 1707/1707/1707
f 1708/1708/1708 1709/1709/1709 1710/1710/1710
f 1711/1711/1711 1712/1712/1712 1713/1713/1713
f 1714/1714/1714 1715/1715/1715 1716/1716/1716
f 1717/1717/1717 1718/1718/1718 1719/1719/1719
f 1720/1720/1720 1721/1721/1721 1722/1722/1722
f 1723/1723/1723 1724/1724/1724 1725/1725/1725
f 1726/1726/1726 1727/1727/1727 1728/1728/1728
f 1729/1729/1729 1730/1730/1730 1731/1731/1731
f 1732/1732/1732 1733/1733/1733 1734/1734/1734
f 1735/1735/1735 1736/1736/1736 1737/1737/1737
f 1738/1738/1738 1739/1739/1739 1740/1740/1740
f 1741/1741/1741 1742/1742/1742 1743/1743/1743
f 1744/1744/1744 1745/1745/1745 1746/1746/1746
f 1747/1747/1747 1748/1748/1748 1749/1749/1749
f 1750/1750/1750 1751/1751/1751 1752/1752/1752
f 1753/1753/1753 1754/1754/1754 1755/1755/1755
f 1756/1756/1756 1757/1757/1757 1758/1758/1758
f 1759/1759/1759 1760/1760/1760 1761/1761/1761
f 1762/1762/1762 1763/1763/1763 1764/1764/1764
f 1765/1765/1765 1766/1766/1766 1767/1767/1767
f 1768/1768/1768 1769/1769/1769 1770/1770/1770
f 1771/1771/1771 1772/1772/1772 1773/1773/1773
f 1774/1774/1774 1775/1775/1775 1776/1776/1776
f 1777/1777/1777 1778/1778/1778 1779/1779/1779
f 1780/1780/1780 1781/1781/1781 1782/1782/1782
f 1783/1783/1783 1784/1784/1784 1785/1785/1785
f 1786/1786/1786 1787/1787/1787 1788/1788/1788
f 1789/1789/1789 1790/1790/1790 1791/1791/1791
f 1792/1792/1792 1793/1793/1793 1794/1794/1794
f 1795/1795/1795 1796/1796/1796 1797/1797/1797
f 1798/1798/1798 1799/1799/1799 1800/1800/1800
f 1801/1801/1801 1802/1802/1802 1803/1803/1803
f 1804/1804/1804 1805/1805/1805 1806/1806/1806
f 1807/1807/1807 1808/1808/1808 1809/1809/1809
f 1810/1810/1810 1811/1811/1811 1812/1812/1812
f 1813/1813/1813 1814/1814/1814 1815/1815/1815
f 1816/1816/1816 1817/1817/1817 1818/1818/1818
f 1819/1819/1819 1820/1820/1820 1821/1821/1821
f 1822/1822/1822 1823/1823/1823 1824/1824/1824
f 1825/1825/1825 1826/1826/1826 1827/1827/1827
f 1828/1828/1828 1829/1829/1829 1830/1830/1830
f 1831/1831/1831 1832/1832/1832 1833/1833/1833
f 1834/1834/1834 1835/1835/1835 1836/1836/1836
f 1837/1837/1837 1838/1838/1838 1839/1839/1839
f 1840/1840/1840 1841/1841/1841 1842/1842/1842
f 1843/1843/1843 1844/1844/1844 1845/1845/1845
f 1846/1846/1846 1847/1847/1847 1848/1848/1848
f 1849/1849/1849 1850/1850/1850 1851/1851/1851
f 1852/1852/1852 1853/1853/1853 1854/1854/1854
f 1855/1855/1855 1856/1856/1856 1857/1857/1857
f 1858/1858/1858 1859/1859/1859 1860/1860/1860
f 1861/1861/1861 1862/1862/1862 1863/1863/1863
f 1864/1864/1864 1865/1865/1865 1866/1866/1866
f 1867/1867/1867 1868/1868/1868 1869/1869/1869
f 1870/1870/1870 1871/1871/1871 1872/1872/1872
f 1873/1873/1873 1874/1874/1874 1875/1875/1875
f 1876/1876/1876 1877/1877/1877 1878/1878/1878
f 1879/1879/1879 1880/1880/1880 1881/1881/1881
f 1882/1882/1882 1883/1883/1883 1884/1884/1884
f 1885/1885/1885 1886/1886/1886 1887/1887/1887
f 1888/1888/1888 1889/1889/1889 1890/1890/1890
f 1891/1891/1891 1892/1892/1892 1893/1893/1893
f 1894/1894/1894 1895/1895/1895 1896/1896/1896
f 1897/1897/1897 1898/1898/1898 1899/1899/1899
f 1900/1900/1900 1901/1901/1901 1902/1902/1902
f 1903/1903/1903 1904/1904/1904 1905/1905/1905
f 1906/1906/1906 1907/1907/1907 1908/1908/1908
f 1909/1909/1909 1910/1910/1910 1911/1911/1911
f 1912/1912/1912 1913/1913/1913 1914/1914/1914
f 1915/1915/1915 1916/1916/1916 1917/1917/1917
f 1918/1918/1918 1919/1919/1919 1920/1920/1920
f 1921/1921/1921 1922/1922/1922 1923/1923/1923
f 1924/1924/1924 1925/1925/1925 1926/1926/1926
f 1927/1927/1927 1928/1928/1928 1929/1929/1929
f 1930/1930/1930 1931/1931/1931 1932/1932/1932
f 1933/1933/1933 1934/1934/1934 1935/1935/1935
f 1936/1936/1936 1937/1937/1937 1938/1938/1938
f 1939/1939/1939 1940/1940/1940 1941/1941/1941
f 1942/1942/1942 1943/1943/1943 1944/1944/1944
f 1945/1945/1945 1946/1946/1946 1947/1947/1947
f 1948/1948/1948 1949/1949/1949 1950/1950/1950
f 1951/1951/1951 1952/1952/1952 1953/1953/1953
f 1954/1954/1954 1955/1955/1955 1956/1956/1956
f 1957/1957/1957 1958/1958/1958 1959/1959/1959
f 1960/1960/1960 1961/1961/1961 1962/1962/1962
f 1963/1963/1963 1964/1964/1964 1965/1965/1965
f 1966/1966/1966 1967/1967/1967 1968/1968/1968
f 1969/1969/1969 1970/1970/1970 1971/1971/1971
f 1972/1972/1972 1973/1973/1973 1974/1974/1974
f 1975/1975/1975 1976/1976/1976 1977/1977/1977
f 1978/1978/1978 1979/1979/1979 1980/1980/1980
f 1981/1981/1981 1982/1982/1982 1983/1983/1983
f 1984/1984/1984 1985/1985/1985 1986/1986/1986
f 1987/1987/1987 1988/1988/1988 1989/1989/1989
f 1990/1990/1990 1991/1991/1991 1992/1992/1992
f 1993/1993/1993 1994/1994/1994 1995/1995/1995
f 1996/1996/1996 1997/1997/1997 1998/1998/1998
f 1999/1999/1999 2000/2000/2000 2001/2001/2001
f 2002/2002/2002 2003/2003/2003 2004/2004/2004
f 2005/2005/2005 2006/2006/2006 2007/2007/2007
f 2008/2008/2008 2009/2009/2009 2010/2010/2010
f 2011/2011/2011 2012/2012/2012 2013/2013/2013
f 2014/2014/2014 2015/2015/2015 2016/2016/2016
f 2017/2017/2017 2018/2018/2018 2019/2019/2019
f 2020/2020/2020 2021/2021/2021 2022/2022/2022
f 2023/2023/2023 2024/2024/2024 2025/2025/2025
f 2026/2026/2026 2027/2027/2027 2028/2028/2028
f 2029/2029/2029 2030/2030/2030 2031/2031/2031
f 2032/2032/2032 2033/2033/2033 2034/2034/2034
f 2035/2035/2035 2036/2036/2036 2037/2037/2037
f 2038/2038/2038 2039/2039/2039 2040/2040/2040
f 2041/2041/2041 2042/2042/2042 2043/2043/2043
f 2044/2044/2044 2045/2045/2045 2046/2046/2046
f 2047/2047/2047 2048/2048/2048 2049/2049/2049
f 2050/2050/2050 2051/2051/2051 2052/2052/2052
f 2053/2053/2053 2054/2054/2054 2055/2055/2055
f 2056/2056/2056 2057/2057/2057 2058/2058/2058
f 2059/2059/2059 2060/2060/2060 2061/2061/2061
f 2062/2062/2062 2063/2063/2063 2064/2064/2064
f 2065/2065/2065 2066/2066/2066 2067/2067/2067
f 2068/2068/2068 2069/2069/2069 2070/2070/2070
f 2071/2071/2071 2072/2072/2072 2073/2073/2073
f 2074/2074/2074 2075/2075/2075 2076/2076/2076
f 2077/2077/2077 2078/2078/2078 2079/2079/2079
f 2080/2080/2080 2081/2081/2081 2082/2082/2082
f 2083/2083/2083 2084/2084/2084 2085/2085/2085
f 2086/2086/2086 2087/2087/2087 2088/2088/2088
f 2089/2089/2089 2090/2090/2090 2091/2091/2091
f 2092/2092/2092 2093/2093/2093 2094/2094/2094
f 2095/2095/2095 2096/2096/2096 2097/2097/2097
f 2098/2098/2098 2099/2099/2099 2100/2100/2100
f 2101/2101/2101 2102/2102/2102 2103/2103/2103
f 2104/2104/2104 2105/2105/2105 2106/2106/2106
f 2107/2107/2107 2108/2108/2108 2109/2109/2109
f 2110/2110/2110 2111/2111/2111 2112/2112/2112
f 2113/2113/2113 2114/2114/2114 2115/2115/2115
f 2116/2116/2116 2117/2117/2117 2118/2118/2118
f 2119/2119/2119 2120/2120/2120 2121/2121/2121
f 2122/2122/2122 2123/2123/2123 2124/2124/2124
f 2125/2125/2125 2126/2126/2126 2127/2127/2127
f 2128/2128/2128 2129/2129/2129 2130/2130/2130
f 2131/2131/2131 2132/2132/2132 2133/2133/2133
f 2134/2134/2134 2135/2135/2135 2136/2136/2136
f 2137/2137/2137 2138/2138/2138 2139/2139/2139
f 2140/2140/2140 2141/2141/2141 2142/2142/2142
f 2143/2143/2143 2144/2144/2144 2145/2145/2145
f 2146/2146/2146 2147/2147/2147 2148/2148/2148
f 2149/2149/2149 2150/2150/2150 2151/2151/2151
f 2152/2152/2152 2153/2153/2153 2154/2154/2154
f 2155/2155/2155 2156/2156/2156 2157/2157/2157
f 2158/2158/2158 2159/2159/2159 2160/2160/2160
f 2161/2161/2161 2162/2162/2162 2163/2163/2163
f 2164/2164/2164 2165/2165/2165 2166/2166/2166
f 2167/2167/2167 2168/2168/2168 2169/2169/2169
f 2170/2170/2170 2171/2171/2171 2172/2172/2172
f 2173/2173/2173 2174/2174/2174 2175/2175/2175
f 2176/2176/2176 2177/2177/2177 2178/2178/2178
f 2179/2179/2179 2180/2180/2180 2181/2181/2181
f 2182/2182/2182 2183/2183/2183 2184/2184/2184
f 2185/2185/2185 2186/2186/2186 2187/2187/2187
f 2188/2188/2188 2189/2189/2189 2190/2190/2190
f 2191/2191/2191 2192/2192/2192 2193/2193/2193
f 2194/2194/2194 2195/2195/2195 2196/2196/2196
f 2197/2197/2197 2198/2198/2198 2199/2199/2199
f 2200/2200/2200 2201/2201/2201 2202/2202/2202
f 2203/2203/2203 2204/2204/2204 2205/2205/2205
f 2206/2206/2206 2207/2207/2207 2208/2208/2208
f 2209/2209/2209 2210/2210/2210 2211/2211/2211
f 2212/2212/2212 2213/2213/2213 2214/2214/2214
f 2215/2215/2215 2216/2216/2216 2217/2217/2217
f 2218/2218/2218 2219/2219/2219 2220/2220/2220
f 2221/2221/2221 2222/2222/2222 2223/2223/2223
f 2224/2224/2224 2225/2225/2225 2226/2226/2226
f 2227/2227/2227 2228/2228/2228 2229/2229/2229
f 2230/2230/2230 2231/2231/2231 2232/2232/2232
f 2233/2233/2233 2234/2234/2234 2235/2235/2235
f 2236/2236/2236 2237/2237/2237 2238/2238/2238
f 2239/2239/2239 2240/2240/2240 2241/2241/2241
f 2242/2242/2242 2243/2243/2243 2244/2244/2244
f 2245/2245/2245 2246/2246/2246 2247/2247/2247
f 2248/2248/2248 2249/2249/2249 2250/2250/2250
f 2251/2251/2251 2252/2252/2252 2253/2253/2253
f 2254/2254/2254 2255/2255/2255 2256/2256/2256
f 2257/2257/2257 2258/2258/2258 2259/2259/2259
f 2260/2260/2260 2261/2261/2261 2262/2262/2262
f 2263/2263/2263 2264/2264/2264 2265/2265/2265
f 2266/2266/2266 2267/2267/2267 2268/2268/2268
f 2269/2269/2269 2270/2270/2270 2271/2271/2271
f 2272/2272/2272 2273/2273/2273 2274/2274/2274
f 2275/2275/2275 2276/2276/2276 2277/2277/2277
f 2278/2278/2278 2279/2279/2279 2280/2280/2280
f 2281/2281/2281 2282/2282/2282 2283/2283/2283
f 2284/2284/2284 2285/2285/2285 2286/2286/2286
f 2287/2287/2287 2288/2288/2288 2289/2289/2289
f 2290/2290/2290 2291/2291/2291 2292/2292/2292
f 2293/2293/2293 2294/2294/2294 2295/2295/2295
f 2296/2296/2296 2297/2297/2297 2298/2298/2298
f 2299/2299/2299 2300/2300/2300 2301/2301/2301
f 2302/2302/2302 2303/2303/2303 2304/2304/2304
f 2305/2305/2305 2306/2306/2306 2307/2307/2307
f 2308/2308/2308 2309/2309/2309 2310/2310/2310
f 2311/2311/2311 2312/2312/2312 2313/2313/2313
f 2314/2314/2314 2315/2315/2315 2316/2316/2316
f 2317/2317/2317 2318/2318/2318 2319/2319/2319
f 2320/2320/2320 2321/2321/2321 2322/2322/2322
f 2323/2323/2323 2324/2324/2324 2325/2325/2325
f 2326/2326/2326 2327/2327/2327 2328/2328/2328
f 2329/2329/2329 2330/2330/2330 2331/2331/2331
f 2332/2332/2332 2333/2333/2333 2334/2334/2334
f 2335/2335/2335 2336/2336/2336 2337/2337/2337
f 2338/2338/2338 2339/2339/2339 2340/2340/2340
f 2341/2341/2341 2342/2342/2342 2343/2343/2343
f 2344/2344/2344 2345/2345/2345 2346/2346/2346
f 2347/2347/2347 2348/2348/2348 2349/2349/2349
f 2350/2350/2350 2351/2351/2351 2352/2352/2352
f 2353/2353/2353 2354/2354/2354 2355/2355/2355
f 2356/2356/2356 2357/2357/2357 2358/2358/2358
f 2359/2359/2359 2360/2360/2360 2361/2361/2361
f 2362/2362/2362 2363/2363/2363 2364/2364/2364
f 2365/2365/2365 2366/2366/2366 2367/2367/2367
f 2368/2368/2368 2369/2369/2369 2370/2370/2370
f 2371/2371/2371 2372/2372/2372 2373/2373/2373
f 2374/2374/2374 2375/2375/2375 2376/2376/2376
f 2377/2377/2377 2378/2378/2378 2379/2379/2379
f 2380/2380/2380 2381/2381/2381 2382/2382/2382
f 2383/2383/2383 2384/2384/2384 2385/2385/2385
f 2386/2386/2386 2387/2387/2387 2388/2388/2388
f 2389/2389/2389 2390/2390/2390 2391/2391/2391
f 2392/2392/2392 2393/2393/2393 2394/2394/2394
f 2395/2395/2395 2396/2396/2396 2397/2397/2397
f 2398/2398/2398 2399/2399/2399 2400/2400/2400
f 2401/2401/2401 2402/2402/2402 2403/2403/2403
f 2404/2404/2404 2405/2405/2405 2406/2406/2406
f 2407/2407/2407 2408/2408/2408 2409/2409/2409
f 2410/2410/2410 2411/2411/2411 2412/2412/2412
f 2413/2413/2413 2414/2414/2414 2415/2415/2415
f 2416/2416/2416 2417/2417/2417 2418/2418/2418
f 2419/2419/2419 2420/2420/2420 2421/2421/2421
f 2422/2422/2422 2423/2423/2423 2424/2424/2424
