# Blender 4.5.14 LTS
# www.blender.org
mtllib body test.mtl
o Mesh_0.001
v 0.878422 -0.059584 -0.075058 0.0000 0.0000 0.0000
v 0.948421 -0.232716 0.003847 0.0000 0.0000 0.0000
v 0.878422 -0.232716 -0.075058 0.0000 0.0000 0.0000
v 0.948421 -0.232716 0.003847 0.0000 0.0000 0.0000
v 0.878422 -0.059584 -0.075058 0.0000 0.0000 0.0000
v 0.948421 -0.059584 0.003847 0.0000 0.0000 0.0000
v 0.878422 -0.059584 0.082753 0.0000 0.0000 0.0000
v 0.948421 -0.232716 0.003847 0.0000 0.0000 0.0000
v 0.948421 -0.059584 0.003847 0.0000 0.0000 0.0000
v 0.948421 -0.232716 0.003847 0.0000 0.0000 0.0000
v 0.878422 -0.059584 0.082753 0.0000 0.0000 0.0000
v 0.878422 -0.232716 0.082753 0.0000 0.0000 0.0000
v 0.889248 -0.036099 -0.119901 0.7882 0.7882 0.7882
v 0.983599 -0.036099 0.000000 0.8039 0.8039 0.8039
v 0.877764 -0.067864 -0.105760 0.7686 0.7686 0.7686
v 0.877764 -0.067864 -0.105760 0.7686 0.7686 0.7686
v 0.983599 -0.036099 0.000000 0.8039 0.8039 0.8039
v 0.960848 -0.067864 0.000000 0.7843 0.7843 0.7843
v 0.983599 -0.036099 0.000000 0.8039 0.8039 0.8039
v 0.877765 -0.067864 0.105759 0.7686 0.7686 0.7686
v 0.960848 -0.067864 0.000000 0.7843 0.7843 0.7843
v 0.877765 -0.067864 0.105759 0.7686 0.7686 0.7686
v 0.983599 -0.036099 0.000000 0.8039 0.8039 0.8039
v 0.889248 -0.036099 0.119900 0.7882 0.7882 0.7882
v 0.935852 -0.015159 -0.041620 0.8078 0.8078 0.8078
v 0.877765 -0.004334 -0.105760 0.8000 0.8000 0.8000
v 0.928152 -0.004334 -0.041620 0.8117 0.8117 0.8117
v 0.935852 -0.015159 -0.041620 0.8078 0.8078 0.8078
v 0.982204 -0.034151 0.000000 0.8039 0.8039 0.8039
v 0.983599 -0.036099 0.000000 0.8039 0.8039 0.8039
v 0.928152 -0.004334 0.041619 0.8117 0.8117 0.8117
v 0.877765 -0.004334 0.105759 0.8000 0.8000 0.8000
v 0.935906 -0.015159 0.041619 0.8078 0.8078 0.8078
v 0.889248 -0.036099 0.119900 0.7882 0.7882 0.7882
v 0.935906 -0.015159 0.041619 0.8078 0.8078 0.8078
v 0.877765 -0.004334 0.105759 0.8000 0.8000 0.8000
v 0.889248 -0.036099 0.119900 0.7882 0.7882 0.7882
v 0.983599 -0.036099 0.000000 0.8039 0.8039 0.8039
v 0.935906 -0.015159 0.041619 0.8078 0.8078 0.8078
v 0.935906 -0.015159 0.041619 0.8078 0.8078 0.8078
v 0.983599 -0.036099 0.000000 0.8039 0.8039 0.8039
v 0.982204 -0.034151 0.000000 0.7333 0.7333 0.7333
v 0.983599 -0.036099 0.000000 0.8039 0.8039 0.8039
v 0.982204 -0.034151 0.000000 0.7333 0.7333 0.7333
v 0.982204 -0.034151 0.000000 0.7333 0.7333 0.7333
v 0.877765 -0.004334 -0.105760 0.8000 0.8000 0.8000
v 0.935852 -0.015159 -0.041620 0.8078 0.8078 0.8078
v 0.889248 -0.036099 -0.119901 0.7882 0.7882 0.7882
v 0.983599 -0.036099 0.000000 0.8039 0.8039 0.8039
v 0.889248 -0.036099 -0.119901 0.7882 0.7882 0.7882
v 0.935852 -0.015159 -0.041620 0.8078 0.8078 0.8078
v 0.476002 -0.336352 0.105759 0.5059 0.5059 0.5059
v 0.576190 -0.240573 0.000000 0.6000 0.6000 0.6000
v 0.571771 -0.240539 0.115458 0.6000 0.6000 0.6000
v 0.576190 -0.240573 0.000000 0.6000 0.6000 0.6000
v 0.476002 -0.336352 0.105759 0.5059 0.5059 0.5059
v 0.476002 -0.336352 0.000000 0.5059 0.5059 0.5059
v 0.476002 -0.336352 -0.105759 0.5059 0.5059 0.5059
v 0.576190 -0.240573 0.000000 0.6000 0.6000 0.6000
v 0.476002 -0.336352 0.000000 0.5059 0.5059 0.5059
v 0.576190 -0.240573 0.000000 0.6000 0.6000 0.6000
v 0.476002 -0.336352 -0.105759 0.5059 0.5059 0.5059
v 0.571771 -0.240539 -0.115458 0.6000 0.6000 0.6000
v 0.935906 -0.015159 0.041619 0.7608 0.7608 0.7608
v -0.515431 -0.015159 0.041619 0.4314 0.4314 0.4314
v 0.928152 -0.004334 0.041619 0.7647 0.7647 0.7647
v 0.928152 -0.004334 0.041619 0.7647 0.7647 0.7647
v -0.515431 -0.015159 0.041619 0.4314 0.4314 0.4314
v -0.515431 -0.004334 0.041619 0.4392 0.4392 0.4392
v -0.515431 -0.015159 0.041619 0.4314 0.4314 0.4314
v -0.515431 -0.004334 0.000000 0.4392 0.4392 0.4392
v -0.515431 -0.004334 0.041619 0.4392 0.4392 0.4392
v -0.515431 -0.004334 0.000000 0.4392 0.4392 0.4392
v -0.515431 -0.015159 0.041619 0.4314 0.4314 0.4314
v -0.515431 -0.034151 0.000000 0.4157 0.4157 0.4157
v -0.515431 -0.015159 -0.041619 0.4314 0.4314 0.4314
v -0.515431 -0.004334 0.000000 0.4392 0.4392 0.4392
v -0.515431 -0.034151 0.000000 0.4157 0.4157 0.4157
v -0.515431 -0.004334 0.000000 0.4392 0.4392 0.4392
v -0.515431 -0.015159 -0.041619 0.4314 0.4314 0.4314
v -0.515431 -0.004334 -0.041619 0.4392 0.4392 0.4392
v -0.515431 -0.015159 -0.041619 0.4314 0.4314 0.4314
v 0.928152 -0.004334 -0.041620 0.7647 0.7647 0.7647
v -0.515431 -0.004334 -0.041619 0.4392 0.4392 0.4392
v 0.928152 -0.004334 -0.041620 0.7647 0.7647 0.7647
v -0.515431 -0.015159 -0.041619 0.4314 0.4314 0.4314
v 0.935852 -0.015159 -0.041620 0.7608 0.7608 0.7608
v -2.307313 -0.247710 0.106986 0.0000 0.0000 0.0000
v -2.368945 -0.030856 -0.106986 0.0000 0.0000 0.0000
v -2.307313 -0.247710 -0.106986 0.0000 0.0000 0.0000
v -2.368945 -0.030856 -0.106986 0.0000 0.0000 0.0000
v -2.307313 -0.247710 0.106986 0.0000 0.0000 0.0000
v -2.368945 -0.030856 0.106986 0.0000 0.0000 0.0000
v -1.629085 -0.553365 0.000000 0.0000 0.0000 0.0000
v -1.924412 -0.560718 0.000000 0.0000 0.0000 0.0000
v -1.700894 -0.511437 -0.125718 0.0000 0.0000 0.0000
v -1.700894 -0.511437 0.125718 0.0000 0.0000 0.0000
v -1.924412 -0.560718 0.000000 0.0000 0.0000 0.0000
v -1.629085 -0.553365 0.000000 0.0000 0.0000 0.0000
v -1.700894 -0.511437 -0.125718 0.0000 0.0000 0.0000
v -1.924412 -0.560718 0.000000 0.0000 0.0000 0.0000
v -1.895593 -0.506042 -0.125718 0.0000 0.0000 0.0000
v -1.924412 -0.560718 0.000000 0.0000 0.0000 0.0000
v -1.700894 -0.511437 0.125718 0.0000 0.0000 0.0000
v -1.895593 -0.506042 0.125718 0.0000 0.0000 0.0000
v -1.971074 -0.496382 0.000000 0.0000 0.0000 0.0000
v -1.895593 -0.506042 -0.125718 0.0000 0.0000 0.0000
v -1.924412 -0.560718 0.000000 0.0000 0.0000 0.0000
v -1.895593 -0.506042 0.125718 0.0000 0.0000 0.0000
v -1.971074 -0.496382 0.000000 0.0000 0.0000 0.0000
v -1.924412 -0.560718 0.000000 0.0000 0.0000 0.0000
v -1.895593 -0.506042 -0.125718 0.0000 0.0000 0.0000
v -1.971074 -0.496382 0.000000 0.0000 0.0000 0.0000
v -1.935593 -0.446042 -0.125718 0.0000 0.0000 0.0000
v -1.935593 -0.446042 0.125718 0.0000 0.0000 0.0000
v -1.971074 -0.496382 0.000000 0.0000 0.0000 0.0000
v -1.895593 -0.506042 0.125718 0.0000 0.0000 0.0000
v -1.971074 -0.496382 0.000000 0.0000 0.0000 0.0000
v -2.295593 -0.336042 -0.125718 0.0000 0.0000 0.0000
v -1.935593 -0.446042 -0.125718 0.0000 0.0000 0.0000
v -1.935593 -0.446042 0.125718 0.0000 0.0000 0.0000
v -2.295593 -0.336042 0.125718 0.0000 0.0000 0.0000
v -1.971074 -0.496382 0.000000 0.0000 0.0000 0.0000
v -2.295593 -0.336042 -0.125718 0.0000 0.0000 0.0000
v -1.971074 -0.496382 0.000000 0.0000 0.0000 0.0000
v -2.290085 -0.398009 0.000000 0.0000 0.0000 0.0000
v -1.971074 -0.496382 0.000000 0.0000 0.0000 0.0000
v -2.295593 -0.336042 0.125718 0.0000 0.0000 0.0000
v -2.290085 -0.398009 0.000000 0.0000 0.0000 0.0000
v -2.290085 -0.398009 0.000000 0.0000 0.0000 0.0000
v -2.390854 -0.386042 -0.125718 0.0000 0.0000 0.0000
v -2.295593 -0.336042 -0.125718 0.0000 0.0000 0.0000
v -2.390854 -0.386042 0.125718 0.0000 0.0000 0.0000
v -2.290085 -0.398009 0.000000 0.0000 0.0000 0.0000
v -2.295593 -0.336042 0.125718 0.0000 0.0000 0.0000
v -2.390854 -0.386042 -0.125718 0.0000 0.0000 0.0000
v -2.290085 -0.398009 0.000000 0.0000 0.0000 0.0000
v -2.399852 -0.447574 0.000000 0.0000 0.0000 0.0000
v -2.290085 -0.398009 0.000000 0.0000 0.0000 0.0000
v -2.390854 -0.386042 0.125718 0.0000 0.0000 0.0000
v -2.399852 -0.447574 0.000000 0.0000 0.0000 0.0000
v -2.399852 -0.447574 0.000000 0.0000 0.0000 0.0000
v -2.410854 -0.366042 -0.125718 0.0000 0.0000 0.0000
v -2.390854 -0.386042 -0.125718 0.0000 0.0000 0.0000
v -2.399852 -0.447574 0.000000 0.0000 0.0000 0.0000
v -2.390854 -0.386042 0.125718 0.0000 0.0000 0.0000
v -2.410854 -0.366042 0.125718 0.0000 0.0000 0.0000
v -2.410854 -0.366042 -0.125718 0.0000 0.0000 0.0000
v -2.399852 -0.447574 0.000000 0.0000 0.0000 0.0000
v -2.461549 -0.399815 0.000000 0.0000 0.0000 0.0000
v -2.399852 -0.447574 0.000000 0.0000 0.0000 0.0000
v -2.410854 -0.366042 0.125718 0.0000 0.0000 0.0000
v -2.461549 -0.399815 0.000000 0.0000 0.0000 0.0000
v -2.635137 0.114152 0.000000 0.0000 0.0000 0.0000
v -2.410854 -0.366042 -0.125718 0.0000 0.0000 0.0000
v -2.461549 -0.399815 0.000000 0.0000 0.0000 0.0000
v -2.410854 -0.366042 0.125718 0.0000 0.0000 0.0000
v -2.635137 0.114152 0.000000 0.0000 0.0000 0.0000
v -2.461549 -0.399815 0.000000 0.0000 0.0000 0.0000
v -2.410854 -0.366042 -0.125718 0.0000 0.0000 0.0000
v -2.635137 0.114152 0.000000 0.0000 0.0000 0.0000
v -2.575593 0.103958 -0.125718 0.0000 0.0000 0.0000
v -2.410854 -0.366042 0.125718 0.0000 0.0000 0.0000
v -2.575593 0.103958 0.125718 0.0000 0.0000 0.0000
v -2.635137 0.114152 0.000000 0.0000 0.0000 0.0000
v -2.635137 0.114152 0.000000 0.0000 0.0000 0.0000
v -2.505593 0.193958 -0.125718 0.0000 0.0000 0.0000
v -2.575593 0.103958 -0.125718 0.0000 0.0000 0.0000
v -2.505593 0.193958 0.125718 0.0000 0.0000 0.0000
v -2.635137 0.114152 0.000000 0.0000 0.0000 0.0000
v -2.575593 0.103958 0.125718 0.0000 0.0000 0.0000
v -2.505593 0.193958 -0.125718 0.0000 0.0000 0.0000
v -2.635137 0.114152 0.000000 0.0000 0.0000 0.0000
v -2.531709 0.248339 0.000000 0.0157 0.0157 0.0157
v -2.635137 0.114152 0.000000 0.0000 0.0000 0.0000
v -2.505593 0.193958 0.125718 0.0000 0.0000 0.0000
v -2.531709 0.248339 0.000000 0.0157 0.0157 0.0157
v -2.531709 0.248339 0.000000 0.0157 0.0157 0.0157
v -2.088140 0.193959 -0.125718 0.1294 0.1294 0.1294
v -2.505593 0.193958 -0.125718 0.0000 0.0000 0.0000
v -2.088139 0.193959 0.125718 0.1294 0.1294 0.1294
v -2.531709 0.248339 0.000000 0.0157 0.0157 0.0157
v -2.505593 0.193958 0.125718 0.0000 0.0000 0.0000
v -2.088140 0.193959 -0.125718 0.1294 0.1294 0.1294
v -2.531709 0.248339 0.000000 0.0157 0.0157 0.0157
v -2.055981 0.248339 0.000000 0.2039 0.2039 0.2039
v -2.055981 0.248339 0.000000 0.2039 0.2039 0.2039
v -2.531709 0.248339 0.000000 0.0157 0.0157 0.0157
v -2.088139 0.193959 0.125718 0.1294 0.1294 0.1294
v 0.684779 -0.151633 -0.088434 0.6824 0.6824 0.6824
v 0.607669 -0.092917 0.088434 0.7020 0.7020 0.7020
v 0.684779 -0.151633 0.088434 0.6824 0.6824 0.6824
v 0.607669 -0.092917 0.088434 0.7020 0.7020 0.7020
v 0.684779 -0.151633 -0.088434 0.6824 0.6824 0.6824
v 0.607669 -0.092917 -0.088434 0.7020 0.7020 0.7020
v 0.576190 -0.240573 0.000000 0.6000 0.6000 0.6000
v 0.508442 -0.185603 0.105759 0.6236 0.6236 0.6236
v 0.571771 -0.240539 0.115458 0.6000 0.6000 0.6000
v 0.508442 -0.185603 0.105759 0.6236 0.6236 0.6236
v 0.576190 -0.240573 0.000000 0.6000 0.6000 0.6000
v 0.508442 -0.185603 0.000000 0.6236 0.6236 0.6236
v 0.576190 -0.240573 0.000000 0.6000 0.6000 0.6000
v 0.508442 -0.185603 -0.105759 0.6236 0.6236 0.6236
v 0.508442 -0.185603 0.000000 0.6236 0.6236 0.6236
v 0.576190 -0.240573 0.000000 0.6000 0.6000 0.6000
v 0.571771 -0.240539 -0.115458 0.6000 0.6000 0.6000
v 0.508442 -0.185603 -0.105759 0.6236 0.6236 0.6236
v -1.970995 -0.337718 0.106986 0.0000 0.0000 0.0000
v -2.163139 -0.016042 0.106986 0.0000 0.0000 0.0000
v -1.970995 -0.337718 -0.106986 0.0000 0.0000 0.0000
v -2.163139 -0.016042 0.106986 0.0000 0.0000 0.0000
v -2.163139 -0.016042 -0.106986 0.0000 0.0000 0.0000
v -1.970995 -0.337718 -0.106986 0.0000 0.0000 0.0000
v 0.048923 -0.138487 -0.088434 0.5412 0.5412 0.5412
v 0.025479 -0.108695 0.088434 0.5569 0.5569 0.5569
v 0.048923 -0.138487 0.088434 0.5412 0.5412 0.5412
v 0.025479 -0.108695 0.088434 0.5569 0.5569 0.5569
v 0.048923 -0.138487 -0.088434 0.5412 0.5412 0.5412
v 0.025479 -0.108695 -0.088434 0.5569 0.5569 0.5569
v -2.368945 -0.030856 -0.106986 0.0000 0.0000 0.0000
v -2.286334 0.041428 0.106986 0.0000 0.0000 0.0000
v -2.286335 0.041428 -0.106986 0.0000 0.0000 0.0000
v -2.286334 0.041428 0.106986 0.0000 0.0000 0.0000
v -2.368945 -0.030856 -0.106986 0.0000 0.0000 0.0000
v -2.368945 -0.030856 0.106986 0.0000 0.0000 0.0000
v 0.042293 -0.146900 0.082753 0.0000 0.0000 0.0000
v 0.042293 -0.146900 -0.075057 0.0000 0.0000 0.0000
v 0.002294 -0.101951 -0.075057 0.0000 0.0000 0.0000
v 0.002294 -0.101951 -0.075057 0.0000 0.0000 0.0000
v 0.002294 -0.101951 0.082753 0.0000 0.0000 0.0000
v 0.042293 -0.146900 0.082753 0.0000 0.0000 0.0000
v -1.165593 -0.816042 -0.125718 0.0000 0.0000 0.0000
v -1.537978 -0.760219 0.000000 0.0000 0.0000 0.0000
v -1.511497 -0.720439 -0.125718 0.0000 0.0000 0.0000
v -1.537978 -0.760219 0.000000 0.0000 0.0000 0.0000
v -1.165593 -0.816042 -0.125718 0.0000 0.0000 0.0000
v -1.082249 -0.889692 0.000000 0.0000 0.0000 0.0000
v -1.537978 -0.760219 0.000000 0.0000 0.0000 0.0000
v -1.082249 -0.889692 0.000000 0.0000 0.0000 0.0000
v -1.165593 -0.816042 0.125718 0.0000 0.0000 0.0000
v -1.165593 -0.816042 0.125718 0.0000 0.0000 0.0000
v -1.511497 -0.720439 0.125718 0.0000 0.0000 0.0000
v -1.537978 -0.760219 0.000000 0.0000 0.0000 0.0000
v -1.577400 -0.644837 0.125718 0.0000 0.0000 0.0000
v -1.633708 -0.650747 0.000000 0.0000 0.0000 0.0000
v -1.511497 -0.720439 0.125718 0.0000 0.0000 0.0000
v -1.511497 -0.720439 0.125718 0.0000 0.0000 0.0000
v -1.633708 -0.650747 0.000000 0.0000 0.0000 0.0000
v -1.537978 -0.760219 0.000000 0.0000 0.0000 0.0000
v -1.633708 -0.650747 0.000000 0.0000 0.0000 0.0000
v -1.511497 -0.720439 -0.125718 0.0000 0.0000 0.0000
v -1.537978 -0.760219 0.000000 0.0000 0.0000 0.0000
v -1.511497 -0.720439 -0.125718 0.0000 0.0000 0.0000
v -1.633708 -0.650747 0.000000 0.0000 0.0000 0.0000
v -1.577400 -0.644837 -0.125718 0.0000 0.0000 0.0000
v -0.515431 -0.034151 0.000000 0.4157 0.4157 0.4157
v -0.515431 -0.004334 0.000000 0.4392 0.4392 0.4392
v -0.515431 -0.004334 0.000000 0.4392 0.4392 0.4392
v -1.928541 -0.277762 -0.106986 0.0000 0.0000 0.0000
v -1.683509 -0.077675 0.106986 0.0039 0.0039 0.0039
v -1.683509 -0.077675 -0.106986 0.0039 0.0039 0.0039
v -1.728139 -0.016042 0.106986 0.0471 0.0471 0.0471
v -1.683509 -0.077675 -0.106986 0.0039 0.0039 0.0039
v -1.683509 -0.077675 0.106986 0.0039 0.0039 0.0039
v -1.683509 -0.077675 -0.106986 0.0039 0.0039 0.0039
v -1.728139 -0.016042 0.106986 0.0471 0.0471 0.0471
v -1.728140 -0.016042 -0.106986 0.0471 0.0471 0.0471
v -1.970995 -0.337718 -0.106986 0.0000 0.0000 0.0000
v -1.932207 -0.277794 0.106986 0.0000 0.0000 0.0000
v -1.928541 -0.277762 -0.106986 0.0000 0.0000 0.0000
v -1.932207 -0.277794 0.106986 0.0000 0.0000 0.0000
v -1.970995 -0.337718 -0.106986 0.0000 0.0000 0.0000
v -1.970995 -0.337718 0.106986 0.0000 0.0000 0.0000
v -0.974000 0.488799 0.000000 0.4706 0.4706 0.4706
v -1.319345 0.488799 0.000000 0.4784 0.4784 0.4784
v -0.974000 0.461409 0.066126 0.4039 0.4039 0.4039
v -0.974000 0.461409 0.066126 0.4039 0.4039 0.4039
v -1.319345 0.488799 0.000000 0.4784 0.4784 0.4784
v -1.319345 0.461409 0.066126 0.4118 0.4118 0.4118
v -0.727541 0.395283 0.143060 0.2157 0.2157 0.2157
v -0.833600 0.496442 0.101158 0.4863 0.4863 0.4863
v -0.833600 0.395283 0.143060 0.2157 0.2157 0.2157
v -0.833600 0.496442 0.101158 0.4863 0.4863 0.4863
v -0.727541 0.395283 0.143060 0.2157 0.2157 0.2157
v -0.707439 0.494424 0.101158 0.4784 0.4784 0.4784
v -0.707439 0.494424 0.101158 0.4784 0.4784 0.4784
v -0.833600 0.538343 0.000000 0.5764 0.5764 0.5764
v -0.833600 0.496442 0.101158 0.4863 0.4863 0.4863
v -0.833600 0.538343 0.000000 0.5764 0.5764 0.5764
v -0.707439 0.494424 0.101158 0.4784 0.4784 0.4784
v -0.699112 0.535490 0.000000 0.5686 0.5686 0.5686
v -0.699112 0.535490 0.000000 0.5686 0.5686 0.5686
v -0.707439 0.494424 -0.101158 0.4784 0.4784 0.4784
v -0.833600 0.538343 0.000000 0.5764 0.5764 0.5764
v -0.707439 0.494424 -0.101158 0.4784 0.4784 0.4784
v -0.833600 0.496442 -0.101158 0.4863 0.4863 0.4863
v -0.833600 0.538343 0.000000 0.5764 0.5764 0.5764
v -0.707439 0.494424 -0.101158 0.4784 0.4784 0.4784
v -0.727541 0.395283 -0.143060 0.2157 0.2157 0.2157
v -0.833600 0.496442 -0.101158 0.4863 0.4863 0.4863
v -0.727541 0.395283 -0.143060 0.2157 0.2157 0.2157
v -0.833600 0.395283 -0.143060 0.2157 0.2157 0.2157
v -0.833600 0.496442 -0.101158 0.4863 0.4863 0.4863
v -0.727541 0.395283 -0.143060 0.2157 0.2157 0.2157
v -0.747644 0.296142 -0.101158 0.0000 0.0000 0.0000
v -0.833600 0.395283 -0.143060 0.2157 0.2157 0.2157
v -0.747644 0.296142 -0.101158 0.0000 0.0000 0.0000
v -0.833600 0.294125 -0.101158 0.0000 0.0000 0.0000
v -0.833600 0.395283 -0.143060 0.2157 0.2157 0.2157
v -0.747644 0.296142 -0.101158 0.0000 0.0000 0.0000
v -0.755971 0.255077 0.000000 0.0000 0.0000 0.0000
v -0.833600 0.294125 -0.101158 0.0000 0.0000 0.0000
v -0.755971 0.255077 0.000000 0.0000 0.0000 0.0000
v -0.833600 0.252224 0.000000 0.0000 0.0000 0.0000
v -0.833600 0.294125 -0.101158 0.0000 0.0000 0.0000
v -0.755971 0.255077 0.000000 0.0000 0.0000 0.0000
v -0.833600 0.294125 0.101158 0.0000 0.0000 0.0000
v -0.833600 0.252224 0.000000 0.0000 0.0000 0.0000
v -0.833600 0.294125 0.101158 0.0000 0.0000 0.0000
v -0.755971 0.255077 0.000000 0.0000 0.0000 0.0000
v -0.747644 0.296142 0.101158 0.0000 0.0000 0.0000
v -0.747644 0.296142 0.101158 0.0000 0.0000 0.0000
v -0.833600 0.395283 0.143060 0.2157 0.2157 0.2157
v -0.833600 0.294125 0.101158 0.0000 0.0000 0.0000
v -0.833600 0.395283 0.143060 0.2157 0.2157 0.2157
v -0.747644 0.296142 0.101158 0.0000 0.0000 0.0000
v -0.727541 0.395283 0.143060 0.2157 0.2157 0.2157
v -0.570769 -0.336352 0.000000 0.1608 0.1608 0.1608
v -0.668209 -0.337101 0.105759 0.1216 0.1216 0.1216
v -0.668209 -0.337101 0.000000 0.1216 0.1216 0.1216
v -0.668209 -0.337101 0.105759 0.1216 0.1216 0.1216
v -0.570769 -0.336352 0.000000 0.1608 0.1608 0.1608
v -0.570768 -0.336352 0.105759 0.1608 0.1608 0.1608
v -0.668209 -0.337101 0.000000 0.1216 0.1216 0.1216
v -0.570769 -0.336352 -0.105759 0.1608 0.1608 0.1608
v -0.570769 -0.336352 0.000000 0.1608 0.1608 0.1608
v -0.570769 -0.336352 -0.105759 0.1608 0.1608 0.1608
v -0.668209 -0.337101 0.000000 0.1216 0.1216 0.1216
v -0.668209 -0.337101 -0.105759 0.1216 0.1216 0.1216
v -1.683509 -0.077675 0.106986 0.0039 0.0039 0.0039
v -1.928541 -0.277762 -0.106986 0.0000 0.0000 0.0000
v -1.932207 -0.277794 0.106986 0.0000 0.0000 0.0000
v -0.013998 -0.336352 0.000000 0.3608 0.3608 0.3608
v -0.570769 -0.336352 0.000000 0.1608 0.1608 0.1608
v -0.013998 -0.336352 -0.105759 0.3608 0.3608 0.3608
v -0.013998 -0.336352 -0.105759 0.3608 0.3608 0.3608
v -0.570769 -0.336352 0.000000 0.1608 0.1608 0.1608
v -0.570769 -0.336352 -0.105759 0.1608 0.1608 0.1608
v -0.013998 -0.336352 0.000000 0.3608 0.3608 0.3608
v -0.570768 -0.336352 0.105759 0.1608 0.1608 0.1608
v -0.570769 -0.336352 0.000000 0.1608 0.1608 0.1608
v 0.476002 -0.336352 -0.105759 0.5059 0.5059 0.5059
v -0.013998 -0.336352 0.000000 0.3608 0.3608 0.3608
v -0.013998 -0.336352 -0.105759 0.3608 0.3608 0.3608
v -0.013998 -0.336352 0.105759 0.3608 0.3608 0.3608
v -0.570768 -0.336352 0.105759 0.1608 0.1608 0.1608
v -0.013998 -0.336352 0.000000 0.3608 0.3608 0.3608
v 0.476002 -0.336352 0.000000 0.5059 0.5059 0.5059
v -0.013998 -0.336352 0.000000 0.3608 0.3608 0.3608
v 0.476002 -0.336352 -0.105759 0.5059 0.5059 0.5059
v 0.476002 -0.336352 0.000000 0.5059 0.5059 0.5059
v -0.013998 -0.336352 0.105759 0.3608 0.3608 0.3608
v -0.013998 -0.336352 0.000000 0.3608 0.3608 0.3608
v 0.476002 -0.336352 0.105759 0.5059 0.5059 0.5059
v -0.013998 -0.336352 0.105759 0.3608 0.3608 0.3608
v 0.476002 -0.336352 0.000000 0.5059 0.5059 0.5059
v -0.609545 -0.103886 -0.088434 0.3765 0.3765 0.3765
v -0.725353 -0.008234 0.088434 0.4235 0.4235 0.4235
v -0.609545 -0.103886 0.088434 0.3765 0.3765 0.3765
v -0.725353 -0.008234 0.088434 0.4235 0.4235 0.4235
v -0.609545 -0.103886 -0.088434 0.3765 0.3765 0.3765
v -0.725353 -0.008234 -0.088434 0.4235 0.4235 0.4235
v -1.292638 0.221616 -0.087537 0.0000 0.0000 0.0000
v -1.319719 0.184892 0.099296 0.0000 0.0000 0.0000
v -1.292638 0.221616 0.087537 0.0000 0.0000 0.0000
v -1.319719 0.184892 -0.099296 0.0000 0.0000 0.0000
v -1.319719 0.184892 0.099296 0.0000 0.0000 0.0000
v -1.292638 0.221616 -0.087537 0.0000 0.0000 0.0000
v -1.325438 0.147577 -0.087537 0.0000 0.0000 0.0000
v -1.319719 0.184892 0.099296 0.0000 0.0000 0.0000
v -1.319719 0.184892 -0.099296 0.0000 0.0000 0.0000
v -1.319719 0.184892 0.099296 0.0000 0.0000 0.0000
v -1.325438 0.147577 -0.087537 0.0000 0.0000 0.0000
v -1.325438 0.147577 0.087537 0.0000 0.0000 0.0000
v -0.974000 0.461409 -0.066126 0.4039 0.4039 0.4039
v -1.319345 0.395283 -0.093516 0.2275 0.2275 0.2275
v -1.319345 0.461409 -0.066126 0.4118 0.4118 0.4118
v -1.020638 0.221616 0.087537 0.0000 0.0000 0.0000
v -1.292638 0.221616 -0.087537 0.0000 0.0000 0.0000
v -1.292638 0.221616 0.087537 0.0000 0.0000 0.0000
v -1.292638 0.221616 -0.087537 0.0000 0.0000 0.0000
v -1.020638 0.221616 0.087537 0.0000 0.0000 0.0000
v -1.020638 0.221616 -0.087537 0.0000 0.0000 0.0000
v -1.410136 -0.083237 0.089685 0.4706 0.4706 0.4706
v -1.520233 -0.083237 -0.081987 0.5019 0.5019 0.5019
v -1.520232 -0.083237 0.089685 0.5019 0.5019 0.5019
v -1.520233 -0.083237 -0.081987 0.5019 0.5019 0.5019
v -1.410136 -0.083237 0.089685 0.4706 0.4706 0.4706
v -1.410136 -0.083237 -0.081987 0.4706 0.4706 0.4706
v -1.673793 0.105129 -0.081987 0.7059 0.7059 0.7059
v -1.520232 -0.083237 0.089685 0.5019 0.5019 0.5019
v -1.520233 -0.083237 -0.081987 0.5019 0.5019 0.5019
v -1.520232 -0.083237 0.089685 0.5019 0.5019 0.5019
v -1.673793 0.105129 -0.081987 0.7059 0.7059 0.7059
v -1.673793 0.105129 0.089685 0.7059 0.7059 0.7059
v -1.673793 0.105129 -0.081987 0.7059 0.7059 0.7059
v -2.380233 0.105129 -0.081986 0.8353 0.8353 0.8353
v -1.673793 0.105129 0.089685 0.7059 0.7059 0.7059
v -1.673793 0.105129 0.089685 0.7059 0.7059 0.7059
v -2.380233 0.105129 -0.081986 0.8353 0.8353 0.8353
v -2.380233 0.105129 0.089686 0.8353 0.8353 0.8353
v -2.380233 0.105129 0.089686 0.8353 0.8353 0.8353
v -2.380233 0.105129 -0.081986 0.8353 0.8353 0.8353
v -2.470233 -0.004871 -0.081986 0.7843 0.7843 0.7843
v -2.470233 -0.004871 0.089686 0.7843 0.7843 0.7843
v -2.380233 0.105129 0.089686 0.8353 0.8353 0.8353
v -2.470233 -0.004871 -0.081986 0.7843 0.7843 0.7843
v -2.470233 -0.004871 -0.081986 0.7843 0.7843 0.7843
v -2.350232 -0.274871 0.089686 0.5333 0.5333 0.5333
v -2.470233 -0.004871 0.089686 0.7843 0.7843 0.7843
v -2.350232 -0.274871 0.089686 0.5333 0.5333 0.5333
v -2.470233 -0.004871 -0.081986 0.7843 0.7843 0.7843
v -2.350232 -0.274871 -0.081986 0.5333 0.5333 0.5333
v -1.206378 0.321616 -0.035000 0.1882 0.1882 0.1882
v -1.232838 0.251616 0.056000 0.0000 0.0000 0.0000
v -1.206378 0.321616 0.035000 0.1882 0.1882 0.1882
v -1.232838 0.251616 0.056000 0.0000 0.0000 0.0000
v -1.206378 0.321616 -0.035000 0.1882 0.1882 0.1882
v -1.232838 0.251616 -0.056000 0.0000 0.0000 0.0000
v -1.259038 0.211616 -0.084000 0.0000 0.0000 0.0000
v -1.232838 0.251616 0.056000 0.0000 0.0000 0.0000
v -1.232838 0.251616 -0.056000 0.0000 0.0000 0.0000
v -1.232838 0.251616 0.056000 0.0000 0.0000 0.0000
v -1.259038 0.211616 -0.084000 0.0000 0.0000 0.0000
v -1.259038 0.211616 0.084000 0.0000 0.0000 0.0000
v -1.765712 0.188478 -0.064564 0.7843 0.7843 0.7843
v -2.104753 0.188478 0.072263 0.8431 0.8431 0.8431
v -1.765712 0.188478 0.072263 0.7843 0.7843 0.7843
v -2.104753 0.188478 0.072263 0.8431 0.8431 0.8431
v -1.765712 0.188478 -0.064564 0.7843 0.7843 0.7843
v -2.104753 0.188478 -0.064564 0.8431 0.8431 0.8431
v 0.878422 -0.232716 0.082753 0.0000 0.0000 0.0000
v 0.878422 -0.232716 -0.075058 0.0000 0.0000 0.0000
v 0.948421 -0.232716 0.003847 0.0000 0.0000 0.0000
v 0.878422 -0.232716 -0.075058 0.0000 0.0000 0.0000
v 0.878422 -0.232716 0.082753 0.0000 0.0000 0.0000
v 0.588421 -0.232716 -0.075058 0.0000 0.0000 0.0000
v 0.588421 -0.232716 -0.075058 0.0000 0.0000 0.0000
v 0.878422 -0.232716 0.082753 0.0000 0.0000 0.0000
v 0.588421 -0.232716 0.082753 0.0000 0.0000 0.0000
v 0.588421 -0.232716 0.082753 0.0000 0.0000 0.0000
v -0.520912 -0.232717 -0.075057 0.0000 0.0000 0.0000
v 0.588421 -0.232716 -0.075058 0.0000 0.0000 0.0000
v -0.520912 -0.232717 -0.075057 0.0000 0.0000 0.0000
v 0.588421 -0.232716 0.082753 0.0000 0.0000 0.0000
v -0.520912 -0.232717 0.082754 0.0000 0.0000 0.0000
v -1.001991 -0.255190 0.067735 0.1961 0.1961 0.1961
v -1.200232 -0.725504 -0.104894 0.0000 0.0000 0.0000
v -1.001991 -0.255190 -0.060037 0.1961 0.1961 0.1961
v -1.200232 -0.725504 -0.104894 0.0000 0.0000 0.0000
v -1.001991 -0.255190 0.067735 0.1961 0.1961 0.1961
v -1.200232 -0.725504 0.112592 0.0000 0.0000 0.0000
v -1.020638 0.221616 0.087537 0.0000 0.0000 0.0000
v -0.993557 0.184892 -0.099296 0.0000 0.0000 0.0000
v -1.020638 0.221616 -0.087537 0.0000 0.0000 0.0000
v -0.993557 0.184892 0.099296 0.0000 0.0000 0.0000
v -0.993557 0.184892 -0.099296 0.0000 0.0000 0.0000
v -1.020638 0.221616 0.087537 0.0000 0.0000 0.0000
v -0.987838 0.147577 0.087537 0.0000 0.0000 0.0000
v -0.993557 0.184892 -0.099296 0.0000 0.0000 0.0000
v -0.993557 0.184892 0.099296 0.0000 0.0000 0.0000
v -0.993557 0.184892 -0.099296 0.0000 0.0000 0.0000
v -0.987838 0.147577 0.087537 0.0000 0.0000 0.0000
v -0.987838 0.147577 -0.087537 0.0000 0.0000 0.0000
v -1.319345 0.329158 -0.066126 0.0078 0.0078 0.0078
v -1.466282 0.395283 -0.154301 0.2314 0.2314 0.2314
v -1.319345 0.395283 -0.093516 0.2275 0.2275 0.2275
v -1.319345 0.395283 -0.093516 0.2275 0.2275 0.2275
v -1.466282 0.395283 -0.154301 0.2314 0.2314 0.2314
v -1.319345 0.461409 -0.066126 0.4118 0.4118 0.4118
v -1.319345 0.461409 -0.066126 0.4118 0.4118 0.4118
v -1.466282 0.395283 -0.154301 0.2314 0.2314 0.2314
v -1.466282 0.504391 -0.109107 0.5137 0.5137 0.5137
v -1.466282 0.286176 -0.109107 0.0000 0.0000 0.0000
v -1.554672 0.395283 -0.154301 0.2353 0.2353 0.2353
v -1.466282 0.395283 -0.154301 0.2314 0.2314 0.2314
v -1.466282 0.504391 -0.109107 0.5137 0.5137 0.5137
v -1.554672 0.395283 -0.154301 0.2353 0.2353 0.2353
v -1.554672 0.504391 -0.109107 0.5176 0.5176 0.5176
v -1.466282 0.504391 -0.109107 0.5137 0.5137 0.5137
v -1.554672 0.504391 -0.109107 0.5176 0.5176 0.5176
v -1.466282 0.549584 0.000000 0.6118 0.6118 0.6118
v -1.466282 0.549584 0.000000 0.6118 0.6118 0.6118
v -1.554672 0.504391 -0.109107 0.5176 0.5176 0.5176
v -1.554673 0.549584 0.000000 0.6118 0.6118 0.6118
v -1.043864 0.396420 0.127547 0.4510 0.4510 0.4510
v -1.241812 0.486610 0.090190 0.6941 0.6941 0.6941
v -1.241812 0.396420 0.127547 0.4550 0.4550 0.4550
v -1.241812 0.486610 0.090190 0.6941 0.6941 0.6941
v -1.043864 0.396420 0.127547 0.4510 0.4510 0.4510
v -1.043864 0.486610 0.090190 0.6902 0.6902 0.6902
v -1.241812 0.486610 0.090190 0.6941 0.6941 0.6941
v -1.043864 0.486610 0.090190 0.6902 0.6902 0.6902
v -1.043864 0.523968 0.000000 0.7725 0.7725 0.7725
v -1.043864 0.523968 0.000000 0.7725 0.7725 0.7725
v -1.241812 0.523968 0.000000 0.7725 0.7725 0.7725
v -1.241812 0.486610 0.090190 0.6941 0.6941 0.6941
v -1.043864 0.523968 0.000000 0.7725 0.7725 0.7725
v -1.241812 0.486610 -0.090190 0.6941 0.6941 0.6941
v -1.241812 0.523968 0.000000 0.7725 0.7725 0.7725
v -1.241812 0.486610 -0.090190 0.6941 0.6941 0.6941
v -1.043864 0.523968 0.000000 0.7725 0.7725 0.7725
v -1.043864 0.486610 -0.090190 0.6902 0.6902 0.6902
v -1.241812 0.486610 -0.090190 0.6941 0.6941 0.6941
v -1.043864 0.486610 -0.090190 0.6902 0.6902 0.6902
v -1.043864 0.396420 -0.127548 0.4510 0.4510 0.4510
v -1.043864 0.396420 -0.127548 0.4510 0.4510 0.4510
v -1.241812 0.396420 -0.127548 0.4510 0.4510 0.4510
v -1.241812 0.486610 -0.090190 0.6941 0.6941 0.6941
v -1.241812 0.396420 -0.127548 0.4510 0.4510 0.4510
v -1.043864 0.396420 -0.127548 0.4510 0.4510 0.4510
v -1.043864 0.306231 -0.090190 0.1176 0.1176 0.1176
v -1.043864 0.306231 -0.090190 0.1176 0.1176 0.1176
v -1.241812 0.306231 -0.090190 0.1216 0.1216 0.1216
v -1.241812 0.396420 -0.127548 0.4510 0.4510 0.4510
v -1.043864 0.306231 -0.090190 0.1176 0.1176 0.1176
v -1.241812 0.268873 0.000000 0.0000 0.0000 0.0000
v -1.241812 0.306231 -0.090190 0.1216 0.1216 0.1216
v -1.241812 0.268873 0.000000 0.0000 0.0000 0.0000
v -1.043864 0.306231 -0.090190 0.1176 0.1176 0.1176
v -1.043864 0.268873 0.000000 0.0000 0.0000 0.0000
v -1.241812 0.268873 0.000000 0.0000 0.0000 0.0000
v -1.043864 0.268873 0.000000 0.0000 0.0000 0.0000
v -1.043864 0.306231 0.090190 0.1176 0.1176 0.1176
v -1.043864 0.306231 0.090190 0.1176 0.1176 0.1176
v -1.241812 0.306231 0.090190 0.1216 0.1216 0.1216
v -1.241812 0.268873 0.000000 0.0000 0.0000 0.0000
v -1.043864 0.306231 0.090190 0.1176 0.1176 0.1176
v -1.241812 0.396420 0.127547 0.4510 0.4510 0.4510
v -1.241812 0.306231 0.090190 0.1216 0.1216 0.1216
v -1.241812 0.396420 0.127547 0.4510 0.4510 0.4510
v -1.043864 0.306231 0.090190 0.1176 0.1176 0.1176
v -1.043864 0.396420 0.127547 0.4510 0.4510 0.4510
v -1.082898 0.321615 0.035000 0.1843 0.1843 0.1843
v -1.056438 0.251615 -0.056000 0.0000 0.0000 0.0000
v -1.082898 0.321615 -0.035000 0.1843 0.1843 0.1843
v -1.056438 0.251615 -0.056000 0.0000 0.0000 0.0000
v -1.082898 0.321615 0.035000 0.1843 0.1843 0.1843
v -1.056438 0.251615 0.056000 0.0000 0.0000 0.0000
v -1.056438 0.251615 0.056000 0.0000 0.0000 0.0000
v -1.030238 0.211615 -0.084000 0.0000 0.0000 0.0000
v -1.056438 0.251615 -0.056000 0.0000 0.0000 0.0000
v -1.030238 0.211615 0.084000 0.0000 0.0000 0.0000
v -1.030238 0.211615 -0.084000 0.0000 0.0000 0.0000
v -1.056438 0.251615 0.056000 0.0000 0.0000 0.0000
v -1.056438 0.251615 -0.056000 0.0000 0.0000 0.0000
v -1.232838 0.251616 -0.056000 0.0000 0.0000 0.0000
v -1.082898 0.321615 -0.035000 0.1843 0.1843 0.1843
v -1.082898 0.321615 -0.035000 0.1843 0.1843 0.1843
v -1.232838 0.251616 -0.056000 0.0000 0.0000 0.0000
v -1.206378 0.321616 -0.035000 0.1882 0.1882 0.1882
v -1.232838 0.251616 -0.056000 0.0000 0.0000 0.0000
v -1.056438 0.251615 -0.056000 0.0000 0.0000 0.0000
v -1.259038 0.211616 -0.084000 0.0000 0.0000 0.0000
v -1.030238 0.211615 -0.084000 0.0000 0.0000 0.0000
v -1.259038 0.211616 -0.084000 0.0000 0.0000 0.0000
v -1.056438 0.251615 -0.056000 0.0000 0.0000 0.0000
v -1.082898 0.321615 0.035000 0.1843 0.1843 0.1843
v -1.232838 0.251616 0.056000 0.0000 0.0000 0.0000
v -1.056438 0.251615 0.056000 0.0000 0.0000 0.0000
v -1.232838 0.251616 0.056000 0.0000 0.0000 0.0000
v -1.082898 0.321615 0.035000 0.1843 0.1843 0.1843
v -1.206378 0.321616 0.035000 0.1882 0.1882 0.1882
v -1.259038 0.211616 0.084000 0.0000 0.0000 0.0000
v -1.056438 0.251615 0.056000 0.0000 0.0000 0.0000
v -1.232838 0.251616 0.056000 0.0000 0.0000 0.0000
v -1.056438 0.251615 0.056000 0.0000 0.0000 0.0000
v -1.259038 0.211616 0.084000 0.0000 0.0000 0.0000
v -1.030238 0.211615 0.084000 0.0000 0.0000 0.0000
v -2.360232 -0.044871 -0.081986 0.7333 0.7333 0.7333
v -2.300232 -0.274871 0.089686 0.5216 0.5216 0.5216
v -2.300232 -0.274871 -0.081986 0.5216 0.5216 0.5216
v -2.300232 -0.274871 0.089686 0.5216 0.5216 0.5216
v -2.360232 -0.044871 -0.081986 0.7333 0.7333 0.7333
v -2.360232 -0.044871 0.089686 0.7333 0.7333 0.7333
v -2.360232 -0.044871 -0.081986 0.7333 0.7333 0.7333
v -2.280232 0.035129 0.089686 0.7764 0.7764 0.7764
v -2.360232 -0.044871 0.089686 0.7333 0.7333 0.7333
v -2.280232 0.035129 0.089686 0.7764 0.7764 0.7764
v -2.360232 -0.044871 -0.081986 0.7333 0.7333 0.7333
v -2.280232 0.035129 -0.081986 0.7764 0.7764 0.7764
v -2.280232 0.035129 -0.081986 0.7764 0.7764 0.7764
v -1.701585 0.030360 0.089685 0.6510 0.6510 0.6510
v -2.280232 0.035129 0.089686 0.7764 0.7764 0.7764
v -1.701585 0.030360 0.089685 0.6510 0.6510 0.6510
v -2.280232 0.035129 -0.081986 0.7764 0.7764 0.7764
v -1.701585 0.030360 -0.081987 0.6510 0.6510 0.6510
v -1.701585 0.030360 0.089685 0.6510 0.6510 0.6510
v -1.701585 0.030360 -0.081987 0.6510 0.6510 0.6510
v -1.616998 -0.074559 -0.081987 0.5373 0.5373 0.5373
v -1.616998 -0.074559 0.089685 0.5373 0.5373 0.5373
v -1.701585 0.030360 0.089685 0.6510 0.6510 0.6510
v -1.616998 -0.074559 -0.081987 0.5373 0.5373 0.5373
v -1.616998 -0.074559 -0.081987 0.5373 0.5373 0.5373
v -1.936998 -0.324560 -0.081986 0.3568 0.3568 0.3568
v -1.616998 -0.074559 0.089685 0.5373 0.5373 0.5373
v -1.616998 -0.074559 0.089685 0.5373 0.5373 0.5373
v -1.936998 -0.324560 -0.081986 0.3568 0.3568 0.3568
v -1.936998 -0.324560 0.089686 0.3568 0.3568 0.3568
v -2.104753 0.139437 0.091459 0.8117 0.8117 0.8117
v -1.765712 0.188478 0.072263 0.7843 0.7843 0.7843
v -2.104753 0.188478 0.072263 0.8431 0.8431 0.8431
v -1.765712 0.188478 0.072263 0.7843 0.7843 0.7843
v -2.104753 0.139437 0.091459 0.8117 0.8117 0.8117
v -1.705712 0.139437 0.091459 0.7372 0.7372 0.7372
v -1.268901 0.478925 0.000000 0.6745 0.6745 0.6745
v -1.268901 0.396420 0.082504 0.4510 0.4510 0.4510
v -1.268901 0.454760 0.058339 0.6157 0.6157 0.6157
v -1.268901 0.478925 0.000000 0.6745 0.6745 0.6745
v -1.268901 0.338081 0.058339 0.2549 0.2549 0.2549
v -1.268901 0.396420 0.082504 0.4510 0.4510 0.4510
v -1.268901 0.478925 0.000000 0.6745 0.6745 0.6745
v -1.268901 0.338081 -0.058340 0.2549 0.2549 0.2549
v -1.268901 0.338081 0.058339 0.2549 0.2549 0.2549
v -1.268901 0.338081 0.058339 0.2549 0.2549 0.2549
v -1.268901 0.338081 -0.058340 0.2549 0.2549 0.2549
v -1.268901 0.313916 0.000000 0.1569 0.1569 0.1569
v -1.268901 0.338081 -0.058340 0.2549 0.2549 0.2549
v -1.268901 0.478925 0.000000 0.6745 0.6745 0.6745
v -1.268901 0.396420 -0.082505 0.4550 0.4550 0.4550
v -1.268901 0.396420 -0.082505 0.4550 0.4550 0.4550
v -1.268901 0.478925 0.000000 0.6745 0.6745 0.6745
v -1.268901 0.454760 -0.058340 0.6157 0.6157 0.6157
v -1.404439 0.085126 0.105759 0.2902 0.2902 0.2902
v -1.511840 0.085126 0.105759 0.2510 0.2510 0.2510
v -1.429953 0.054032 0.122109 0.2471 0.2471 0.2471
v -1.536781 0.054032 0.122123 0.2078 0.2078 0.2078
v -1.429953 0.054032 0.122109 0.2471 0.2471 0.2471
v -1.511840 0.085126 0.105759 0.2510 0.2510 0.2510
v -1.401802 0.054032 0.122122 0.2588 0.2588 0.2588
v -1.404439 0.085126 0.105759 0.2902 0.2902 0.2902
v -1.429953 0.054032 0.122109 0.2471 0.2471 0.2471
v -1.511840 0.085126 0.105759 0.2510 0.2510 0.2510
v -1.618886 0.151316 0.105759 0.2784 0.2784 0.2784
v -1.536781 0.054032 0.122123 0.2078 0.2078 0.2078
v -1.404439 0.085126 0.105759 0.2902 0.2902 0.2902
v -1.401802 0.054032 0.122122 0.2588 0.2588 0.2588
v -1.367615 0.080014 0.122112 0.2980 0.2980 0.2980
v -1.638868 0.115973 0.122129 0.2353 0.2353 0.2353
v -1.536781 0.054032 0.122123 0.2078 0.2078 0.2078
v -1.618886 0.151316 0.105759 0.2784 0.2784 0.2784
v -1.367615 0.080014 0.122112 0.2980 0.2980 0.2980
v -1.339107 0.153655 0.105759 0.3725 0.3725 0.3725
v -1.404439 0.085126 0.105759 0.2902 0.2902 0.2902
v -1.618886 0.151316 0.105759 0.2784 0.2784 0.2784
v -2.423911 0.116305 0.122105 0.0000 0.0000 0.0000
v -1.638868 0.115973 0.122129 0.2353 0.2353 0.2353
v -1.339107 0.153655 0.105759 0.3725 0.3725 0.3725
v -1.367615 0.080014 0.122112 0.2980 0.2980 0.2980
v -1.322427 0.127579 0.122108 0.3568 0.3568 0.3568
v -2.423911 0.116305 0.122105 0.0000 0.0000 0.0000
v -1.618886 0.151316 0.105759 0.2784 0.2784 0.2784
v -2.483914 0.151316 0.105759 0.0000 0.0000 0.0000
v -2.523914 0.111316 0.105759 0.0000 0.0000 0.0000
v -2.423911 0.116305 0.122105 0.0000 0.0000 0.0000
v -2.483914 0.151316 0.105759 0.0000 0.0000 0.0000
v -2.423911 0.116305 0.122105 0.0000 0.0000 0.0000
v -2.523914 0.111316 0.105759 0.0000 0.0000 0.0000
v -2.529927 0.051891 0.117089 0.0000 0.0000 0.0000
v -1.000689 0.127637 0.122104 0.4550 0.4550 0.4550
v -1.339107 0.153655 0.105759 0.3725 0.3725 0.3725
v -1.322427 0.127579 0.122108 0.3568 0.3568 0.3568
v -0.972523 0.153655 0.105759 0.4823 0.4823 0.4823
v -1.339107 0.153655 0.105759 0.3725 0.3725 0.3725
v -1.000689 0.127637 0.122104 0.4550 0.4550 0.4550
v -1.000689 0.127637 0.122104 0.4550 0.4550 0.4550
v -0.917412 0.095666 0.105759 0.4510 0.4510 0.4510
v -0.972523 0.153655 0.105759 0.4823 0.4823 0.4823
v -0.917412 0.095666 0.105759 0.4510 0.4510 0.4510
v -1.000689 0.127637 0.122104 0.4550 0.4550 0.4550
v -0.935685 0.063315 0.122117 0.4196 0.4196 0.4196
v -0.702501 0.064422 0.122112 0.4902 0.4902 0.4902
v -0.917412 0.095666 0.105759 0.4510 0.4510 0.4510
v -0.935685 0.063315 0.122117 0.4196 0.4196 0.4196
v -0.702902 0.095666 0.105759 0.5137 0.5137 0.5137
v -0.917412 0.095666 0.105759 0.4510 0.4510 0.4510
v -0.702501 0.064422 0.122112 0.4902 0.4902 0.4902
v -0.702501 0.064422 0.122112 0.4902 0.4902 0.4902
v -0.572902 -0.004334 0.105759 0.4706 0.4706 0.4706
v -0.702902 0.095666 0.105759 0.5137 0.5137 0.5137
v -0.572902 -0.004334 0.105759 0.4706 0.4706 0.4706
v -0.702501 0.064422 0.122112 0.4902 0.4902 0.4902
v -0.573298 -0.036617 0.122112 0.4471 0.4471 0.4471
v -0.573298 -0.036617 0.122112 0.4471 0.4471 0.4471
v 0.877765 -0.004334 0.105759 0.8000 0.8000 0.8000
v -0.572902 -0.004334 0.105759 0.4706 0.4706 0.4706
v 0.877765 -0.004334 0.105759 0.8000 0.8000 0.8000
v -0.573298 -0.036617 0.122112 0.4471 0.4471 0.4471
v 0.889248 -0.036099 0.119900 0.7882 0.7882 0.7882
v -1.511840 0.085126 -0.105759 0.2510 0.2510 0.2510
v -1.429953 0.054032 -0.122109 0.2471 0.2471 0.2471
v -1.536781 0.054032 -0.122123 0.2078 0.2078 0.2078
v -1.429953 0.054032 -0.122109 0.2471 0.2471 0.2471
v -1.511840 0.085126 -0.105759 0.2510 0.2510 0.2510
v -1.404439 0.085126 -0.105759 0.2902 0.2902 0.2902
v -1.536781 0.054032 -0.122123 0.2078 0.2078 0.2078
v -1.618886 0.151316 -0.105759 0.2784 0.2784 0.2784
v -1.511840 0.085126 -0.105759 0.2510 0.2510 0.2510
v -1.404439 0.085126 -0.105759 0.2902 0.2902 0.2902
v -1.401802 0.054032 -0.122122 0.2588 0.2588 0.2588
v -1.429953 0.054032 -0.122109 0.2471 0.2471 0.2471
v -1.618886 0.151316 -0.105759 0.2784 0.2784 0.2784
v -1.536781 0.054032 -0.122123 0.2078 0.2078 0.2078
v -1.638868 0.115973 -0.122129 0.2353 0.2353 0.2353
v -1.401802 0.054032 -0.122122 0.2588 0.2588 0.2588
v -1.404439 0.085126 -0.105759 0.2902 0.2902 0.2902
v -1.367616 0.080014 -0.122112 0.2980 0.2980 0.2980
v -2.423911 0.116305 -0.122105 0.0000 0.0000 0.0000
v -1.618886 0.151316 -0.105759 0.2784 0.2784 0.2784
v -1.638868 0.115973 -0.122129 0.2353 0.2353 0.2353
v -1.404439 0.085126 -0.105759 0.2902 0.2902 0.2902
v -1.339107 0.153655 -0.105759 0.3725 0.3725 0.3725
v -1.367616 0.080014 -0.122112 0.2980 0.2980 0.2980
v -2.483914 0.151316 -0.105759 0.0000 0.0000 0.0000
v -1.618886 0.151316 -0.105759 0.2784 0.2784 0.2784
v -2.423911 0.116305 -0.122105 0.0000 0.0000 0.0000
v -2.423911 0.116305 -0.122105 0.0000 0.0000 0.0000
v -2.523914 0.111316 -0.105759 0.0000 0.0000 0.0000
v -2.483914 0.151316 -0.105759 0.0000 0.0000 0.0000
v -2.523914 0.111316 -0.105759 0.0000 0.0000 0.0000
v -2.423911 0.116305 -0.122105 0.0000 0.0000 0.0000
v -2.529927 0.051891 -0.117089 0.0000 0.0000 0.0000
v -1.367616 0.080014 -0.122112 0.2980 0.2980 0.2980
v -1.339107 0.153655 -0.105759 0.3725 0.3725 0.3725
v -1.322427 0.127579 -0.122108 0.3568 0.3568 0.3568
v -1.339107 0.153655 -0.105759 0.3725 0.3725 0.3725
v -1.000689 0.127637 -0.122104 0.4550 0.4550 0.4550
v -1.322427 0.127579 -0.122108 0.3568 0.3568 0.3568
v -1.000689 0.127637 -0.122104 0.4550 0.4550 0.4550
v -1.339107 0.153655 -0.105759 0.3725 0.3725 0.3725
v -0.972523 0.153655 -0.105759 0.4823 0.4823 0.4823
v -0.972523 0.153655 -0.105759 0.4823 0.4823 0.4823
v -0.917412 0.095666 -0.105759 0.4510 0.4510 0.4510
v -1.000689 0.127637 -0.122104 0.4550 0.4550 0.4550
v -0.935685 0.063315 -0.122117 0.4196 0.4196 0.4196
v -1.000689 0.127637 -0.122104 0.4550 0.4550 0.4550
v -0.917412 0.095666 -0.105759 0.4510 0.4510 0.4510
v -0.917412 0.095666 -0.105759 0.4510 0.4510 0.4510
v -0.702501 0.064422 -0.122112 0.4902 0.4902 0.4902
v -0.935685 0.063315 -0.122117 0.4196 0.4196 0.4196
v -0.702501 0.064422 -0.122112 0.4902 0.4902 0.4902
v -0.917412 0.095666 -0.105759 0.4510 0.4510 0.4510
v -0.702902 0.095666 -0.105759 0.5137 0.5137 0.5137
v -0.702902 0.095666 -0.105759 0.5137 0.5137 0.5137
v -0.572902 -0.004334 -0.105759 0.4706 0.4706 0.4706
v -0.702501 0.064422 -0.122112 0.4902 0.4902 0.4902
v -0.573298 -0.036617 -0.122113 0.4471 0.4471 0.4471
v -0.702501 0.064422 -0.122112 0.4902 0.4902 0.4902
v -0.572902 -0.004334 -0.105759 0.4706 0.4706 0.4706
v 0.877765 -0.004334 -0.105760 0.8000 0.8000 0.8000
v -0.573298 -0.036617 -0.122113 0.4471 0.4471 0.4471
v -0.572902 -0.004334 -0.105759 0.4706 0.4706 0.4706
v 0.889248 -0.036099 -0.119901 0.7882 0.7882 0.7882
v -0.573298 -0.036617 -0.122113 0.4471 0.4471 0.4471
v 0.877765 -0.004334 -0.105760 0.8000 0.8000 0.8000
v -1.705712 0.139437 -0.083761 0.7372 0.7372 0.7372
v -2.104753 0.139437 -0.083760 0.8117 0.8117 0.8117
v -1.765712 0.188478 -0.064564 0.7843 0.7843 0.7843
v -1.765712 0.188478 -0.064564 0.7843 0.7843 0.7843
v -2.104753 0.139437 -0.083760 0.8117 0.8117 0.8117
v -2.104753 0.188478 -0.064564 0.8431 0.8431 0.8431
v -1.561840 0.023628 -0.105759 0.1686 0.1686 0.1686
v -1.638868 0.115973 -0.122129 0.2353 0.2353 0.2353
v -1.536781 0.054032 -0.122123 0.2078 0.2078 0.2078
v -1.638868 0.115973 -0.122129 0.2353 0.2353 0.2353
v -1.561840 0.023628 -0.105759 0.1686 0.1686 0.1686
v -1.658887 0.079818 -0.105759 0.1882 0.1882 0.1882
v -1.536781 0.054032 -0.122123 0.2078 0.2078 0.2078
v -1.454439 0.023628 -0.105759 0.2078 0.2078 0.2078
v -1.561840 0.023628 -0.105759 0.1686 0.1686 0.1686
v -2.363914 0.079818 -0.105759 0.0000 0.0000 0.0000
v -1.638868 0.115973 -0.122129 0.2353 0.2353 0.2353
v -1.658887 0.079818 -0.105759 0.1882 0.1882 0.1882
v -1.454439 0.023628 -0.105759 0.2078 0.2078 0.2078
v -1.536781 0.054032 -0.122123 0.2078 0.2078 0.2078
v -1.429953 0.054032 -0.122109 0.2471 0.2471 0.2471
v -2.423911 0.116305 -0.122105 0.0000 0.0000 0.0000
v -1.638868 0.115973 -0.122129 0.2353 0.2353 0.2353
v -2.363914 0.079818 -0.105759 0.0000 0.0000 0.0000
v -2.423911 0.116305 -0.122105 0.0000 0.0000 0.0000
v -2.363914 0.079818 -0.105759 0.0000 0.0000 0.0000
v -2.483914 -0.050182 -0.105759 0.0000 0.0000 0.0000
v -2.529927 0.051891 -0.117089 0.0000 0.0000 0.0000
v -2.423911 0.116305 -0.122105 0.0000 0.0000 0.0000
v -2.483914 -0.050182 -0.105759 0.0000 0.0000 0.0000
v -1.429953 0.054032 -0.122109 0.2471 0.2471 0.2471
v -1.435041 0.007857 -0.105759 0.2000 0.2000 0.2000
v -1.454439 0.023628 -0.105759 0.2078 0.2078 0.2078
v -1.435041 0.007857 -0.105759 0.2000 0.2000 0.2000
v -1.429953 0.054032 -0.122109 0.2471 0.2471 0.2471
v -1.401802 0.054032 -0.122122 0.2588 0.2588 0.2588
v -1.401802 0.054032 -0.122122 0.2588 0.2588 0.2588
v -1.415644 -0.007914 -0.105759 0.1882 0.1882 0.1882
v -1.435041 0.007857 -0.105759 0.2000 0.2000 0.2000
v -1.415644 -0.007914 -0.105759 0.1882 0.1882 0.1882
v -1.401802 0.054032 -0.122122 0.2588 0.2588 0.2588
v -1.378022 0.032482 -0.122126 0.2471 0.2471 0.2471
v -1.378022 0.032482 -0.122126 0.2471 0.2471 0.2471
v -1.162413 -0.181803 -0.122127 0.0941 0.0941 0.0941
v -1.415644 -0.007914 -0.105759 0.1882 0.1882 0.1882
v -1.194792 -0.227100 -0.105759 0.0235 0.0235 0.0235
v -1.415644 -0.007914 -0.105759 0.1882 0.1882 0.1882
v -1.162413 -0.181803 -0.122127 0.0941 0.0941 0.0941
v -1.162413 -0.181803 -0.122127 0.0941 0.0941 0.0941
v -0.778209 -0.227100 -0.105759 0.2000 0.2000 0.2000
v -1.194792 -0.227100 -0.105759 0.0235 0.0235 0.0235
v -0.778209 -0.227100 -0.105759 0.2000 0.2000 0.2000
v -1.162413 -0.181803 -0.122127 0.0941 0.0941 0.0941
v -0.680836 -0.180711 -0.122113 0.2823 0.2823 0.2823
v -0.680836 -0.180711 -0.122113 0.2823 0.2823 0.2823
v -0.723209 -0.282100 -0.105759 0.1608 0.1608 0.1608
v -0.778209 -0.227100 -0.105759 0.2000 0.2000 0.2000
v -0.723209 -0.282100 -0.105759 0.1608 0.1608 0.1608
v -0.680836 -0.180711 -0.122113 0.2823 0.2823 0.2823
v -0.625792 -0.240962 -0.122138 0.2432 0.2432 0.2432
v -0.625792 -0.240962 -0.122138 0.2432 0.2432 0.2432
v -0.668209 -0.337101 -0.105759 0.1216 0.1216 0.1216
v -0.723209 -0.282100 -0.105759 0.1608 0.1608 0.1608
v -0.668209 -0.337101 -0.105759 0.1216 0.1216 0.1216
v -0.625792 -0.240962 -0.122138 0.2432 0.2432 0.2432
v -0.570769 -0.336352 -0.105759 0.1608 0.1608 0.1608
v -0.570769 -0.336352 -0.105759 0.1608 0.1608 0.1608
v -0.625792 -0.240962 -0.122138 0.2432 0.2432 0.2432
v -0.493329 -0.240424 -0.122132 0.2902 0.2902 0.2902
v -0.493329 -0.240424 -0.122132 0.2902 0.2902 0.2902
v -0.013998 -0.336352 -0.105759 0.3608 0.3608 0.3608
v -0.570769 -0.336352 -0.105759 0.1608 0.1608 0.1608
v -0.013998 -0.336352 -0.105759 0.3608 0.3608 0.3608
v -0.493329 -0.240424 -0.122132 0.2902 0.2902 0.2902
v 0.063470 -0.240470 -0.122134 0.4667 0.4667 0.4667
v 0.063470 -0.240470 -0.122134 0.4667 0.4667 0.4667
v 0.476002 -0.336352 -0.105759 0.5059 0.5059 0.5059
v -0.013998 -0.336352 -0.105759 0.3608 0.3608 0.3608
v 0.476002 -0.336352 -0.105759 0.5059 0.5059 0.5059
v 0.063470 -0.240470 -0.122134 0.4667 0.4667 0.4667
v 0.571771 -0.240539 -0.115458 0.6000 0.6000 0.6000
v -1.415644 -0.007914 0.105759 0.1882 0.1882 0.1882
v -1.401802 0.054032 0.122122 0.2588 0.2588 0.2588
v -1.435041 0.007857 0.105759 0.2000 0.2000 0.2000
v -1.435041 0.007857 0.105759 0.2000 0.2000 0.2000
v -1.401802 0.054032 0.122122 0.2588 0.2588 0.2588
v -1.429953 0.054032 0.122109 0.2471 0.2471 0.2471
v -1.401802 0.054032 0.122122 0.2588 0.2588 0.2588
v -1.415644 -0.007914 0.105759 0.1882 0.1882 0.1882
v -1.378022 0.032482 0.122126 0.2471 0.2471 0.2471
v -1.435041 0.007857 0.105759 0.2000 0.2000 0.2000
v -1.429953 0.054032 0.122109 0.2471 0.2471 0.2471
v -1.454439 0.023628 0.105759 0.2078 0.2078 0.2078
v -1.415644 -0.007914 0.105759 0.1882 0.1882 0.1882
v -1.162413 -0.181803 0.122127 0.0941 0.0941 0.0941
v -1.378022 0.032482 0.122126 0.2471 0.2471 0.2471
v -1.429953 0.054032 0.122109 0.2471 0.2471 0.2471
v -1.536781 0.054032 0.122123 0.2078 0.2078 0.2078
v -1.454439 0.023628 0.105759 0.2078 0.2078 0.2078
v -1.162413 -0.181803 0.122127 0.0941 0.0941 0.0941
v -1.415644 -0.007914 0.105759 0.1882 0.1882 0.1882
v -1.194792 -0.227100 0.105759 0.0235 0.0235 0.0235
v -1.561840 0.023628 0.105759 0.1686 0.1686 0.1686
v -1.454439 0.023628 0.105759 0.2078 0.2078 0.2078
v -1.536781 0.054032 0.122123 0.2078 0.2078 0.2078
v -0.778209 -0.227100 0.105759 0.2000 0.2000 0.2000
v -1.162413 -0.181803 0.122127 0.0941 0.0941 0.0941
v -1.194792 -0.227100 0.105759 0.0235 0.0235 0.0235
v -1.536781 0.054032 0.122123 0.2078 0.2078 0.2078
v -1.638868 0.115973 0.122129 0.2353 0.2353 0.2353
v -1.561840 0.023628 0.105759 0.1686 0.1686 0.1686
v -0.680836 -0.180711 0.122113 0.2823 0.2823 0.2823
v -1.162413 -0.181803 0.122127 0.0941 0.0941 0.0941
v -0.778209 -0.227100 0.105759 0.2000 0.2000 0.2000
v -1.658886 0.079818 0.105759 0.1882 0.1882 0.1882
v -1.561840 0.023628 0.105759 0.1686 0.1686 0.1686
v -1.638868 0.115973 0.122129 0.2353 0.2353 0.2353
v -0.778209 -0.227100 0.105759 0.2000 0.2000 0.2000
v -0.723209 -0.282100 0.105759 0.1608 0.1608 0.1608
v -0.680836 -0.180711 0.122113 0.2823 0.2823 0.2823
v -1.638868 0.115973 0.122129 0.2353 0.2353 0.2353
v -2.363914 0.079818 0.105759 0.0000 0.0000 0.0000
v -1.658886 0.079818 0.105759 0.1882 0.1882 0.1882
v -0.680836 -0.180711 0.122113 0.2823 0.2823 0.2823
v -0.723209 -0.282100 0.105759 0.1608 0.1608 0.1608
v -0.625792 -0.240962 0.122138 0.2432 0.2432 0.2432
v -2.363914 0.079818 0.105759 0.0000 0.0000 0.0000
v -1.638868 0.115973 0.122129 0.2353 0.2353 0.2353
v -2.423911 0.116305 0.122105 0.0000 0.0000 0.0000
v -2.423911 0.116305 0.122105 0.0000 0.0000 0.0000
v -2.483914 -0.050182 0.105759 0.0000 0.0000 0.0000
v -2.363914 0.079818 0.105759 0.0000 0.0000 0.0000
v -2.483914 -0.050182 0.105759 0.0000 0.0000 0.0000
v -2.423911 0.116305 0.122105 0.0000 0.0000 0.0000
v -2.529927 0.051891 0.117089 0.0000 0.0000 0.0000
v -0.723209 -0.282100 0.105759 0.1608 0.1608 0.1608
v -0.668209 -0.337101 0.105759 0.1216 0.1216 0.1216
v -0.625792 -0.240962 0.122138 0.2432 0.2432 0.2432
v -0.570768 -0.336352 0.105759 0.1608 0.1608 0.1608
v -0.625792 -0.240962 0.122138 0.2432 0.2432 0.2432
v -0.668209 -0.337101 0.105759 0.1216 0.1216 0.1216
v -0.625792 -0.240962 0.122138 0.2432 0.2432 0.2432
v -0.570768 -0.336352 0.105759 0.1608 0.1608 0.1608
v -0.493329 -0.240424 0.122132 0.2902 0.2902 0.2902
v -0.013998 -0.336352 0.105759 0.3608 0.3608 0.3608
v -0.493329 -0.240424 0.122132 0.2902 0.2902 0.2902
v -0.570768 -0.336352 0.105759 0.1608 0.1608 0.1608
v 0.063470 -0.240470 0.122134 0.4667 0.4667 0.4667
v -0.493329 -0.240424 0.122132 0.2902 0.2902 0.2902
v -0.013998 -0.336352 0.105759 0.3608 0.3608 0.3608
v 0.476002 -0.336352 0.105759 0.5059 0.5059 0.5059
v 0.063470 -0.240470 0.122134 0.4667 0.4667 0.4667
v -0.013998 -0.336352 0.105759 0.3608 0.3608 0.3608
v 0.571771 -0.240539 0.115458 0.6000 0.6000 0.6000
v 0.063470 -0.240470 0.122134 0.4667 0.4667 0.4667
v 0.476002 -0.336352 0.105759 0.5059 0.5059 0.5059
v -1.241812 0.306231 0.090190 0.1216 0.1216 0.1216
v -1.268901 0.396420 0.082504 0.4510 0.4510 0.4510
v -1.268901 0.338081 0.058339 0.2549 0.2549 0.2549
v -1.268901 0.396420 0.082504 0.4510 0.4510 0.4510
v -1.241812 0.306231 0.090190 0.1216 0.1216 0.1216
v -1.241812 0.396420 0.127547 0.4510 0.4510 0.4510
v -1.268901 0.313916 0.000000 0.1569 0.1569 0.1569
v -1.241812 0.306231 0.090190 0.1216 0.1216 0.1216
v -1.268901 0.338081 0.058339 0.2549 0.2549 0.2549
v -1.241812 0.306231 0.090190 0.1216 0.1216 0.1216
v -1.268901 0.313916 0.000000 0.1569 0.1569 0.1569
v -1.241812 0.268873 0.000000 0.0000 0.0000 0.0000
v -1.268901 0.313916 0.000000 0.1569 0.1569 0.1569
v -1.241812 0.306231 -0.090190 0.1216 0.1216 0.1216
v -1.241812 0.268873 0.000000 0.0000 0.0000 0.0000
v -1.241812 0.306231 -0.090190 0.1216 0.1216 0.1216
v -1.268901 0.313916 0.000000 0.1569 0.1569 0.1569
v -1.268901 0.338081 -0.058340 0.2549 0.2549 0.2549
v -1.268901 0.396420 -0.082505 0.4510 0.4510 0.4510
v -1.241812 0.306231 -0.090190 0.1216 0.1216 0.1216
v -1.268901 0.338081 -0.058340 0.2549 0.2549 0.2549
v -1.241812 0.306231 -0.090190 0.1216 0.1216 0.1216
v -1.268901 0.396420 -0.082505 0.4510 0.4510 0.4510
v -1.241812 0.396420 -0.127548 0.4510 0.4510 0.4510
v -1.268901 0.454760 -0.058340 0.6157 0.6157 0.6157
v -1.241812 0.396420 -0.127548 0.4510 0.4510 0.4510
v -1.268901 0.396420 -0.082505 0.4550 0.4550 0.4550
v -1.241812 0.396420 -0.127548 0.4510 0.4510 0.4510
v -1.268901 0.454760 -0.058340 0.6157 0.6157 0.6157
v -1.241812 0.486610 -0.090190 0.6941 0.6941 0.6941
v -1.268901 0.454760 -0.058340 0.6157 0.6157 0.6157
v -1.241812 0.523968 0.000000 0.7725 0.7725 0.7725
v -1.241812 0.486610 -0.090190 0.6941 0.6941 0.6941
v -1.241812 0.523968 0.000000 0.7725 0.7725 0.7725
v -1.268901 0.454760 -0.058340 0.6157 0.6157 0.6157
v -1.268901 0.478925 0.000000 0.6745 0.6745 0.6745
v -1.268901 0.454760 0.058339 0.6157 0.6157 0.6157
v -1.241812 0.523968 0.000000 0.7725 0.7725 0.7725
v -1.268901 0.478925 0.000000 0.6745 0.6745 0.6745
v -1.241812 0.523968 0.000000 0.7725 0.7725 0.7725
v -1.268901 0.454760 0.058339 0.6157 0.6157 0.6157
v -1.241812 0.486610 0.090190 0.6941 0.6941 0.6941
v -1.268901 0.454760 0.058339 0.6157 0.6157 0.6157
v -1.241812 0.396420 0.127547 0.4550 0.4550 0.4550
v -1.241812 0.486610 0.090190 0.6941 0.6941 0.6941
v -1.241812 0.396420 0.127547 0.4550 0.4550 0.4550
v -1.268901 0.454760 0.058339 0.6157 0.6157 0.6157
v -1.268901 0.396420 0.082504 0.4550 0.4550 0.4550
v -1.895593 -0.506042 -0.125718 0.0000 0.0000 0.0000
v -1.750894 -0.421437 -0.125718 0.0000 0.0000 0.0000
v -1.700894 -0.511437 -0.125718 0.0000 0.0000 0.0000
v -1.750894 -0.421437 -0.125718 0.0000 0.0000 0.0000
v -1.895593 -0.506042 -0.125718 0.0000 0.0000 0.0000
v -1.875593 -0.416042 -0.125718 0.0000 0.0000 0.0000
v -1.875593 -0.416042 -0.125718 0.0000 0.0000 0.0000
v -1.895593 -0.506042 -0.125718 0.0000 0.0000 0.0000
v -1.935593 -0.446042 -0.125718 0.0000 0.0000 0.0000
v -2.295593 -0.336042 -0.125718 0.0000 0.0000 0.0000
v -1.875593 -0.416042 -0.125718 0.0000 0.0000 0.0000
v -1.935593 -0.446042 -0.125718 0.0000 0.0000 0.0000
v -1.875593 -0.416042 -0.125718 0.0000 0.0000 0.0000
v -2.295593 -0.336042 -0.125718 0.0000 0.0000 0.0000
v -2.345593 -0.266042 -0.125718 0.0000 0.0000 0.0000
v -2.295593 -0.336042 -0.125718 0.0000 0.0000 0.0000
v -2.410854 -0.366042 -0.125718 0.0000 0.0000 0.0000
v -2.345593 -0.266042 -0.125718 0.0000 0.0000 0.0000
v -2.410854 -0.366042 -0.125718 0.0000 0.0000 0.0000
v -2.295593 -0.336042 -0.125718 0.0000 0.0000 0.0000
v -2.390854 -0.386042 -0.125718 0.0000 0.0000 0.0000
v -2.410854 -0.366042 -0.125718 0.0000 0.0000 0.0000
v -2.485593 0.053958 -0.125718 0.0000 0.0000 0.0000
v -2.345593 -0.266042 -0.125718 0.0000 0.0000 0.0000
v -2.410854 -0.366042 -0.125718 0.0000 0.0000 0.0000
v -2.575593 0.103958 -0.125718 0.0000 0.0000 0.0000
v -2.485593 0.053958 -0.125718 0.0000 0.0000 0.0000
v -2.505593 0.193958 -0.125718 0.0000 0.0000 0.0000
v -2.485593 0.053958 -0.125718 0.0000 0.0000 0.0000
v -2.575593 0.103958 -0.125718 0.0000 0.0000 0.0000
v -2.485593 0.053958 -0.125718 0.0000 0.0000 0.0000
v -2.505593 0.193958 -0.125718 0.0000 0.0000 0.0000
v -2.426867 0.108225 -0.125718 0.0000 0.0000 0.0000
v -2.088140 0.193959 -0.125718 0.1294 0.1294 0.1294
v -2.426867 0.108225 -0.125718 0.0000 0.0000 0.0000
v -2.505593 0.193958 -0.125718 0.0000 0.0000 0.0000
v -2.426867 0.108225 -0.125718 0.0000 0.0000 0.0000
v -2.088140 0.193959 -0.125718 0.1294 0.1294 0.1294
v -2.048140 0.107934 -0.125718 0.0314 0.0314 0.0314
v -1.367616 0.080014 -0.122112 0.2980 0.2980 0.2980
v -1.378022 0.032482 -0.122126 0.2471 0.2471 0.2471
v -1.401802 0.054032 -0.122122 0.2588 0.2588 0.2588
v -1.378022 0.032482 -0.122126 0.2471 0.2471 0.2471
v -1.367616 0.080014 -0.122112 0.2980 0.2980 0.2980
v -1.330764 0.073583 -0.105759 0.3019 0.3019 0.3019
v -1.367616 0.080014 -0.122112 0.2980 0.2980 0.2980
v -1.322427 0.127579 -0.122108 0.3568 0.3568 0.3568
v -1.330764 0.073583 -0.105759 0.3019 0.3019 0.3019
v -1.330764 0.073583 -0.105759 0.3019 0.3019 0.3019
v -1.129912 -0.135603 -0.105759 0.1608 0.1608 0.1608
v -1.378022 0.032482 -0.122126 0.2471 0.2471 0.2471
v -1.330764 0.073583 -0.105759 0.3019 0.3019 0.3019
v -1.322427 0.127579 -0.122108 0.3568 0.3568 0.3568
v -1.305432 0.100125 -0.105759 0.3372 0.3372 0.3372
v -1.162413 -0.181803 -0.122127 0.0941 0.0941 0.0941
v -1.378022 0.032482 -0.122126 0.2471 0.2471 0.2471
v -1.129912 -0.135603 -0.105759 0.1608 0.1608 0.1608
v -1.322427 0.127579 -0.122108 0.3568 0.3568 0.3568
v -1.028848 0.100125 -0.105759 0.4235 0.4235 0.4235
v -1.305432 0.100125 -0.105759 0.3372 0.3372 0.3372
v -1.129912 -0.135603 -0.105759 0.1608 0.1608 0.1608
v -0.680836 -0.180711 -0.122113 0.2823 0.2823 0.2823
v -1.162413 -0.181803 -0.122127 0.0941 0.0941 0.0941
v -1.028848 0.100125 -0.105759 0.4235 0.4235 0.4235
v -1.322427 0.127579 -0.122108 0.3568 0.3568 0.3568
v -1.000689 0.127637 -0.122104 0.4550 0.4550 0.4550
v -0.680836 -0.180711 -0.122113 0.2823 0.2823 0.2823
v -1.129912 -0.135603 -0.105759 0.1608 0.1608 0.1608
v -0.583329 -0.135603 -0.105759 0.3568 0.3568 0.3568
v -1.000689 0.127637 -0.122104 0.4550 0.4550 0.4550
v -0.935685 0.063315 -0.122117 0.4196 0.4196 0.4196
v -1.028848 0.100125 -0.105759 0.4235 0.4235 0.4235
v -0.953737 0.032136 -0.105759 0.3882 0.3882 0.3882
v -1.028848 0.100125 -0.105759 0.4235 0.4235 0.4235
v -0.935685 0.063315 -0.122117 0.4196 0.4196 0.4196
v -0.935685 0.063315 -0.122117 0.4196 0.4196 0.4196
v -0.702902 0.032136 -0.105759 0.4628 0.4628 0.4628
v -0.953737 0.032136 -0.105759 0.3882 0.3882 0.3882
v -0.702902 0.032136 -0.105759 0.4628 0.4628 0.4628
v -0.935685 0.063315 -0.122117 0.4196 0.4196 0.4196
v -0.702501 0.064422 -0.122112 0.4902 0.4902 0.4902
v -0.702501 0.064422 -0.122112 0.4902 0.4902 0.4902
v -0.573298 -0.036617 -0.122113 0.4471 0.4471 0.4471
v -0.702902 0.032136 -0.105759 0.4628 0.4628 0.4628
v -0.572902 -0.067864 -0.105759 0.4196 0.4196 0.4196
v -0.702902 0.032136 -0.105759 0.4628 0.4628 0.4628
v -0.573298 -0.036617 -0.122113 0.4471 0.4471 0.4471
v -0.573298 -0.036617 -0.122113 0.4471 0.4471 0.4471
v 0.877764 -0.067864 -0.105760 0.7686 0.7686 0.7686
v -0.572902 -0.067864 -0.105759 0.4196 0.4196 0.4196
v 0.877764 -0.067864 -0.105760 0.7686 0.7686 0.7686
v -0.573298 -0.036617 -0.122113 0.4471 0.4471 0.4471
v 0.889248 -0.036099 -0.119901 0.7882 0.7882 0.7882
v -0.583329 -0.135603 -0.105759 0.3568 0.3568 0.3568
v -0.625792 -0.240962 -0.122138 0.2432 0.2432 0.2432
v -0.680836 -0.180711 -0.122113 0.2823 0.2823 0.2823
v -0.625792 -0.240962 -0.122138 0.2432 0.2432 0.2432
v -0.583329 -0.135603 -0.105759 0.3568 0.3568 0.3568
v -0.538329 -0.185603 -0.105759 0.3255 0.3255 0.3255
v -0.026558 -0.135602 -0.105759 0.5216 0.5216 0.5216
v -0.538329 -0.185603 -0.105759 0.3255 0.3255 0.3255
v -0.583329 -0.135603 -0.105759 0.3568 0.3568 0.3568
v -0.625792 -0.240962 -0.122138 0.2432 0.2432 0.2432
v -0.538329 -0.185603 -0.105759 0.3255 0.3255 0.3255
v -0.493329 -0.240424 -0.122132 0.2902 0.2902 0.2902
v 0.018442 -0.185603 -0.105759 0.4941 0.4941 0.4941
v -0.538329 -0.185603 -0.105759 0.3255 0.3255 0.3255
v -0.026558 -0.135602 -0.105759 0.5216 0.5216 0.5216
v 0.018442 -0.185603 -0.105759 0.4941 0.4941 0.4941
v -0.493329 -0.240424 -0.122132 0.2902 0.2902 0.2902
v -0.538329 -0.185603 -0.105759 0.3255 0.3255 0.3255
v 0.063470 -0.240470 -0.122134 0.4667 0.4667 0.4667
v -0.493329 -0.240424 -0.122132 0.2902 0.2902 0.2902
v 0.018442 -0.185603 -0.105759 0.4941 0.4941 0.4941
v 0.508442 -0.185603 -0.105759 0.6236 0.6236 0.6236
v 0.063470 -0.240470 -0.122134 0.4667 0.4667 0.4667
v 0.018442 -0.185603 -0.105759 0.4941 0.4941 0.4941
v 0.571771 -0.240539 -0.115458 0.6000 0.6000 0.6000
v 0.063470 -0.240470 -0.122134 0.4667 0.4667 0.4667
v 0.508442 -0.185603 -0.105759 0.6236 0.6236 0.6236
v -1.487400 -0.554837 -0.125718 0.0000 0.0000 0.0000
v -1.511497 -0.720439 -0.125718 0.0000 0.0000 0.0000
v -1.577400 -0.644837 -0.125718 0.0000 0.0000 0.0000
v -1.511497 -0.720439 -0.125718 0.0000 0.0000 0.0000
v -1.487400 -0.554837 -0.125718 0.0000 0.0000 0.0000
v -1.336497 -0.630439 -0.125718 0.0000 0.0000 0.0000
v -1.165593 -0.816042 -0.125718 0.0000 0.0000 0.0000
v -1.336497 -0.630439 -0.125718 0.0000 0.0000 0.0000
v -1.185593 -0.716042 -0.125718 0.0000 0.0000 0.0000
v -1.336497 -0.630439 -0.125718 0.0000 0.0000 0.0000
v -1.165593 -0.816042 -0.125718 0.0000 0.0000 0.0000
v -1.511497 -0.720439 -0.125718 0.0000 0.0000 0.0000
v -2.485593 0.053958 0.125718 0.0000 0.0000 0.0000
v -2.505593 0.193958 0.125718 0.0000 0.0000 0.0000
v -2.575593 0.103958 0.125718 0.0000 0.0000 0.0000
v -2.575593 0.103958 0.125718 0.0000 0.0000 0.0000
v -2.410854 -0.366042 0.125718 0.0000 0.0000 0.0000
v -2.485593 0.053958 0.125718 0.0000 0.0000 0.0000
v -2.505593 0.193958 0.125718 0.0000 0.0000 0.0000
v -2.485593 0.053958 0.125718 0.0000 0.0000 0.0000
v -2.426867 0.108225 0.125718 0.0000 0.0000 0.0000
v -2.088139 0.193959 0.125718 0.1294 0.1294 0.1294
v -2.505593 0.193958 0.125718 0.0000 0.0000 0.0000
v -2.426867 0.108225 0.125718 0.0000 0.0000 0.0000
v -2.088139 0.193959 0.125718 0.1294 0.1294 0.1294
v -2.426867 0.108225 0.125718 0.0000 0.0000 0.0000
v -2.048139 0.107934 0.125718 0.0314 0.0314 0.0314
v -2.485593 0.053958 0.125718 0.0000 0.0000 0.0000
v -2.410854 -0.366042 0.125718 0.0000 0.0000 0.0000
v -2.345593 -0.266042 0.125718 0.0000 0.0000 0.0000
v -2.410854 -0.366042 0.125718 0.0000 0.0000 0.0000
v -2.295593 -0.336042 0.125718 0.0000 0.0000 0.0000
v -2.345593 -0.266042 0.125718 0.0000 0.0000 0.0000
v -2.295593 -0.336042 0.125718 0.0000 0.0000 0.0000
v -2.410854 -0.366042 0.125718 0.0000 0.0000 0.0000
v -2.390854 -0.386042 0.125718 0.0000 0.0000 0.0000
v -2.295593 -0.336042 0.125718 0.0000 0.0000 0.0000
v -1.875593 -0.416042 0.125718 0.0000 0.0000 0.0000
v -2.345593 -0.266042 0.125718 0.0000 0.0000 0.0000
v -1.875593 -0.416042 0.125718 0.0000 0.0000 0.0000
v -2.295593 -0.336042 0.125718 0.0000 0.0000 0.0000
v -1.935593 -0.446042 0.125718 0.0000 0.0000 0.0000
v -1.895593 -0.506042 0.125718 0.0000 0.0000 0.0000
v -1.875593 -0.416042 0.125718 0.0000 0.0000 0.0000
v -1.935593 -0.446042 0.125718 0.0000 0.0000 0.0000
v -1.875593 -0.416042 0.125718 0.0000 0.0000 0.0000
v -1.895593 -0.506042 0.125718 0.0000 0.0000 0.0000
v -1.750894 -0.421437 0.125718 0.0000 0.0000 0.0000
v -1.750894 -0.421437 0.125718 0.0000 0.0000 0.0000
v -1.895593 -0.506042 0.125718 0.0000 0.0000 0.0000
v -1.700894 -0.511437 0.125718 0.0000 0.0000 0.0000
v -1.487400 -0.554837 0.125718 0.0000 0.0000 0.0000
v -1.577400 -0.644837 0.125718 0.0000 0.0000 0.0000
v -1.511497 -0.720439 0.125718 0.0000 0.0000 0.0000
v -1.511497 -0.720439 0.125718 0.0000 0.0000 0.0000
v -1.336497 -0.630439 0.125718 0.0000 0.0000 0.0000
v -1.487400 -0.554837 0.125718 0.0000 0.0000 0.0000
v -1.336497 -0.630439 0.125718 0.0000 0.0000 0.0000
v -1.165593 -0.816042 0.125718 0.0000 0.0000 0.0000
v -1.185593 -0.716042 0.125718 0.0000 0.0000 0.0000
v -1.511497 -0.720439 0.125718 0.0000 0.0000 0.0000
v -1.165593 -0.816042 0.125718 0.0000 0.0000 0.0000
v -1.336497 -0.630439 0.125718 0.0000 0.0000 0.0000
v -1.511840 0.085126 -0.105759 0.2510 0.2510 0.2510
v -1.618886 0.151316 0.000000 0.2784 0.2784 0.2784
v -1.511840 0.085126 0.000000 0.2510 0.2510 0.2510
v -1.618886 0.151316 0.000000 0.2784 0.2784 0.2784
v -1.511840 0.085126 -0.105759 0.2510 0.2510 0.2510
v -1.618886 0.151316 -0.105759 0.2784 0.2784 0.2784
v -1.511840 0.085126 0.000000 0.2510 0.2510 0.2510
v -1.404439 0.085126 -0.105759 0.2902 0.2902 0.2902
v -1.511840 0.085126 -0.105759 0.2510 0.2510 0.2510
v -1.618886 0.151316 -0.105759 0.2784 0.2784 0.2784
v -2.483914 0.151316 -0.105759 0.0000 0.0000 0.0000
v -1.618886 0.151316 0.000000 0.2784 0.2784 0.2784
v -1.511840 0.085126 0.000000 0.2510 0.2510 0.2510
v -1.618886 0.151316 0.000000 0.2784 0.2784 0.2784
v -1.511840 0.085126 0.105759 0.2510 0.2510 0.2510
v -1.511840 0.085126 0.105759 0.2510 0.2510 0.2510
v -1.618886 0.151316 0.000000 0.2784 0.2784 0.2784
v -1.618886 0.151316 0.105759 0.2784 0.2784 0.2784
v -1.404439 0.085126 0.105759 0.2902 0.2902 0.2902
v -1.511840 0.085126 0.000000 0.2510 0.2510 0.2510
v -1.511840 0.085126 0.105759 0.2510 0.2510 0.2510
v -1.618886 0.151316 0.000000 0.2784 0.2784 0.2784
v -2.483914 0.151316 0.000000 0.0000 0.0000 0.0000
v -1.618886 0.151316 0.105759 0.2784 0.2784 0.2784
v -1.618886 0.151316 0.000000 0.2784 0.2784 0.2784
v -2.483914 0.151316 -0.105759 0.0000 0.0000 0.0000
v -2.483914 0.151316 0.000000 0.0000 0.0000 0.0000
v -1.618886 0.151316 0.105759 0.2784 0.2784 0.2784
v -2.483914 0.151316 0.000000 0.0000 0.0000 0.0000
v -2.483914 0.151316 0.105759 0.0000 0.0000 0.0000
v -2.483914 0.151316 0.000000 0.0000 0.0000 0.0000
v -2.523914 0.111316 0.105759 0.0000 0.0000 0.0000
v -2.483914 0.151316 0.105759 0.0000 0.0000 0.0000
v -2.523914 0.111316 0.105759 0.0000 0.0000 0.0000
v -2.483914 0.151316 0.000000 0.0000 0.0000 0.0000
v -2.523914 0.111316 0.000000 0.0000 0.0000 0.0000
v -2.483914 0.151316 -0.105759 0.0000 0.0000 0.0000
v -2.523914 0.111316 0.000000 0.0000 0.0000 0.0000
v -2.483914 0.151316 0.000000 0.0000 0.0000 0.0000
v -2.523914 0.111316 0.000000 0.0000 0.0000 0.0000
v -2.483914 0.151316 -0.105759 0.0000 0.0000 0.0000
v -2.523914 0.111316 -0.105759 0.0000 0.0000 0.0000
v -1.511840 0.085126 0.000000 0.2510 0.2510 0.2510
v -1.404439 0.085126 0.105759 0.2902 0.2902 0.2902
v -1.404439 0.085126 0.000000 0.2902 0.2902 0.2902
v -1.404439 0.085126 -0.105759 0.2902 0.2902 0.2902
v -1.511840 0.085126 0.000000 0.2510 0.2510 0.2510
v -1.404439 0.085126 0.000000 0.2902 0.2902 0.2902
v -1.339107 0.153655 0.105759 0.3725 0.3725 0.3725
v -1.404439 0.085126 0.000000 0.2902 0.2902 0.2902
v -1.404439 0.085126 0.105759 0.2902 0.2902 0.2902
v -1.339107 0.153655 0.000000 0.3725 0.3725 0.3725
v -1.404439 0.085126 -0.105759 0.2902 0.2902 0.2902
v -1.404439 0.085126 0.000000 0.2902 0.2902 0.2902
v -1.404439 0.085126 0.000000 0.2902 0.2902 0.2902
v -1.339107 0.153655 0.105759 0.3725 0.3725 0.3725
v -1.339107 0.153655 0.000000 0.3725 0.3725 0.3725
v -1.404439 0.085126 -0.105759 0.2902 0.2902 0.2902
v -1.339107 0.153655 0.000000 0.3725 0.3725 0.3725
v -1.339107 0.153655 -0.105759 0.3725 0.3725 0.3725
v -0.972523 0.153655 0.105759 0.4823 0.4823 0.4823
v -1.339107 0.153655 0.000000 0.3725 0.3725 0.3725
v -1.339107 0.153655 0.105759 0.3725 0.3725 0.3725
v -0.972523 0.153655 0.000000 0.4823 0.4823 0.4823
v -1.339107 0.153655 -0.105759 0.3725 0.3725 0.3725
v -1.339107 0.153655 0.000000 0.3725 0.3725 0.3725
v -0.972523 0.153655 0.000000 0.4823 0.4823 0.4823
v -1.339107 0.153655 0.000000 0.3725 0.3725 0.3725
v -0.972523 0.153655 0.105759 0.4823 0.4823 0.4823
v -0.972523 0.153655 -0.105759 0.4823 0.4823 0.4823
v -1.339107 0.153655 -0.105759 0.3725 0.3725 0.3725
v -0.972523 0.153655 0.000000 0.4823 0.4823 0.4823
v -0.972523 0.153655 0.000000 0.4823 0.4823 0.4823
v -0.972523 0.153655 0.105759 0.4823 0.4823 0.4823
v -0.917412 0.095666 0.105759 0.4510 0.4510 0.4510
v -0.972523 0.153655 -0.105759 0.4823 0.4823 0.4823
v -0.972523 0.153655 0.000000 0.4823 0.4823 0.4823
v -0.917412 0.095666 0.000000 0.4510 0.4510 0.4510
v -0.917412 0.095666 0.105759 0.4510 0.4510 0.4510
v -0.917412 0.095666 0.000000 0.4510 0.4510 0.4510
v -0.972523 0.153655 0.000000 0.4823 0.4823 0.4823
v -0.917412 0.095666 0.000000 0.4510 0.4510 0.4510
v -0.917412 0.095666 -0.105759 0.4510 0.4510 0.4510
v -0.972523 0.153655 -0.105759 0.4823 0.4823 0.4823
v -0.702902 0.095666 0.105759 0.5137 0.5137 0.5137
v -0.917412 0.095666 0.000000 0.4510 0.4510 0.4510
v -0.917412 0.095666 0.105759 0.4510 0.4510 0.4510
v -0.702902 0.095666 0.000000 0.5137 0.5137 0.5137
v -0.917412 0.095666 -0.105759 0.4510 0.4510 0.4510
v -0.917412 0.095666 0.000000 0.4510 0.4510 0.4510
v -0.702902 0.095666 0.000000 0.5137 0.5137 0.5137
v -0.917412 0.095666 0.000000 0.4510 0.4510 0.4510
v -0.702902 0.095666 0.105759 0.5137 0.5137 0.5137
v -0.702902 0.095666 -0.105759 0.5137 0.5137 0.5137
v -0.917412 0.095666 -0.105759 0.4510 0.4510 0.4510
v -0.702902 0.095666 0.000000 0.5137 0.5137 0.5137
v -0.572902 -0.004334 0.105759 0.4706 0.4706 0.4706
v -0.702902 0.095666 0.000000 0.5137 0.5137 0.5137
v -0.702902 0.095666 0.105759 0.5137 0.5137 0.5137
v -0.572902 -0.004334 0.000000 0.4706 0.4706 0.4706
v -0.702902 0.095666 -0.105759 0.5137 0.5137 0.5137
v -0.702902 0.095666 0.000000 0.5137 0.5137 0.5137
v -0.572902 -0.004334 0.105759 0.4706 0.4706 0.4706
v -0.572902 -0.004334 0.000000 0.4706 0.4706 0.4706
v -0.702902 0.095666 0.000000 0.5137 0.5137 0.5137
v -0.572902 -0.004334 0.000000 0.4706 0.4706 0.4706
v -0.572902 -0.004334 -0.105759 0.4706 0.4706 0.4706
v -0.702902 0.095666 -0.105759 0.5137 0.5137 0.5137
v -0.515431 -0.004334 0.041619 0.4863 0.4863 0.4863
v -0.572902 -0.004334 0.000000 0.4706 0.4706 0.4706
v -0.572902 -0.004334 0.105759 0.4706 0.4706 0.4706
v -0.572902 -0.004334 0.105759 0.4706 0.4706 0.4706
v 0.877765 -0.004334 0.105759 0.8000 0.8000 0.8000
v -0.515431 -0.004334 0.041619 0.4863 0.4863 0.4863
v 0.928152 -0.004334 0.041619 0.8117 0.8117 0.8117
v -0.515431 -0.004334 0.041619 0.4863 0.4863 0.4863
v 0.877765 -0.004334 0.105759 0.8000 0.8000 0.8000
v -0.572902 -0.004334 0.000000 0.4706 0.4706 0.4706
v -0.515431 -0.004334 0.041619 0.4863 0.4863 0.4863
v -0.515431 -0.004334 0.000000 0.4863 0.4863 0.4863
v -0.515431 -0.004334 0.000000 0.4863 0.4863 0.4863
v -0.572902 -0.004334 0.000000 0.4706 0.4706 0.4706
v -0.515431 -0.004334 0.000000 0.4863 0.4863 0.4863
v -0.572902 -0.004334 0.000000 0.4706 0.4706 0.4706
v -0.515431 -0.004334 -0.041619 0.4863 0.4863 0.4863
v -0.572902 -0.004334 -0.105759 0.4706 0.4706 0.4706
v -0.515431 -0.004334 -0.041619 0.4863 0.4863 0.4863
v -0.572902 -0.004334 0.000000 0.4706 0.4706 0.4706
v -0.515431 -0.004334 0.000000 0.4863 0.4863 0.4863
v 0.877765 -0.004334 -0.105760 0.8000 0.8000 0.8000
v -0.572902 -0.004334 -0.105759 0.4706 0.4706 0.4706
v -0.515431 -0.004334 -0.041619 0.4863 0.4863 0.4863
v -0.515431 -0.004334 -0.041619 0.4863 0.4863 0.4863
v 0.928152 -0.004334 -0.041620 0.8117 0.8117 0.8117
v 0.877765 -0.004334 -0.105760 0.8000 0.8000 0.8000
v -1.016774 0.338081 -0.058340 0.2510 0.2510 0.2510
v -1.016774 0.338081 0.058339 0.2510 0.2510 0.2510
v -1.016774 0.313916 0.000000 0.1530 0.1530 0.1530
v -1.016774 0.338081 -0.058340 0.2510 0.2510 0.2510
v -1.016774 0.478925 0.000000 0.6745 0.6745 0.6745
v -1.016774 0.338081 0.058339 0.2510 0.2510 0.2510
v -1.016774 0.338081 0.058339 0.2510 0.2510 0.2510
v -1.016774 0.478925 0.000000 0.6745 0.6745 0.6745
v -1.016774 0.396420 0.082504 0.4510 0.4510 0.4510
v -1.016774 0.396420 0.082504 0.4510 0.4510 0.4510
v -1.016774 0.478925 0.000000 0.6745 0.6745 0.6745
v -1.016774 0.454760 0.058339 0.6157 0.6157 0.6157
v -1.016774 0.396420 -0.082505 0.4510 0.4510 0.4510
v -1.016774 0.478925 0.000000 0.6745 0.6745 0.6745
v -1.016774 0.338081 -0.058340 0.2510 0.2510 0.2510
v -1.016774 0.478925 0.000000 0.6745 0.6745 0.6745
v -1.016774 0.396420 -0.082505 0.4510 0.4510 0.4510
v -1.016774 0.454760 -0.058340 0.6157 0.6157 0.6157
v -1.914586 -0.330320 -0.106986 0.0000 0.0000 0.0000
v -1.883607 -0.454237 -0.106986 0.0000 0.0000 0.0000
v -1.970995 -0.337718 -0.106986 0.0000 0.0000 0.0000
v -1.883607 -0.454237 -0.106986 0.0000 0.0000 0.0000
v -1.914586 -0.330320 -0.106986 0.0000 0.0000 0.0000
v -1.862954 -0.423257 -0.106986 0.0000 0.0000 0.0000
v -1.970995 -0.337718 -0.106986 0.0000 0.0000 0.0000
v -1.883607 -0.454237 -0.106986 0.0000 0.0000 0.0000
v -2.337966 -0.278689 -0.106986 0.0000 0.0000 0.0000
v -1.970995 -0.337718 -0.106986 0.0000 0.0000 0.0000
v -1.928541 -0.277762 -0.106986 0.0000 0.0000 0.0000
v -1.914586 -0.330320 -0.106986 0.0000 0.0000 0.0000
v -2.337966 -0.278689 -0.106986 0.0000 0.0000 0.0000
v -2.250911 -0.232959 -0.106986 0.0000 0.0000 0.0000
v -1.970995 -0.337718 -0.106986 0.0000 0.0000 0.0000
v -1.683509 -0.077675 -0.106986 0.0039 0.0039 0.0039
v -1.914586 -0.330320 -0.106986 0.0000 0.0000 0.0000
v -1.928541 -0.277762 -0.106986 0.0000 0.0000 0.0000
v -2.250911 -0.232959 -0.106986 0.0000 0.0000 0.0000
v -2.337966 -0.278689 -0.106986 0.0000 0.0000 0.0000
v -2.307313 -0.247710 -0.106986 0.0000 0.0000 0.0000
v -1.914586 -0.330320 -0.106986 0.0000 0.0000 0.0000
v -1.683509 -0.077675 -0.106986 0.0039 0.0039 0.0039
v -1.604143 -0.072162 -0.106986 0.0314 0.0314 0.0314
v -2.318139 -0.066042 -0.106986 0.0000 0.0000 0.0000
v -2.250911 -0.232959 -0.106986 0.0000 0.0000 0.0000
v -2.307313 -0.247710 -0.106986 0.0000 0.0000 0.0000
v -1.683509 -0.077675 -0.106986 0.0039 0.0039 0.0039
v -1.697406 0.041428 -0.106986 0.1333 0.1333 0.1333
v -1.604143 -0.072162 -0.106986 0.0314 0.0314 0.0314
v -2.307313 -0.247710 -0.106986 0.0000 0.0000 0.0000
v -2.368945 -0.030856 -0.106986 0.0000 0.0000 0.0000
v -2.318139 -0.066042 -0.106986 0.0000 0.0000 0.0000
v -1.697406 0.041428 -0.106986 0.1333 0.1333 0.1333
v -1.683509 -0.077675 -0.106986 0.0039 0.0039 0.0039
v -1.728140 -0.016042 -0.106986 0.0471 0.0471 0.0471
v -2.368945 -0.030856 -0.106986 0.0000 0.0000 0.0000
v -2.268139 -0.016042 -0.106986 0.0000 0.0000 0.0000
v -2.318139 -0.066042 -0.106986 0.0000 0.0000 0.0000
v -2.268139 -0.016042 -0.106986 0.0000 0.0000 0.0000
v -2.368945 -0.030856 -0.106986 0.0000 0.0000 0.0000
v -2.286335 0.041428 -0.106986 0.0000 0.0000 0.0000
v -2.286335 0.041428 -0.106986 0.0000 0.0000 0.0000
v -2.163139 -0.016042 -0.106986 0.0000 0.0000 0.0000
v -2.268139 -0.016042 -0.106986 0.0000 0.0000 0.0000
v -2.058139 -0.016042 -0.106986 0.0000 0.0000 0.0000
v -1.697406 0.041428 -0.106986 0.1333 0.1333 0.1333
v -1.728140 -0.016042 -0.106986 0.0471 0.0471 0.0471
v -1.697406 0.041428 -0.106986 0.1333 0.1333 0.1333
v -2.058139 -0.016042 -0.106986 0.0000 0.0000 0.0000
v -2.286335 0.041428 -0.106986 0.0000 0.0000 0.0000
v -2.286335 0.041428 -0.106986 0.0000 0.0000 0.0000
v -2.058139 -0.016042 -0.106986 0.0000 0.0000 0.0000
v -2.163139 -0.016042 -0.106986 0.0000 0.0000 0.0000
v -2.058139 -0.016042 -0.106986 0.0000 0.0000 0.0000
v -1.970995 -0.337718 -0.106986 0.0000 0.0000 0.0000
v -2.163139 -0.016042 -0.106986 0.0000 0.0000 0.0000
v -1.970995 -0.337718 -0.106986 0.0000 0.0000 0.0000
v -2.058139 -0.016042 -0.106986 0.0000 0.0000 0.0000
v -1.928541 -0.277762 -0.106986 0.0000 0.0000 0.0000
v -1.914586 -0.330320 0.106986 0.0000 0.0000 0.0000
v -1.883607 -0.454237 0.106986 0.0000 0.0000 0.0000
v -1.862954 -0.423257 0.106986 0.0000 0.0000 0.0000
v -1.883607 -0.454237 0.106986 0.0000 0.0000 0.0000
v -1.914586 -0.330320 0.106986 0.0000 0.0000 0.0000
v -1.970995 -0.337718 0.106986 0.0000 0.0000 0.0000
v -1.914586 -0.330320 0.106986 0.0000 0.0000 0.0000
v -1.683509 -0.077675 0.106986 0.0039 0.0039 0.0039
v -1.932207 -0.277794 0.106986 0.0000 0.0000 0.0000
v -1.683509 -0.077675 0.106986 0.0039 0.0039 0.0039
v -1.914586 -0.330320 0.106986 0.0000 0.0000 0.0000
v -1.604143 -0.072162 0.106986 0.0314 0.0314 0.0314
v -1.697406 0.041428 0.106986 0.1333 0.1333 0.1333
v -1.683509 -0.077675 0.106986 0.0039 0.0039 0.0039
v -1.604143 -0.072162 0.106986 0.0314 0.0314 0.0314
v -1.683509 -0.077675 0.106986 0.0039 0.0039 0.0039
v -1.697406 0.041428 0.106986 0.1333 0.1333 0.1333
v -1.728139 -0.016042 0.106986 0.0000 0.0000 0.0000
v -2.286334 0.041428 0.106986 0.0000 0.0000 0.0000
v -2.058139 -0.016042 0.106986 0.0000 0.0000 0.0000
v -1.697406 0.041428 0.106986 0.1333 0.1333 0.1333
v -2.058139 -0.016042 0.106986 0.0000 0.0000 0.0000
v -1.970995 -0.337718 0.106986 0.0000 0.0000 0.0000
v -1.932207 -0.277794 0.106986 0.0000 0.0000 0.0000
v -2.163139 -0.016042 0.106986 0.0000 0.0000 0.0000
v -1.970995 -0.337718 0.106986 0.0000 0.0000 0.0000
v -2.058139 -0.016042 0.106986 0.0000 0.0000 0.0000
v -2.058139 -0.016042 0.106986 0.0000 0.0000 0.0000
v -2.286334 0.041428 0.106986 0.0000 0.0000 0.0000
v -2.163139 -0.016042 0.106986 0.0000 0.0000 0.0000
v -2.163139 -0.016042 0.106986 0.0000 0.0000 0.0000
v -2.286334 0.041428 0.106986 0.0000 0.0000 0.0000
v -2.268139 -0.016042 0.106986 0.0000 0.0000 0.0000
v -2.368945 -0.030856 0.106986 0.0000 0.0000 0.0000
v -2.268139 -0.016042 0.106986 0.0000 0.0000 0.0000
v -2.286334 0.041428 0.106986 0.0000 0.0000 0.0000
v -2.268139 -0.016042 0.106986 0.0000 0.0000 0.0000
v -2.368945 -0.030856 0.106986 0.0000 0.0000 0.0000
v -2.318139 -0.066042 0.106986 0.0000 0.0000 0.0000
v -2.318139 -0.066042 0.106986 0.0000 0.0000 0.0000
v -2.307313 -0.247710 0.106986 0.0000 0.0000 0.0000
v -2.250910 -0.232959 0.106986 0.0000 0.0000 0.0000
v -2.337966 -0.278689 0.106986 0.0000 0.0000 0.0000
v -2.250910 -0.232959 0.106986 0.0000 0.0000 0.0000
v -2.307313 -0.247710 0.106986 0.0000 0.0000 0.0000
v -1.932207 -0.277794 0.106986 0.0000 0.0000 0.0000
v -1.970995 -0.337718 0.106986 0.0000 0.0000 0.0000
v -1.914586 -0.330320 0.106986 0.0000 0.0000 0.0000
v -2.250910 -0.232959 0.106986 0.0000 0.0000 0.0000
v -2.337966 -0.278689 0.106986 0.0000 0.0000 0.0000
v -1.970995 -0.337718 0.106986 0.0000 0.0000 0.0000
v -1.970995 -0.337718 0.106986 0.0000 0.0000 0.0000
v -2.337966 -0.278689 0.106986 0.0000 0.0000 0.0000
v -1.883607 -0.454237 0.106986 0.0000 0.0000 0.0000
v -2.307313 -0.247710 0.106986 0.0000 0.0000 0.0000
v -2.318139 -0.066042 0.106986 0.0000 0.0000 0.0000
v -2.368945 -0.030856 0.106986 0.0000 0.0000 0.0000
v -2.058139 -0.016042 0.106986 0.0000 0.0000 0.0000
v -1.728139 -0.016042 0.106986 0.0000 0.0000 0.0000
v -1.697406 0.041428 0.106986 0.1333 0.1333 0.1333
v -1.673208 0.088856 0.096985 0.6941 0.6941 0.6941
v -1.525131 -0.091144 0.096985 0.4941 0.4941 0.4941
v -1.545131 0.028856 0.096985 0.6157 0.6157 0.6157
v -1.525131 -0.091144 0.096985 0.4941 0.4941 0.4941
v -1.445131 0.028856 0.096985 0.5882 0.5882 0.5882
v -1.545131 0.028856 0.096985 0.6157 0.6157 0.6157
v -1.445131 0.028856 0.096985 0.5882 0.5882 0.5882
v -1.525131 -0.091144 0.096985 0.4941 0.4941 0.4941
v -1.425131 -0.091144 0.096985 0.4667 0.4667 0.4667
v -1.195131 -0.221144 0.096985 0.2353 0.2353 0.2353
v -1.445131 0.028856 0.096985 0.5882 0.5882 0.5882
v -1.425131 -0.091144 0.096985 0.4667 0.4667 0.4667
v -1.425131 -0.091144 0.096985 0.4667 0.4667 0.4667
v -1.255131 -0.261144 0.096985 0.2039 0.2039 0.2039
v -1.195131 -0.221144 0.096985 0.2353 0.2353 0.2353
v -0.688548 -0.261144 0.096984 0.0000 0.0000 0.0000
v -1.195131 -0.221144 0.096985 0.2353 0.2353 0.2353
v -1.255131 -0.261144 0.096985 0.2039 0.2039 0.2039
v -1.195131 -0.221144 0.096985 0.2353 0.2353 0.2353
v -0.688548 -0.261144 0.096984 0.0000 0.0000 0.0000
v -0.668548 -0.221144 0.096984 0.0157 0.0157 0.0157
v -1.454439 0.023628 -0.105759 0.2078 0.2078 0.2078
v -1.454439 0.023628 0.000000 0.2078 0.2078 0.2078
v -1.561840 0.023628 -0.105759 0.1686 0.1686 0.1686
v -1.454439 0.023628 -0.105759 0.2078 0.2078 0.2078
v -1.435041 0.007857 0.000000 0.2000 0.2000 0.2000
v -1.454439 0.023628 0.000000 0.2078 0.2078 0.2078
v -1.435041 0.007857 0.000000 0.2000 0.2000 0.2000
v -1.454439 0.023628 -0.105759 0.2078 0.2078 0.2078
v -1.435041 0.007857 -0.105759 0.2000 0.2000 0.2000
v -1.435041 0.007857 -0.105759 0.2000 0.2000 0.2000
v -1.415644 -0.007914 0.000000 0.1882 0.1882 0.1882
v -1.435041 0.007857 0.000000 0.2000 0.2000 0.2000
v -1.415644 -0.007914 0.000000 0.1882 0.1882 0.1882
v -1.435041 0.007857 -0.105759 0.2000 0.2000 0.2000
v -1.415644 -0.007914 -0.105759 0.1882 0.1882 0.1882
v -1.415644 -0.007914 0.105759 0.1882 0.1882 0.1882
v -1.435041 0.007857 0.000000 0.2000 0.2000 0.2000
v -1.415644 -0.007914 0.000000 0.1882 0.1882 0.1882
v -1.435041 0.007857 0.000000 0.2000 0.2000 0.2000
v -1.415644 -0.007914 0.105759 0.1882 0.1882 0.1882
v -1.435041 0.007857 0.105759 0.2000 0.2000 0.2000
v -1.435041 0.007857 0.105759 0.2000 0.2000 0.2000
v -1.454439 0.023628 0.000000 0.2078 0.2078 0.2078
v -1.435041 0.007857 0.000000 0.2000 0.2000 0.2000
v -1.415644 -0.007914 0.000000 0.1882 0.1882 0.1882
v -1.194792 -0.227100 0.105759 0.0235 0.0235 0.0235
v -1.415644 -0.007914 0.105759 0.1882 0.1882 0.1882
v -1.454439 0.023628 0.000000 0.2078 0.2078 0.2078
v -1.435041 0.007857 0.105759 0.2000 0.2000 0.2000
v -1.454439 0.023628 0.105759 0.2078 0.2078 0.2078
v -1.561840 0.023628 0.105759 0.1686 0.1686 0.1686
v -1.454439 0.023628 0.000000 0.2078 0.2078 0.2078
v -1.454439 0.023628 0.105759 0.2078 0.2078 0.2078
v -1.415644 -0.007914 -0.105759 0.1882 0.1882 0.1882
v -1.194792 -0.227100 0.000000 0.0235 0.0235 0.0235
v -1.415644 -0.007914 0.000000 0.1882 0.1882 0.1882
v -1.194792 -0.227100 0.105759 0.0235 0.0235 0.0235
v -1.415644 -0.007914 0.000000 0.1882 0.1882 0.1882
v -1.194792 -0.227100 0.000000 0.0235 0.0235 0.0235
v -1.194792 -0.227100 0.000000 0.0235 0.0235 0.0235
v -1.415644 -0.007914 -0.105759 0.1882 0.1882 0.1882
v -1.194792 -0.227100 -0.105759 0.0235 0.0235 0.0235
v -0.778209 -0.227100 0.000000 0.2000 0.2000 0.2000
v -1.194792 -0.227100 0.105759 0.0235 0.0235 0.0235
v -1.194792 -0.227100 0.000000 0.0235 0.0235 0.0235
v -1.194792 -0.227100 -0.105759 0.0235 0.0235 0.0235
v -0.778209 -0.227100 0.000000 0.2000 0.2000 0.2000
v -1.194792 -0.227100 0.000000 0.0235 0.0235 0.0235
v -0.778209 -0.227100 0.105759 0.2000 0.2000 0.2000
v -1.194792 -0.227100 0.105759 0.0235 0.0235 0.0235
v -0.778209 -0.227100 0.000000 0.2000 0.2000 0.2000
v -0.778209 -0.227100 0.000000 0.2000 0.2000 0.2000
v -1.194792 -0.227100 -0.105759 0.0235 0.0235 0.0235
v -0.778209 -0.227100 -0.105759 0.2000 0.2000 0.2000
v -0.723209 -0.282100 0.000000 0.1608 0.1608 0.1608
v -0.778209 -0.227100 0.105759 0.2000 0.2000 0.2000
v -0.778209 -0.227100 0.000000 0.2000 0.2000 0.2000
v -0.778209 -0.227100 -0.105759 0.2000 0.2000 0.2000
v -0.723209 -0.282100 0.000000 0.1608 0.1608 0.1608
v -0.778209 -0.227100 0.000000 0.2000 0.2000 0.2000
v -0.723209 -0.282100 0.000000 0.1608 0.1608 0.1608
v -0.778209 -0.227100 -0.105759 0.2000 0.2000 0.2000
v -0.723209 -0.282100 -0.105759 0.1608 0.1608 0.1608
v -0.668209 -0.337101 -0.105759 0.1216 0.1216 0.1216
v -0.723209 -0.282100 0.000000 0.1608 0.1608 0.1608
v -0.723209 -0.282100 -0.105759 0.1608 0.1608 0.1608
v -0.723209 -0.282100 0.000000 0.1608 0.1608 0.1608
v -0.723209 -0.282100 0.105759 0.1608 0.1608 0.1608
v -0.778209 -0.227100 0.105759 0.2000 0.2000 0.2000
v -0.668209 -0.337101 -0.105759 0.1216 0.1216 0.1216
v -0.668209 -0.337101 0.000000 0.1216 0.1216 0.1216
v -0.723209 -0.282100 0.000000 0.1608 0.1608 0.1608
v -0.668209 -0.337101 0.000000 0.1216 0.1216 0.1216
v -0.723209 -0.282100 0.105759 0.1608 0.1608 0.1608
v -0.723209 -0.282100 0.000000 0.1608 0.1608 0.1608
v -0.668209 -0.337101 0.000000 0.1216 0.1216 0.1216
v -0.668209 -0.337101 0.105759 0.1216 0.1216 0.1216
v -0.723209 -0.282100 0.105759 0.1608 0.1608 0.1608
v -1.454439 0.023628 0.000000 0.2078 0.2078 0.2078
v -1.561840 0.023628 0.105759 0.1686 0.1686 0.1686
v -1.561840 0.023628 0.000000 0.1686 0.1686 0.1686
v -1.561840 0.023628 0.105759 0.1686 0.1686 0.1686
v -1.658886 0.079818 0.105759 0.1882 0.1882 0.1882
v -1.561840 0.023628 0.000000 0.1686 0.1686 0.1686
v -1.454439 0.023628 0.000000 0.2078 0.2078 0.2078
v -1.561840 0.023628 0.000000 0.1686 0.1686 0.1686
v -1.561840 0.023628 -0.105759 0.1686 0.1686 0.1686
v -1.561840 0.023628 0.000000 0.1686 0.1686 0.1686
v -1.658886 0.079818 0.105759 0.1882 0.1882 0.1882
v -1.658886 0.079818 0.000000 0.1882 0.1882 0.1882
v -1.658886 0.079818 0.000000 0.1882 0.1882 0.1882
v -1.561840 0.023628 -0.105759 0.1686 0.1686 0.1686
v -1.561840 0.023628 0.000000 0.1686 0.1686 0.1686
v -1.658886 0.079818 0.105759 0.1882 0.1882 0.1882
v -2.363914 0.079818 0.105759 0.0000 0.0000 0.0000
v -1.658886 0.079818 0.000000 0.1882 0.1882 0.1882
v -1.561840 0.023628 -0.105759 0.1686 0.1686 0.1686
v -1.658886 0.079818 0.000000 0.1882 0.1882 0.1882
v -1.658887 0.079818 -0.105759 0.1882 0.1882 0.1882
v -1.658886 0.079818 0.000000 0.1882 0.1882 0.1882
v -2.363914 0.079818 0.105759 0.0000 0.0000 0.0000
v -2.363914 0.079818 0.000000 0.0000 0.0000 0.0000
v -1.658886 0.079818 0.000000 0.1882 0.1882 0.1882
v -2.363914 0.079818 0.000000 0.0000 0.0000 0.0000
v -1.658887 0.079818 -0.105759 0.1882 0.1882 0.1882
v -2.363914 0.079818 0.000000 0.0000 0.0000 0.0000
v -2.363914 0.079818 0.105759 0.0000 0.0000 0.0000
v -2.483914 -0.050182 0.105759 0.0000 0.0000 0.0000
v -1.658887 0.079818 -0.105759 0.1882 0.1882 0.1882
v -2.363914 0.079818 0.000000 0.0000 0.0000 0.0000
v -2.363914 0.079818 -0.105759 0.0000 0.0000 0.0000
v -2.483914 -0.050182 0.000000 0.0000 0.0000 0.0000
v -2.363914 0.079818 0.000000 0.0000 0.0000 0.0000
v -2.483914 -0.050182 0.105759 0.0000 0.0000 0.0000
v -2.363914 0.079818 -0.105759 0.0000 0.0000 0.0000
v -2.363914 0.079818 0.000000 0.0000 0.0000 0.0000
v -2.483914 -0.050182 0.000000 0.0000 0.0000 0.0000
v -2.483914 -0.050182 -0.105759 0.0000 0.0000 0.0000
v -2.363914 0.079818 -0.105759 0.0000 0.0000 0.0000
v -2.483914 -0.050182 0.000000 0.0000 0.0000 0.0000
v -1.016774 0.396420 0.082504 0.4510 0.4510 0.4510
v -1.016774 0.454760 0.058339 0.6157 0.6157 0.6157
v -1.043864 0.396420 0.127547 0.4510 0.4510 0.4510
v -1.016774 0.454760 0.058339 0.6157 0.6157 0.6157
v -1.043864 0.486610 0.090190 0.6902 0.6902 0.6902
v -1.043864 0.396420 0.127547 0.4510 0.4510 0.4510
v -1.016774 0.454760 0.058339 0.6157 0.6157 0.6157
v -1.043864 0.523968 0.000000 0.7725 0.7725 0.7725
v -1.043864 0.486610 0.090190 0.6902 0.6902 0.6902
v -1.043864 0.523968 0.000000 0.7725 0.7725 0.7725
v -1.016774 0.454760 0.058339 0.6157 0.6157 0.6157
v -1.016774 0.478925 0.000000 0.6745 0.6745 0.6745
v -1.016774 0.454760 -0.058340 0.6157 0.6157 0.6157
v -1.043864 0.523968 0.000000 0.7725 0.7725 0.7725
v -1.016774 0.478925 0.000000 0.6745 0.6745 0.6745
v -1.043864 0.486610 -0.090190 0.6902 0.6902 0.6902
v -1.043864 0.523968 0.000000 0.7725 0.7725 0.7725
v -1.016774 0.454760 -0.058340 0.6157 0.6157 0.6157
v -1.016774 0.454760 -0.058340 0.6157 0.6157 0.6157
v -1.043864 0.396420 -0.127548 0.4510 0.4510 0.4510
v -1.043864 0.486610 -0.090190 0.6902 0.6902 0.6902
v -1.043864 0.396420 -0.127548 0.4510 0.4510 0.4510
v -1.016774 0.454760 -0.058340 0.6157 0.6157 0.6157
v -1.016774 0.396420 -0.082505 0.4510 0.4510 0.4510
v -1.016774 0.338081 -0.058340 0.2510 0.2510 0.2510
v -1.043864 0.396420 -0.127548 0.4510 0.4510 0.4510
v -1.016774 0.396420 -0.082505 0.4510 0.4510 0.4510
v -1.043864 0.306231 -0.090190 0.1176 0.1176 0.1176
v -1.043864 0.396420 -0.127548 0.4510 0.4510 0.4510
v -1.016774 0.338081 -0.058340 0.2510 0.2510 0.2510
v -1.016774 0.313916 0.000000 0.1530 0.1530 0.1530
v -1.043864 0.306231 -0.090190 0.1176 0.1176 0.1176
v -1.016774 0.338081 -0.058340 0.2510 0.2510 0.2510
v -1.016774 0.313916 0.000000 0.1530 0.1530 0.1530
v -1.043864 0.268873 0.000000 0.0000 0.0000 0.0000
v -1.043864 0.306231 -0.090190 0.1176 0.1176 0.1176
v -1.016774 0.313916 0.000000 0.1530 0.1530 0.1530
v -1.043864 0.306231 0.090190 0.1176 0.1176 0.1176
v -1.043864 0.268873 0.000000 0.0000 0.0000 0.0000
v -1.043864 0.306231 0.090190 0.1176 0.1176 0.1176
v -1.016774 0.313916 0.000000 0.1530 0.1530 0.1530
v -1.016774 0.338081 0.058339 0.2510 0.2510 0.2510
v -1.016774 0.338081 0.058339 0.2510 0.2510 0.2510
v -1.043864 0.396420 0.127547 0.4510 0.4510 0.4510
v -1.043864 0.306231 0.090190 0.1176 0.1176 0.1176
v -1.043864 0.396420 0.127547 0.4510 0.4510 0.4510
v -1.016774 0.338081 0.058339 0.2510 0.2510 0.2510
v -1.016774 0.396420 0.082504 0.4510 0.4510 0.4510
v -0.688548 -0.261144 -0.089287 0.0000 0.0000 0.0000
v -1.195131 -0.221144 -0.089287 0.2353 0.2353 0.2353
v -0.668548 -0.221144 -0.089287 0.0157 0.0157 0.0157
v -1.195131 -0.221144 -0.089287 0.2353 0.2353 0.2353
v -0.688548 -0.261144 -0.089287 0.0000 0.0000 0.0000
v -1.255131 -0.261144 -0.089287 0.2039 0.2039 0.2039
v -1.425131 -0.091144 -0.089287 0.4667 0.4667 0.4667
v -1.195131 -0.221144 -0.089287 0.2353 0.2353 0.2353
v -1.255131 -0.261144 -0.089287 0.2039 0.2039 0.2039
v -1.195131 -0.221144 -0.089287 0.2353 0.2353 0.2353
v -1.425131 -0.091144 -0.089287 0.4667 0.4667 0.4667
v -1.445131 0.028856 -0.089287 0.5882 0.5882 0.5882
v -1.525131 -0.091144 -0.089287 0.4941 0.4941 0.4941
v -1.445131 0.028856 -0.089287 0.5882 0.5882 0.5882
v -1.425131 -0.091144 -0.089287 0.4667 0.4667 0.4667
v -1.445131 0.028856 -0.089287 0.5882 0.5882 0.5882
v -1.525131 -0.091144 -0.089287 0.4941 0.4941 0.4941
v -1.545131 0.028856 -0.089287 0.6157 0.6157 0.6157
v -1.545131 0.028856 -0.089287 0.6157 0.6157 0.6157
v -1.525131 -0.091144 -0.089287 0.4941 0.4941 0.4941
v -1.673208 0.088856 -0.089286 0.6941 0.6941 0.6941
v -0.993557 0.184892 -0.099296 0.0000 0.0000 0.0000
v -1.292638 0.221616 -0.087537 0.0000 0.0000 0.0000
v -1.020638 0.221616 -0.087537 0.0000 0.0000 0.0000
v -1.292638 0.221616 -0.087537 0.0000 0.0000 0.0000
v -0.993557 0.184892 -0.099296 0.0000 0.0000 0.0000
v -1.319719 0.184892 -0.099296 0.0000 0.0000 0.0000
v -0.993557 0.184892 -0.099296 0.0000 0.0000 0.0000
v -1.325438 0.147577 -0.087537 0.0000 0.0000 0.0000
v -1.319719 0.184892 -0.099296 0.0000 0.0000 0.0000
v -0.987838 0.147577 -0.087537 0.0000 0.0000 0.0000
v -1.325438 0.147577 -0.087537 0.0000 0.0000 0.0000
v -0.993557 0.184892 -0.099296 0.0000 0.0000 0.0000
v -1.410136 -0.083237 0.089685 0.4706 0.4706 0.4706
v -1.546998 -0.159559 0.089685 0.4275 0.4275 0.4275
v -1.337214 -0.159559 0.089685 0.3608 0.3608 0.3608
v -1.546998 -0.159559 0.089685 0.4275 0.4275 0.4275
v -1.410136 -0.083237 0.089685 0.4706 0.4706 0.4706
v -1.520232 -0.083237 0.089685 0.5019 0.5019 0.5019
v -1.616998 -0.074559 0.089685 0.5373 0.5373 0.5373
v -1.546998 -0.159559 0.089685 0.4275 0.4275 0.4275
v -1.520232 -0.083237 0.089685 0.5019 0.5019 0.5019
v -1.786999 -0.354559 0.089685 0.2706 0.2706 0.2706
v -1.546998 -0.159559 0.089685 0.4275 0.4275 0.4275
v -1.616998 -0.074559 0.089685 0.5373 0.5373 0.5373
v -1.616998 -0.074559 0.089685 0.5373 0.5373 0.5373
v -1.520232 -0.083237 0.089685 0.5019 0.5019 0.5019
v -1.673793 0.105129 0.089685 0.7059 0.7059 0.7059
v -1.616998 -0.074559 0.089685 0.5373 0.5373 0.5373
v -1.936998 -0.324560 0.089686 0.3568 0.3568 0.3568
v -1.786999 -0.354559 0.089685 0.2706 0.2706 0.2706
v -1.876998 -0.424560 0.089686 0.2078 0.2078 0.2078
v -1.786999 -0.354559 0.089685 0.2706 0.2706 0.2706
v -1.936998 -0.324560 0.089686 0.3568 0.3568 0.3568
v -1.786999 -0.354559 0.089685 0.2706 0.2706 0.2706
v -1.876998 -0.424560 0.089686 0.2078 0.2078 0.2078
v -1.746999 -0.454560 0.089685 0.1137 0.1137 0.1137
v -1.616998 -0.074559 0.089685 0.5373 0.5373 0.5373
v -1.673793 0.105129 0.089685 0.7059 0.7059 0.7059
v -1.701585 0.030360 0.089685 0.6510 0.6510 0.6510
v -1.673793 0.105129 0.089685 0.7059 0.7059 0.7059
v -2.280232 0.035129 0.089686 0.7764 0.7764 0.7764
v -1.701585 0.030360 0.089685 0.6510 0.6510 0.6510
v -1.673793 0.105129 0.089685 0.7059 0.7059 0.7059
v -2.380233 0.105129 0.089686 0.8353 0.8353 0.8353
v -2.280232 0.035129 0.089686 0.7764 0.7764 0.7764
v -2.380233 0.105129 0.089686 0.8353 0.8353 0.8353
v -2.360232 -0.044871 0.089686 0.7333 0.7333 0.7333
v -2.280232 0.035129 0.089686 0.7764 0.7764 0.7764
v -2.380233 0.105129 0.089686 0.8353 0.8353 0.8353
v -2.470233 -0.004871 0.089686 0.7843 0.7843 0.7843
v -2.360232 -0.044871 0.089686 0.7333 0.7333 0.7333
v -2.350232 -0.274871 0.089686 0.5333 0.5333 0.5333
v -2.360232 -0.044871 0.089686 0.7333 0.7333 0.7333
v -2.470233 -0.004871 0.089686 0.7843 0.7843 0.7843
v -2.360232 -0.044871 0.089686 0.7333 0.7333 0.7333
v -2.350232 -0.274871 0.089686 0.5333 0.5333 0.5333
v -2.320232 -0.274871 0.089686 0.5255 0.5255 0.5255
v -2.360232 -0.044871 0.089686 0.7333 0.7333 0.7333
v -2.320232 -0.274871 0.089686 0.5255 0.5255 0.5255
v -2.300232 -0.274871 0.089686 0.5255 0.5255 0.5255
v -1.292638 0.221616 0.087537 0.0000 0.0000 0.0000
v -0.993557 0.184892 0.099296 0.0000 0.0000 0.0000
v -1.020638 0.221616 0.087537 0.0000 0.0000 0.0000
v -1.319719 0.184892 0.099296 0.0000 0.0000 0.0000
v -0.993557 0.184892 0.099296 0.0000 0.0000 0.0000
v -1.292638 0.221616 0.087537 0.0000 0.0000 0.0000
v -1.325438 0.147577 0.087537 0.0000 0.0000 0.0000
v -0.993557 0.184892 0.099296 0.0000 0.0000 0.0000
v -1.319719 0.184892 0.099296 0.0000 0.0000 0.0000
v -0.993557 0.184892 0.099296 0.0000 0.0000 0.0000
v -1.325438 0.147577 0.087537 0.0000 0.0000 0.0000
v -0.987838 0.147577 0.087537 0.0000 0.0000 0.0000
v 0.607669 -0.092917 0.088434 0.7020 0.7020 0.7020
v -0.005574 -0.096114 0.088434 0.5569 0.5569 0.5569
v 0.025479 -0.108695 0.088434 0.5569 0.5569 0.5569
v 0.607669 -0.092917 0.088434 0.7020 0.7020 0.7020
v 0.025479 -0.108695 0.088434 0.5569 0.5569 0.5569
v 0.592800 -0.108695 0.088434 0.6902 0.6902 0.6902
v 0.039827 -0.155335 0.088434 0.5255 0.5255 0.5255
v 0.025479 -0.108695 0.088434 0.5569 0.5569 0.5569
v -0.005574 -0.096114 0.088434 0.5569 0.5569 0.5569
v 0.025479 -0.108695 0.088434 0.5569 0.5569 0.5569
v 0.039827 -0.155335 0.088434 0.5255 0.5255 0.5255
v 0.048923 -0.138487 0.088434 0.5412 0.5412 0.5412
v 0.039827 -0.155335 0.088434 0.5255 0.5255 0.5255
v 0.630243 -0.138486 0.088434 0.6785 0.6785 0.6785
v 0.048923 -0.138487 0.088434 0.5412 0.5412 0.5412
v 0.607669 -0.092917 0.088434 0.7020 0.7020 0.7020
v 0.630243 -0.138486 0.088434 0.6785 0.6785 0.6785
v 0.684779 -0.151633 0.088434 0.6824 0.6824 0.6824
v 0.039827 -0.155335 0.088434 0.5255 0.5255 0.5255
v 0.684779 -0.151633 0.088434 0.6824 0.6824 0.6824
v 0.630243 -0.138486 0.088434 0.6785 0.6785 0.6785
v 0.630243 -0.138486 0.088434 0.6785 0.6785 0.6785
v 0.607669 -0.092917 0.088434 0.7020 0.7020 0.7020
v 0.592800 -0.108695 0.088434 0.6902 0.6902 0.6902
v 0.684779 -0.151633 -0.088434 0.6824 0.6824 0.6824
v 0.039827 -0.155335 -0.088434 0.5255 0.5255 0.5255
v 0.630243 -0.138486 -0.088434 0.6785 0.6785 0.6785
v 0.630243 -0.138486 -0.088434 0.6785 0.6785 0.6785
v 0.039827 -0.155335 -0.088434 0.5255 0.5255 0.5255
v 0.048923 -0.138487 -0.088434 0.5412 0.5412 0.5412
v 0.039827 -0.155335 -0.088434 0.5255 0.5255 0.5255
v 0.025479 -0.108695 -0.088434 0.5569 0.5569 0.5569
v 0.048923 -0.138487 -0.088434 0.5412 0.5412 0.5412
v 0.039827 -0.155335 -0.088434 0.5255 0.5255 0.5255
v -0.005574 -0.096114 -0.088434 0.5569 0.5569 0.5569
v 0.025479 -0.108695 -0.088434 0.5569 0.5569 0.5569
v -0.005574 -0.096114 -0.088434 0.5569 0.5569 0.5569
v 0.607669 -0.092917 -0.088434 0.7020 0.7020 0.7020
v 0.025479 -0.108695 -0.088434 0.5569 0.5569 0.5569
v 0.630243 -0.138486 -0.088434 0.6785 0.6785 0.6785
v 0.592800 -0.108695 -0.088434 0.6902 0.6902 0.6902
v 0.607669 -0.092917 -0.088434 0.7020 0.7020 0.7020
v 0.025479 -0.108695 -0.088434 0.5569 0.5569 0.5569
v 0.607669 -0.092917 -0.088434 0.7020 0.7020 0.7020
v 0.592800 -0.108695 -0.088434 0.6902 0.6902 0.6902
v 0.607669 -0.092917 -0.088434 0.7020 0.7020 0.7020
v 0.684779 -0.151633 -0.088434 0.6824 0.6824 0.6824
v 0.630243 -0.138486 -0.088434 0.6785 0.6785 0.6785
v -1.087805 -0.103886 0.088434 0.2118 0.2118 0.2118
v -0.609545 -0.103886 0.088434 0.3765 0.3765 0.3765
v -0.679603 -0.082736 0.088434 0.3725 0.3725 0.3725
v -0.609545 -0.103886 0.088434 0.3765 0.3765 0.3765
v -0.725353 -0.008234 0.088434 0.4235 0.4235 0.4235
v -0.679603 -0.082736 0.088434 0.3725 0.3725 0.3725
v -1.087805 -0.103886 0.088434 0.2118 0.2118 0.2118
v -0.679603 -0.082736 0.088434 0.3725 0.3725 0.3725
v -1.074058 -0.082736 0.088434 0.2392 0.2392 0.2392
v -0.679603 -0.082736 0.088434 0.3725 0.3725 0.3725
v -0.725353 -0.008234 0.088434 0.4235 0.4235 0.4235
v -0.736786 -0.031007 0.088434 0.4000 0.4000 0.4000
v -1.087805 -0.103886 0.088434 0.2118 0.2118 0.2118
v -1.074058 -0.082736 0.088434 0.2392 0.2392 0.2392
v -1.114329 -0.031007 0.088434 0.2784 0.2784 0.2784
v -0.725353 -0.008234 0.088434 0.4235 0.4235 0.4235
v -1.114329 -0.031007 0.088434 0.2784 0.2784 0.2784
v -0.736786 -0.031007 0.088434 0.4000 0.4000 0.4000
v -1.173892 -0.008234 0.088434 0.2784 0.2784 0.2784
v -1.087805 -0.103886 0.088434 0.2118 0.2118 0.2118
v -1.114329 -0.031007 0.088434 0.2784 0.2784 0.2784
v -0.725353 -0.008234 0.088434 0.4235 0.4235 0.4235
v -1.173892 -0.008234 0.088434 0.2784 0.2784 0.2784
v -1.114329 -0.031007 0.088434 0.2784 0.2784 0.2784
v -0.725353 -0.008234 -0.088434 0.4235 0.4235 0.4235
v -0.679603 -0.082736 -0.088434 0.3725 0.3725 0.3725
v -0.736786 -0.031007 -0.088434 0.4000 0.4000 0.4000
v -1.114329 -0.031007 -0.088434 0.2784 0.2784 0.2784
v -0.725353 -0.008234 -0.088434 0.4235 0.4235 0.4235
v -0.736786 -0.031007 -0.088434 0.4000 0.4000 0.4000
v -0.679603 -0.082736 -0.088434 0.3725 0.3725 0.3725
v -0.725353 -0.008234 -0.088434 0.4235 0.4235 0.4235
v -0.609545 -0.103886 -0.088434 0.3765 0.3765 0.3765
v -1.173892 -0.008234 -0.088434 0.2784 0.2784 0.2784
v -0.725353 -0.008234 -0.088434 0.4235 0.4235 0.4235
v -1.114329 -0.031007 -0.088434 0.2784 0.2784 0.2784
v -0.609545 -0.103886 -0.088434 0.3765 0.3765 0.3765
v -1.087805 -0.103886 -0.088434 0.2118 0.2118 0.2118
v -0.679603 -0.082736 -0.088434 0.3725 0.3725 0.3725
v -1.114329 -0.031007 -0.088434 0.2784 0.2784 0.2784
v -1.087805 -0.103886 -0.088434 0.2118 0.2118 0.2118
v -1.173892 -0.008234 -0.088434 0.2784 0.2784 0.2784
v -0.679603 -0.082736 -0.088434 0.3725 0.3725 0.3725
v -1.087805 -0.103886 -0.088434 0.2118 0.2118 0.2118
v -1.074058 -0.082736 -0.088434 0.2392 0.2392 0.2392
v -1.087805 -0.103886 -0.088434 0.2118 0.2118 0.2118
v -1.114329 -0.031007 -0.088434 0.2784 0.2784 0.2784
v -1.074058 -0.082736 -0.088434 0.2392 0.2392 0.2392
v -0.649488 0.040416 0.082754 0.3804 0.3804 0.3804
v -0.926108 0.040416 0.082754 0.4628 0.4628 0.4628
v -0.727707 -0.021951 0.082754 0.3294 0.3294 0.3294
v -0.926108 0.040416 0.082754 0.4628 0.4628 0.4628
v -1.137707 -0.021951 0.082754 0.4550 0.4550 0.4550
v -0.727707 -0.021951 0.082754 0.3294 0.3294 0.3294
v -0.648598 -0.093588 0.082754 0.2078 0.2078 0.2078
v -0.649488 0.040416 0.082754 0.3804 0.3804 0.3804
v -0.727707 -0.021951 0.082754 0.3294 0.3294 0.3294
v -1.137707 -0.021951 0.082754 0.4550 0.4550 0.4550
v -0.926108 0.040416 0.082754 0.4628 0.4628 0.4628
v -0.997093 0.110327 0.082754 0.5530 0.5530 0.5530
v -0.997093 0.110327 0.082754 0.5530 0.5530 0.5530
v -1.306700 0.110174 0.082754 0.6276 0.6276 0.6276
v -1.137707 -0.021951 0.082754 0.4550 0.4550 0.4550
v -1.353677 0.073861 0.082754 0.6079 0.6079 0.6079
v -1.137707 -0.021951 0.082754 0.4550 0.4550 0.4550
v -1.306700 0.110174 0.082754 0.6276 0.6276 0.6276
v -1.137707 -0.021951 0.082754 0.4550 0.4550 0.4550
v -1.353677 0.073861 0.082754 0.6079 0.6079 0.6079
v -1.152691 -0.146050 0.082754 0.3176 0.3176 0.3176
v -1.137707 -0.021951 0.082754 0.4550 0.4550 0.4550
v -1.152691 -0.146050 0.082754 0.3176 0.3176 0.3176
v -1.085337 -0.093588 0.082754 0.3608 0.3608 0.3608
v -1.152691 -0.146050 0.082754 0.3176 0.3176 0.3176
v -0.917400 -0.146050 0.082754 0.2353 0.2353 0.2353
v -1.085337 -0.093588 0.082754 0.3608 0.3608 0.3608
v -0.917400 -0.146050 0.082754 0.2353 0.2353 0.2353
v -0.648598 -0.093588 0.082754 0.2078 0.2078 0.2078
v -1.085337 -0.093588 0.082754 0.3608 0.3608 0.3608
v -0.648598 -0.093588 0.082754 0.2078 0.2078 0.2078
v -0.917400 -0.146050 0.082754 0.2353 0.2353 0.2353
v -0.819965 -0.197321 0.082754 0.1216 0.1216 0.1216
v -0.648598 -0.093588 0.082754 0.2078 0.2078 0.2078
v -0.819965 -0.197321 0.082754 0.1216 0.1216 0.1216
v -0.649488 -0.196955 0.082754 0.0471 0.0471 0.0471
v -0.649488 0.040416 0.082754 0.3804 0.3804 0.3804
v -0.648598 -0.093588 0.082754 0.2078 0.2078 0.2078
v -0.520912 -0.059584 0.082754 0.2078 0.2078 0.2078
v -0.649488 -0.196955 0.082754 0.0471 0.0471 0.0471
v -0.520912 -0.059584 0.082754 0.2078 0.2078 0.2078
v -0.648598 -0.093588 0.082754 0.2078 0.2078 0.2078
v -0.520912 -0.232717 0.082754 0.0000 0.0000 0.0000
v -0.520912 -0.059584 0.082754 0.2078 0.2078 0.2078
v -0.649488 -0.196955 0.082754 0.0471 0.0471 0.0471
v -0.520912 -0.059584 0.082754 0.2078 0.2078 0.2078
v -0.520912 -0.232717 0.082754 0.0000 0.0000 0.0000
v 0.002294 -0.101951 0.082753 0.0000 0.0000 0.0000
v 0.588422 -0.059584 0.082753 0.0000 0.0000 0.0000
v -0.520912 -0.059584 0.082754 0.2078 0.2078 0.2078
v 0.002294 -0.101951 0.082753 0.0000 0.0000 0.0000
v 0.002294 -0.101951 0.082753 0.0000 0.0000 0.0000
v 0.602293 -0.101951 0.082753 0.0000 0.0000 0.0000
v 0.588422 -0.059584 0.082753 0.0000 0.0000 0.0000
v 0.002294 -0.101951 0.082753 0.0000 0.0000 0.0000
v -0.520912 -0.232717 0.082754 0.0000 0.0000 0.0000
v 0.042293 -0.146900 0.082753 0.0000 0.0000 0.0000
v -0.520912 -0.232717 0.082754 0.0000 0.0000 0.0000
v 0.588421 -0.232716 0.082753 0.0000 0.0000 0.0000
v 0.042293 -0.146900 0.082753 0.0000 0.0000 0.0000
v 0.672293 -0.146900 0.082753 0.0000 0.0000 0.0000
v 0.042293 -0.146900 0.082753 0.0000 0.0000 0.0000
v 0.588421 -0.232716 0.082753 0.0000 0.0000 0.0000
v 0.878422 -0.059584 0.082753 0.0000 0.0000 0.0000
v 0.672293 -0.146900 0.082753 0.0000 0.0000 0.0000
v 0.878422 -0.232716 0.082753 0.0000 0.0000 0.0000
v 0.878422 -0.232716 0.082753 0.0000 0.0000 0.0000
v 0.672293 -0.146900 0.082753 0.0000 0.0000 0.0000
v 0.588421 -0.232716 0.082753 0.0000 0.0000 0.0000
v 0.878422 -0.059584 0.082753 0.0000 0.0000 0.0000
v 0.588422 -0.059584 0.082753 0.0000 0.0000 0.0000
v 0.672293 -0.146900 0.082753 0.0000 0.0000 0.0000
v 0.672293 -0.146900 0.082753 0.0000 0.0000 0.0000
v 0.588422 -0.059584 0.082753 0.0000 0.0000 0.0000
v 0.602293 -0.101951 0.082753 0.0000 0.0000 0.0000
v -2.470233 -0.004871 -0.081986 0.7843 0.7843 0.7843
v -2.360232 -0.044871 -0.081986 0.7333 0.7333 0.7333
v -2.350232 -0.274871 -0.081986 0.5333 0.5333 0.5333
v -2.360232 -0.044871 -0.081986 0.7333 0.7333 0.7333
v -2.320232 -0.274871 -0.081986 0.5255 0.5255 0.5255
v -2.350232 -0.274871 -0.081986 0.5333 0.5333 0.5333
v -2.360232 -0.044871 -0.081986 0.7333 0.7333 0.7333
v -2.300232 -0.274871 -0.081986 0.5216 0.5216 0.5216
v -2.320232 -0.274871 -0.081986 0.5255 0.5255 0.5255
v -2.360232 -0.044871 -0.081986 0.7333 0.7333 0.7333
v -2.470233 -0.004871 -0.081986 0.7843 0.7843 0.7843
v -2.380233 0.105129 -0.081986 0.8353 0.8353 0.8353
v -2.360232 -0.044871 -0.081986 0.7333 0.7333 0.7333
v -2.380233 0.105129 -0.081986 0.8353 0.8353 0.8353
v -2.280232 0.035129 -0.081986 0.7764 0.7764 0.7764
v -1.673793 0.105129 -0.081987 0.7059 0.7059 0.7059
v -2.280232 0.035129 -0.081986 0.7764 0.7764 0.7764
v -2.380233 0.105129 -0.081986 0.8353 0.8353 0.8353
v -2.280232 0.035129 -0.081986 0.7764 0.7764 0.7764
v -1.673793 0.105129 -0.081987 0.7059 0.7059 0.7059
v -1.701585 0.030360 -0.081987 0.6510 0.6510 0.6510
v -1.673793 0.105129 -0.081987 0.7059 0.7059 0.7059
v -1.616998 -0.074559 -0.081987 0.5373 0.5373 0.5373
v -1.701585 0.030360 -0.081987 0.6510 0.6510 0.6510
v -1.673793 0.105129 -0.081987 0.7059 0.7059 0.7059
v -1.520233 -0.083237 -0.081987 0.5019 0.5019 0.5019
v -1.616998 -0.074559 -0.081987 0.5373 0.5373 0.5373
v -1.546998 -0.159559 -0.081987 0.4275 0.4275 0.4275
v -1.616998 -0.074559 -0.081987 0.5373 0.5373 0.5373
v -1.520233 -0.083237 -0.081987 0.5019 0.5019 0.5019
v -1.410136 -0.083237 -0.081987 0.4706 0.4706 0.4706
v -1.546998 -0.159559 -0.081987 0.4275 0.4275 0.4275
v -1.520233 -0.083237 -0.081987 0.5019 0.5019 0.5019
v -1.337214 -0.159559 -0.081987 0.3608 0.3608 0.3608
v -1.546998 -0.159559 -0.081987 0.4275 0.4275 0.4275
v -1.410136 -0.083237 -0.081987 0.4706 0.4706 0.4706
v -1.786999 -0.354559 -0.081987 0.2706 0.2706 0.2706
v -1.616998 -0.074559 -0.081987 0.5373 0.5373 0.5373
v -1.546998 -0.159559 -0.081987 0.4275 0.4275 0.4275
v -1.936998 -0.324560 -0.081986 0.3568 0.3568 0.3568
v -1.616998 -0.074559 -0.081987 0.5373 0.5373 0.5373
v -1.786999 -0.354559 -0.081987 0.2706 0.2706 0.2706
v -1.786999 -0.354559 -0.081987 0.2706 0.2706 0.2706
v -1.876998 -0.424560 -0.081987 0.2078 0.2078 0.2078
v -1.936998 -0.324560 -0.081986 0.3568 0.3568 0.3568
v -1.786999 -0.354559 -0.081987 0.2706 0.2706 0.2706
v -1.746999 -0.454560 -0.081987 0.1137 0.1137 0.1137
v -1.876998 -0.424560 -0.081987 0.2078 0.2078 0.2078
v 0.592800 -0.108695 0.088434 0.6902 0.6902 0.6902
v 0.025479 -0.108695 0.088434 0.5569 0.5569 0.5569
v 0.592800 -0.108695 -0.088434 0.6902 0.6902 0.6902
v 0.592800 -0.108695 -0.088434 0.6902 0.6902 0.6902
v 0.025479 -0.108695 0.088434 0.5569 0.5569 0.5569
v 0.025479 -0.108695 -0.088434 0.5569 0.5569 0.5569
v -0.997094 0.110327 -0.075056 0.5530 0.5530 0.5530
v -1.137707 -0.021951 -0.075056 0.4550 0.4550 0.4550
v -1.306700 0.110174 -0.075056 0.6276 0.6276 0.6276
v -1.137707 -0.021951 -0.075056 0.4550 0.4550 0.4550
v -1.353677 0.073861 -0.075056 0.6079 0.6079 0.6079
v -1.306700 0.110174 -0.075056 0.6276 0.6276 0.6276
v -0.926108 0.040416 -0.075056 0.4628 0.4628 0.4628
v -1.137707 -0.021951 -0.075056 0.4550 0.4550 0.4550
v -0.997094 0.110327 -0.075056 0.5530 0.5530 0.5530
v -1.353677 0.073861 -0.075056 0.6079 0.6079 0.6079
v -1.137707 -0.021951 -0.075056 0.4550 0.4550 0.4550
v -1.152691 -0.146050 -0.075056 0.3176 0.3176 0.3176
v -1.137707 -0.021951 -0.075056 0.4550 0.4550 0.4550
v -0.926108 0.040416 -0.075056 0.4628 0.4628 0.4628
v -0.727707 -0.021951 -0.075057 0.3294 0.3294 0.3294
v -0.926108 0.040416 -0.075056 0.4628 0.4628 0.4628
v -0.649488 0.040416 -0.075057 0.3804 0.3804 0.3804
v -0.727707 -0.021951 -0.075057 0.3294 0.3294 0.3294
v -0.648598 -0.093588 -0.075057 0.2078 0.2078 0.2078
v -0.727707 -0.021951 -0.075057 0.3294 0.3294 0.3294
v -0.649488 0.040416 -0.075057 0.3804 0.3804 0.3804
v -1.152691 -0.146050 -0.075056 0.3176 0.3176 0.3176
v -1.137707 -0.021951 -0.075056 0.4550 0.4550 0.4550
v -1.085337 -0.093588 -0.075056 0.3608 0.3608 0.3608
v -0.917400 -0.146050 -0.075056 0.2353 0.2353 0.2353
v -1.152691 -0.146050 -0.075056 0.3176 0.3176 0.3176
v -1.085337 -0.093588 -0.075056 0.3608 0.3608 0.3608
v -0.892359 -0.093588 -0.075056 0.2941 0.2941 0.2941
v -0.917400 -0.146050 -0.075056 0.2353 0.2353 0.2353
v -1.085337 -0.093588 -0.075056 0.3608 0.3608 0.3608
v -0.819965 -0.197321 -0.075056 0.1216 0.1216 0.1216
v -0.917400 -0.146050 -0.075056 0.2353 0.2353 0.2353
v -0.892359 -0.093588 -0.075056 0.2941 0.2941 0.2941
v -0.728076 -0.093588 -0.075057 0.2392 0.2392 0.2392
v -0.819965 -0.197321 -0.075056 0.1216 0.1216 0.1216
v -0.892359 -0.093588 -0.075056 0.2941 0.2941 0.2941
v -0.728076 -0.093588 -0.075057 0.2392 0.2392 0.2392
v -0.737970 -0.196954 -0.075057 0.0863 0.0863 0.0863
v -0.819965 -0.197321 -0.075056 0.1216 0.1216 0.1216
v -0.728076 -0.093588 -0.075057 0.2353 0.2353 0.2353
v -0.649488 -0.196955 -0.075057 0.0471 0.0471 0.0471
v -0.737970 -0.196954 -0.075057 0.0863 0.0863 0.0863
v -0.649488 -0.196955 -0.075057 0.0471 0.0471 0.0471
v -0.728076 -0.093588 -0.075057 0.2353 0.2353 0.2353
v -0.648598 -0.093588 -0.075057 0.2078 0.2078 0.2078
v -0.520912 -0.059584 -0.075057 0.2078 0.2078 0.2078
v -0.649488 -0.196955 -0.075057 0.0471 0.0471 0.0471
v -0.648598 -0.093588 -0.075057 0.2078 0.2078 0.2078
v -0.520912 -0.059584 -0.075057 0.2078 0.2078 0.2078
v -0.520912 -0.232717 -0.075057 0.0000 0.0000 0.0000
v -0.649488 -0.196955 -0.075057 0.0471 0.0471 0.0471
v 0.002294 -0.101951 -0.075057 0.0000 0.0000 0.0000
v -0.520912 -0.232717 -0.075057 0.0000 0.0000 0.0000
v -0.520912 -0.059584 -0.075057 0.2078 0.2078 0.2078
v -0.520912 -0.059584 -0.075057 0.2078 0.2078 0.2078
v 0.588421 -0.059584 -0.075058 0.0000 0.0000 0.0000
v 0.002294 -0.101951 -0.075057 0.0000 0.0000 0.0000
v 0.602293 -0.101951 -0.075058 0.0000 0.0000 0.0000
v 0.002294 -0.101951 -0.075057 0.0000 0.0000 0.0000
v 0.588421 -0.059584 -0.075058 0.0000 0.0000 0.0000
v -0.520912 -0.232717 -0.075057 0.0000 0.0000 0.0000
v 0.002294 -0.101951 -0.075057 0.0000 0.0000 0.0000
v 0.042293 -0.146900 -0.075057 0.0000 0.0000 0.0000
v 0.588421 -0.232716 -0.075058 0.0000 0.0000 0.0000
v -0.520912 -0.232717 -0.075057 0.0000 0.0000 0.0000
v 0.042293 -0.146900 -0.075057 0.0000 0.0000 0.0000
v 0.042293 -0.146900 -0.075057 0.0000 0.0000 0.0000
v 0.672293 -0.146900 -0.075058 0.0000 0.0000 0.0000
v 0.588421 -0.232716 -0.075058 0.0000 0.0000 0.0000
v -0.648598 -0.093588 -0.075057 0.2078 0.2078 0.2078
v -0.649488 0.040416 -0.075057 0.3804 0.3804 0.3804
v -0.520912 -0.059584 -0.075057 0.2078 0.2078 0.2078
v 0.878422 -0.232716 -0.075058 0.0000 0.0000 0.0000
v 0.672293 -0.146900 -0.075058 0.0000 0.0000 0.0000
v 0.878422 -0.059584 -0.075058 0.0000 0.0000 0.0000
v 0.878422 -0.232716 -0.075058 0.0000 0.0000 0.0000
v 0.588421 -0.232716 -0.075058 0.0000 0.0000 0.0000
v 0.672293 -0.146900 -0.075058 0.0000 0.0000 0.0000
v 0.878422 -0.059584 -0.075058 0.0000 0.0000 0.0000
v 0.672293 -0.146900 -0.075058 0.0000 0.0000 0.0000
v 0.588421 -0.059584 -0.075058 0.0000 0.0000 0.0000
v 0.672293 -0.146900 -0.075058 0.0000 0.0000 0.0000
v 0.602293 -0.101951 -0.075058 0.0000 0.0000 0.0000
v 0.588421 -0.059584 -0.075058 0.0000 0.0000 0.0000
v -1.200232 -0.725504 0.112592 0.0000 0.0000 0.0000
v -1.244521 -0.255190 0.067735 0.2902 0.2902 0.2902
v -1.390232 -0.675505 0.112592 0.0000 0.0000 0.0000
v -1.244521 -0.255190 0.067735 0.2902 0.2902 0.2902
v -1.497622 -0.601970 0.112592 0.0000 0.0000 0.0000
v -1.390232 -0.675505 0.112592 0.0000 0.0000 0.0000
v -1.244521 -0.255190 0.067735 0.2902 0.2902 0.2902
v -1.200232 -0.725504 0.112592 0.0000 0.0000 0.0000
v -1.001991 -0.255190 0.067735 0.1961 0.1961 0.1961
v -1.200232 -0.725504 -0.104894 0.0000 0.0000 0.0000
v -1.244521 -0.255190 -0.060037 0.2902 0.2902 0.2902
v -1.001991 -0.255190 -0.060037 0.1961 0.1961 0.1961
v -1.244521 -0.255190 -0.060037 0.2902 0.2902 0.2902
v -1.200232 -0.725504 -0.104894 0.0000 0.0000 0.0000
v -1.390232 -0.675505 -0.104894 0.0000 0.0000 0.0000
v -1.497622 -0.601970 -0.104894 0.0000 0.0000 0.0000
v -1.244521 -0.255190 -0.060037 0.2902 0.2902 0.2902
v -1.390232 -0.675505 -0.104894 0.0000 0.0000 0.0000
v -1.330764 0.073583 0.105759 0.3019 0.3019 0.3019
v -1.129912 -0.135603 0.000000 0.1608 0.1608 0.1608
v -1.330764 0.073583 0.000000 0.3019 0.3019 0.3019
v -1.129912 -0.135603 0.000000 0.1608 0.1608 0.1608
v -1.330764 0.073583 0.105759 0.3019 0.3019 0.3019
v -1.129912 -0.135603 0.105759 0.1608 0.1608 0.1608
v -1.129912 -0.135603 0.105759 0.1608 0.1608 0.1608
v -0.583329 -0.135603 0.000000 0.3568 0.3568 0.3568
v -1.129912 -0.135603 0.000000 0.1608 0.1608 0.1608
v -0.583329 -0.135603 0.000000 0.3568 0.3568 0.3568
v -1.129912 -0.135603 0.105759 0.1608 0.1608 0.1608
v -0.583329 -0.135603 0.105759 0.3568 0.3568 0.3568
v -0.583329 -0.135603 -0.105759 0.3568 0.3568 0.3568
v -1.129912 -0.135603 0.000000 0.1608 0.1608 0.1608
v -0.583329 -0.135603 0.000000 0.3568 0.3568 0.3568
v -1.129912 -0.135603 0.000000 0.1608 0.1608 0.1608
v -0.583329 -0.135603 -0.105759 0.3568 0.3568 0.3568
v -1.129912 -0.135603 -0.105759 0.1608 0.1608 0.1608
v -1.129912 -0.135603 -0.105759 0.1608 0.1608 0.1608
v -1.330764 0.073583 0.000000 0.3019 0.3019 0.3019
v -1.129912 -0.135603 0.000000 0.1608 0.1608 0.1608
v -0.583329 -0.135603 0.000000 0.3568 0.3568 0.3568
v -0.026558 -0.135602 -0.105759 0.5216 0.5216 0.5216
v -0.583329 -0.135603 -0.105759 0.3568 0.3568 0.3568
v -1.330764 0.073583 0.000000 0.3019 0.3019 0.3019
v -1.129912 -0.135603 -0.105759 0.1608 0.1608 0.1608
v -1.330764 0.073583 -0.105759 0.3019 0.3019 0.3019
v -1.305432 0.100125 -0.105759 0.3372 0.3372 0.3372
v -1.330764 0.073583 0.000000 0.3019 0.3019 0.3019
v -1.330764 0.073583 -0.105759 0.3019 0.3019 0.3019
v -0.583329 -0.135603 0.105759 0.3568 0.3568 0.3568
v -0.026558 -0.135602 0.000000 0.5216 0.5216 0.5216
v -0.583329 -0.135603 0.000000 0.3568 0.3568 0.3568
v -0.026558 -0.135602 -0.105759 0.5216 0.5216 0.5216
v -0.583329 -0.135603 0.000000 0.3568 0.3568 0.3568
v -0.026558 -0.135602 0.000000 0.5216 0.5216 0.5216
v -0.026558 -0.135602 0.000000 0.5216 0.5216 0.5216
v -0.583329 -0.135603 0.105759 0.3568 0.3568 0.3568
v -0.026558 -0.135602 0.105759 0.5216 0.5216 0.5216
v -0.026558 -0.135602 0.000000 0.5216 0.5216 0.5216
v 0.018442 -0.185603 -0.105759 0.4941 0.4941 0.4941
v -0.026558 -0.135602 -0.105759 0.5216 0.5216 0.5216
v -0.026558 -0.135602 0.105759 0.5216 0.5216 0.5216
v 0.018442 -0.185603 0.000000 0.4941 0.4941 0.4941
v -0.026558 -0.135602 0.000000 0.5216 0.5216 0.5216
v 0.018442 -0.185603 -0.105759 0.4941 0.4941 0.4941
v -0.026558 -0.135602 0.000000 0.5216 0.5216 0.5216
v 0.018442 -0.185603 0.000000 0.4941 0.4941 0.4941
v 0.018442 -0.185603 0.000000 0.4941 0.4941 0.4941
v 0.508442 -0.185603 -0.105759 0.6236 0.6236 0.6236
v 0.018442 -0.185603 -0.105759 0.4941 0.4941 0.4941
v 0.018442 -0.185603 0.000000 0.4941 0.4941 0.4941
v -0.026558 -0.135602 0.105759 0.5216 0.5216 0.5216
v 0.018442 -0.185603 0.105759 0.4941 0.4941 0.4941
v 0.508442 -0.185603 -0.105759 0.6236 0.6236 0.6236
v 0.018442 -0.185603 0.000000 0.4941 0.4941 0.4941
v 0.508442 -0.185603 0.000000 0.6236 0.6236 0.6236
v 0.018442 -0.185603 0.105759 0.4941 0.4941 0.4941
v 0.508442 -0.185603 0.000000 0.6236 0.6236 0.6236
v 0.018442 -0.185603 0.000000 0.4941 0.4941 0.4941
v 0.508442 -0.185603 0.000000 0.6236 0.6236 0.6236
v 0.018442 -0.185603 0.105759 0.4941 0.4941 0.4941
v 0.508442 -0.185603 0.105759 0.6236 0.6236 0.6236
v -1.330764 0.073583 0.000000 0.3019 0.3019 0.3019
v -1.305432 0.100125 -0.105759 0.3372 0.3372 0.3372
v -1.305432 0.100125 0.000000 0.3372 0.3372 0.3372
v -1.305432 0.100125 0.000000 0.3372 0.3372 0.3372
v -1.330764 0.073583 0.105759 0.3019 0.3019 0.3019
v -1.330764 0.073583 0.000000 0.3019 0.3019 0.3019
v -1.305432 0.100125 -0.105759 0.3372 0.3372 0.3372
v -1.028848 0.100125 0.000000 0.4235 0.4235 0.4235
v -1.305432 0.100125 0.000000 0.3372 0.3372 0.3372
v -1.028848 0.100125 0.000000 0.4235 0.4235 0.4235
v -1.305432 0.100125 -0.105759 0.3372 0.3372 0.3372
v -1.028848 0.100125 -0.105759 0.4235 0.4235 0.4235
v -1.330764 0.073583 0.105759 0.3019 0.3019 0.3019
v -1.305432 0.100125 0.000000 0.3372 0.3372 0.3372
v -1.305432 0.100125 0.105759 0.3372 0.3372 0.3372
v -1.028848 0.100125 0.000000 0.4235 0.4235 0.4235
v -1.305432 0.100125 0.105759 0.3372 0.3372 0.3372
v -1.305432 0.100125 0.000000 0.3372 0.3372 0.3372
v -1.322427 0.127579 0.122108 0.3568 0.3568 0.3568
v -1.330764 0.073583 0.105759 0.3019 0.3019 0.3019
v -1.305432 0.100125 0.105759 0.3372 0.3372 0.3372
v -1.330764 0.073583 0.105759 0.3019 0.3019 0.3019
v -1.322427 0.127579 0.122108 0.3568 0.3568 0.3568
v -1.367615 0.080014 0.122112 0.2980 0.2980 0.2980
v -1.367615 0.080014 0.122112 0.2980 0.2980 0.2980
v -1.378022 0.032482 0.122126 0.2471 0.2471 0.2471
v -1.330764 0.073583 0.105759 0.3019 0.3019 0.3019
v -1.378022 0.032482 0.122126 0.2471 0.2471 0.2471
v -1.367615 0.080014 0.122112 0.2980 0.2980 0.2980
v -1.401802 0.054032 0.122122 0.2588 0.2588 0.2588
v -1.378022 0.032482 0.122126 0.2471 0.2471 0.2471
v -1.129912 -0.135603 0.105759 0.1608 0.1608 0.1608
v -1.330764 0.073583 0.105759 0.3019 0.3019 0.3019
v -1.129912 -0.135603 0.105759 0.1608 0.1608 0.1608
v -1.378022 0.032482 0.122126 0.2471 0.2471 0.2471
v -1.162413 -0.181803 0.122127 0.0941 0.0941 0.0941
v -0.680836 -0.180711 0.122113 0.2823 0.2823 0.2823
v -1.129912 -0.135603 0.105759 0.1608 0.1608 0.1608
v -1.162413 -0.181803 0.122127 0.0941 0.0941 0.0941
v -0.583329 -0.135603 0.105759 0.3568 0.3568 0.3568
v -1.129912 -0.135603 0.105759 0.1608 0.1608 0.1608
v -0.680836 -0.180711 0.122113 0.2823 0.2823 0.2823
v -0.680836 -0.180711 0.122113 0.2823 0.2823 0.2823
v -0.625792 -0.240962 0.122138 0.2432 0.2432 0.2432
v -0.583329 -0.135603 0.105759 0.3568 0.3568 0.3568
v -0.583329 -0.135603 0.105759 0.3568 0.3568 0.3568
v -0.625792 -0.240962 0.122138 0.2432 0.2432 0.2432
v -0.538329 -0.185603 0.105759 0.3255 0.3255 0.3255
v -0.538329 -0.185603 0.105759 0.3255 0.3255 0.3255
v -0.026558 -0.135602 0.105759 0.5216 0.5216 0.5216
v -0.583329 -0.135603 0.105759 0.3568 0.3568 0.3568
v -0.538329 -0.185603 0.105759 0.3255 0.3255 0.3255
v -0.625792 -0.240962 0.122138 0.2432 0.2432 0.2432
v -0.493329 -0.240424 0.122132 0.2902 0.2902 0.2902
v -0.026558 -0.135602 0.105759 0.5216 0.5216 0.5216
v -0.538329 -0.185603 0.105759 0.3255 0.3255 0.3255
v 0.018442 -0.185603 0.105759 0.4941 0.4941 0.4941
v -0.493329 -0.240424 0.122132 0.2902 0.2902 0.2902
v 0.018442 -0.185603 0.105759 0.4941 0.4941 0.4941
v -0.538329 -0.185603 0.105759 0.3255 0.3255 0.3255
v 0.018442 -0.185603 0.105759 0.4941 0.4941 0.4941
v -0.493329 -0.240424 0.122132 0.2902 0.2902 0.2902
v 0.063470 -0.240470 0.122134 0.4667 0.4667 0.4667
v 0.063470 -0.240470 0.122134 0.4667 0.4667 0.4667
v 0.508442 -0.185603 0.105759 0.6236 0.6236 0.6236
v 0.018442 -0.185603 0.105759 0.4941 0.4941 0.4941
v 0.508442 -0.185603 0.105759 0.6236 0.6236 0.6236
v 0.063470 -0.240470 0.122134 0.4667 0.4667 0.4667
v 0.571771 -0.240539 0.115458 0.6000 0.6000 0.6000
v -1.525131 -0.091144 0.096985 0.4941 0.4941 0.4941
v -1.673208 0.088856 -0.089286 0.6941 0.6941 0.6941
v -1.525131 -0.091144 -0.089287 0.4941 0.4941 0.4941
v -1.673208 0.088856 -0.089286 0.6941 0.6941 0.6941
v -1.525131 -0.091144 0.096985 0.4941 0.4941 0.4941
v -1.673208 0.088856 0.096985 0.6941 0.6941 0.6941
v -1.525131 -0.091144 -0.089287 0.4941 0.4941 0.4941
v -1.425131 -0.091144 0.096985 0.4667 0.4667 0.4667
v -1.525131 -0.091144 0.096985 0.4941 0.4941 0.4941
v -1.673208 0.088856 0.096985 0.6941 0.6941 0.6941
v -1.545131 0.028856 -0.089287 0.6157 0.6157 0.6157
v -1.673208 0.088856 -0.089286 0.6941 0.6941 0.6941
v -1.425131 -0.091144 0.096985 0.4667 0.4667 0.4667
v -1.525131 -0.091144 -0.089287 0.4941 0.4941 0.4941
v -1.425131 -0.091144 -0.089287 0.4667 0.4667 0.4667
v -1.545131 0.028856 -0.089287 0.6157 0.6157 0.6157
v -1.673208 0.088856 0.096985 0.6941 0.6941 0.6941
v -1.545131 0.028856 0.096985 0.6157 0.6157 0.6157
v -1.255131 -0.261144 -0.089287 0.2039 0.2039 0.2039
v -1.425131 -0.091144 0.096985 0.4667 0.4667 0.4667
v -1.425131 -0.091144 -0.089287 0.4667 0.4667 0.4667
v -1.445131 0.028856 0.096985 0.5882 0.5882 0.5882
v -1.545131 0.028856 -0.089287 0.6157 0.6157 0.6157
v -1.545131 0.028856 0.096985 0.6157 0.6157 0.6157
v -1.255131 -0.261144 0.096985 0.2039 0.2039 0.2039
v -1.425131 -0.091144 0.096985 0.4667 0.4667 0.4667
v -1.255131 -0.261144 -0.089287 0.2039 0.2039 0.2039
v -0.688548 -0.261144 -0.089287 0.0000 0.0000 0.0000
v -1.255131 -0.261144 0.096985 0.2039 0.2039 0.2039
v -1.255131 -0.261144 -0.089287 0.2039 0.2039 0.2039
v -0.688548 -0.261144 0.096984 0.0000 0.0000 0.0000
v -1.255131 -0.261144 0.096985 0.2039 0.2039 0.2039
v -0.688548 -0.261144 -0.089287 0.0000 0.0000 0.0000
v -1.445131 0.028856 0.096985 0.5882 0.5882 0.5882
v -1.445131 0.028856 -0.089287 0.5882 0.5882 0.5882
v -1.545131 0.028856 -0.089287 0.6157 0.6157 0.6157
v -1.195131 -0.221144 0.096985 0.2353 0.2353 0.2353
v -1.445131 0.028856 -0.089287 0.5882 0.5882 0.5882
v -1.445131 0.028856 0.096985 0.5882 0.5882 0.5882
v -1.195131 -0.221144 0.096985 0.2353 0.2353 0.2353
v -1.195131 -0.221144 -0.089287 0.2353 0.2353 0.2353
v -1.445131 0.028856 -0.089287 0.5882 0.5882 0.5882
v -0.668548 -0.221144 0.096984 0.0157 0.0157 0.0157
v -1.195131 -0.221144 -0.089287 0.2353 0.2353 0.2353
v -1.195131 -0.221144 0.096985 0.2353 0.2353 0.2353
v -0.668548 -0.221144 -0.089287 0.0157 0.0157 0.0157
v -1.195131 -0.221144 -0.089287 0.2353 0.2353 0.2353
v -0.668548 -0.221144 0.096984 0.0157 0.0157 0.0157
v -0.736786 -0.031007 0.088434 0.4000 0.4000 0.4000
v -1.114329 -0.031007 0.088434 0.2784 0.2784 0.2784
v -0.736786 -0.031007 -0.088434 0.4000 0.4000 0.4000
v -0.736786 -0.031007 -0.088434 0.4000 0.4000 0.4000
v -1.114329 -0.031007 0.088434 0.2784 0.2784 0.2784
v -1.114329 -0.031007 -0.088434 0.2784 0.2784 0.2784
v -1.114329 -0.031007 -0.088434 0.2784 0.2784 0.2784
v -1.114329 -0.031007 0.088434 0.2784 0.2784 0.2784
v -1.074058 -0.082736 -0.088434 0.2392 0.2392 0.2392
v -1.074058 -0.082736 -0.088434 0.2392 0.2392 0.2392
v -1.114329 -0.031007 0.088434 0.2784 0.2784 0.2784
v -1.074058 -0.082736 0.088434 0.2392 0.2392 0.2392
v -0.515431 -0.034151 0.000000 0.4157 0.4157 0.4157
v 0.982204 -0.034151 0.000000 0.7608 0.7608 0.7608
v 0.935852 -0.015159 -0.041620 0.7608 0.7608 0.7608
v 0.935852 -0.015159 -0.041620 0.7608 0.7608 0.7608
v -0.515431 -0.015159 -0.041619 0.4314 0.4314 0.4314
v -0.515431 -0.034151 0.000000 0.4157 0.4157 0.4157
v -0.515431 -0.034151 0.000000 0.4157 0.4157 0.4157
v 0.935906 -0.015159 0.041619 0.7608 0.7608 0.7608
v 0.982204 -0.034151 0.000000 0.7608 0.7608 0.7608
v 0.935906 -0.015159 0.041619 0.7608 0.7608 0.7608
v -0.515431 -0.034151 0.000000 0.4157 0.4157 0.4157
v -0.515431 -0.015159 0.041619 0.4314 0.4314 0.4314
v 0.935852 -0.015159 -0.041620 0.7608 0.7608 0.7608
v 0.982204 -0.034151 0.000000 0.7608 0.7608 0.7608
v 0.982204 -0.034151 0.000000 0.7608 0.7608 0.7608
v -1.137707 -0.021951 -0.075056 0.4550 0.4550 0.4550
v -0.727707 -0.021951 -0.075057 0.3294 0.3294 0.3294
v -0.727707 -0.021951 0.082754 0.3294 0.3294 0.3294
v -0.727707 -0.021951 0.082754 0.3294 0.3294 0.3294
v -1.137707 -0.021951 0.082754 0.4550 0.4550 0.4550
v -1.137707 -0.021951 -0.075056 0.4550 0.4550 0.4550
v -1.085337 -0.093588 0.082754 0.3608 0.3608 0.3608
v -1.085337 -0.093588 -0.075056 0.3608 0.3608 0.3608
v -1.137707 -0.021951 -0.075056 0.4550 0.4550 0.4550
v -1.137707 -0.021951 -0.075056 0.4550 0.4550 0.4550
v -1.137707 -0.021951 0.082754 0.4550 0.4550 0.4550
v -1.085337 -0.093588 0.082754 0.3608 0.3608 0.3608
v -1.728140 -0.016042 -0.106986 0.0471 0.0471 0.0471
v -2.058139 -0.016042 0.106986 0.0000 0.0000 0.0000
v -2.058139 -0.016042 -0.106986 0.0000 0.0000 0.0000
v -2.058139 -0.016042 0.106986 0.0000 0.0000 0.0000
v -1.728140 -0.016042 -0.106986 0.0471 0.0471 0.0471
v -1.728139 -0.016042 0.106986 0.0471 0.0471 0.0471
v -2.163139 -0.016042 0.106986 0.0000 0.0000 0.0000
v -2.268139 -0.016042 -0.106986 0.0000 0.0000 0.0000
v -2.163139 -0.016042 -0.106986 0.0000 0.0000 0.0000
v -2.268139 -0.016042 -0.106986 0.0000 0.0000 0.0000
v -2.163139 -0.016042 0.106986 0.0000 0.0000 0.0000
v -2.268139 -0.016042 0.106986 0.0000 0.0000 0.0000
v 0.878422 -0.059584 -0.075058 0.0000 0.0000 0.0000
v 0.878422 -0.059584 0.082753 0.0000 0.0000 0.0000
v 0.948421 -0.059584 0.003847 0.0000 0.0000 0.0000
v 0.588421 -0.059584 -0.075058 0.0000 0.0000 0.0000
v 0.878422 -0.059584 0.082753 0.0000 0.0000 0.0000
v 0.878422 -0.059584 -0.075058 0.0000 0.0000 0.0000
v 0.878422 -0.059584 0.082753 0.0000 0.0000 0.0000
v 0.588421 -0.059584 -0.075058 0.0000 0.0000 0.0000
v 0.588422 -0.059584 0.082753 0.0000 0.0000 0.0000
v 0.588422 -0.059584 0.082753 0.0000 0.0000 0.0000
v 0.588421 -0.059584 -0.075058 0.0000 0.0000 0.0000
v -0.520912 -0.059584 -0.075057 0.2078 0.2078 0.2078
v 0.588422 -0.059584 0.082753 0.0000 0.0000 0.0000
v -0.520912 -0.059584 -0.075057 0.2078 0.2078 0.2078
v -0.520912 -0.059584 0.082754 0.2078 0.2078 0.2078
v -1.244521 -0.255190 0.067735 0.2902 0.2902 0.2902
v -1.497622 -0.601970 -0.104894 0.0000 0.0000 0.0000
v -1.497622 -0.601970 0.112592 0.0000 0.0000 0.0000
v -1.497622 -0.601970 -0.104894 0.0000 0.0000 0.0000
v -1.244521 -0.255190 0.067735 0.2902 0.2902 0.2902
v -1.244521 -0.255190 -0.060037 0.2902 0.2902 0.2902
v -0.679603 -0.082736 0.088434 0.3725 0.3725 0.3725
v -1.074058 -0.082736 -0.088434 0.2392 0.2392 0.2392
v -1.074058 -0.082736 0.088434 0.2392 0.2392 0.2392
v -1.074058 -0.082736 -0.088434 0.2392 0.2392 0.2392
v -0.679603 -0.082736 0.088434 0.3725 0.3725 0.3725
v -0.679603 -0.082736 -0.088434 0.3725 0.3725 0.3725
v -1.633708 -0.650747 0.000000 0.0000 0.0000 0.0000
v -1.487400 -0.554837 -0.125718 0.0000 0.0000 0.0000
v -1.577400 -0.644837 -0.125718 0.0000 0.0000 0.0000
v -1.487400 -0.554837 -0.125718 0.0000 0.0000 0.0000
v -1.633708 -0.650747 0.000000 0.0000 0.0000 0.0000
v -1.490617 -0.496846 0.000000 0.0000 0.0000 0.0000
v -1.577400 -0.644837 0.125718 0.0000 0.0000 0.0000
v -1.487400 -0.554837 0.125718 0.0000 0.0000 0.0000
v -1.633708 -0.650747 0.000000 0.0000 0.0000 0.0000
v -1.487400 -0.554837 0.125718 0.0000 0.0000 0.0000
v -1.490617 -0.496846 0.000000 0.0000 0.0000 0.0000
v -1.633708 -0.650747 0.000000 0.0000 0.0000 0.0000
v -0.728076 -0.093588 -0.075057 0.2392 0.2392 0.2392
v -0.648598 -0.093588 0.082754 0.2078 0.2078 0.2078
v -0.648598 -0.093588 -0.075057 0.2078 0.2078 0.2078
v -0.892359 -0.093588 -0.075056 0.2941 0.2941 0.2941
v -0.648598 -0.093588 0.082754 0.2078 0.2078 0.2078
v -0.728076 -0.093588 -0.075057 0.2392 0.2392 0.2392
v -0.648598 -0.093588 0.082754 0.2078 0.2078 0.2078
v -0.892359 -0.093588 -0.075056 0.2941 0.2941 0.2941
v -1.085337 -0.093588 0.082754 0.3608 0.3608 0.3608
v -1.085337 -0.093588 0.082754 0.3608 0.3608 0.3608
v -0.892359 -0.093588 -0.075056 0.2941 0.2941 0.2941
v -1.085337 -0.093588 -0.075056 0.3608 0.3608 0.3608
v -1.000689 0.127637 0.122104 0.4550 0.4550 0.4550
v -1.322427 0.127579 0.122108 0.3568 0.3568 0.3568
v -1.028848 0.100125 0.105759 0.4235 0.4235 0.4235
v -1.028848 0.100125 0.105759 0.4235 0.4235 0.4235
v -1.322427 0.127579 0.122108 0.3568 0.3568 0.3568
v -1.305432 0.100125 0.105759 0.3372 0.3372 0.3372
v -1.028848 0.100125 0.105759 0.4235 0.4235 0.4235
v -0.935685 0.063315 0.122117 0.4196 0.4196 0.4196
v -1.000689 0.127637 0.122104 0.4550 0.4550 0.4550
v -1.028848 0.100125 0.105759 0.4235 0.4235 0.4235
v -1.305432 0.100125 0.105759 0.3372 0.3372 0.3372
v -1.028848 0.100125 0.000000 0.4235 0.4235 0.4235
v -0.935685 0.063315 0.122117 0.4196 0.4196 0.4196
v -1.028848 0.100125 0.105759 0.4235 0.4235 0.4235
v -0.953737 0.032136 0.105759 0.3882 0.3882 0.3882
v -1.028848 0.100125 0.000000 0.4235 0.4235 0.4235
v -0.953737 0.032136 0.105759 0.3882 0.3882 0.3882
v -1.028848 0.100125 0.105759 0.4235 0.4235 0.4235
v -0.702902 0.032136 0.105759 0.4628 0.4628 0.4628
v -0.935685 0.063315 0.122117 0.4196 0.4196 0.4196
v -0.953737 0.032136 0.105759 0.3882 0.3882 0.3882
v -0.702501 0.064422 0.122112 0.4902 0.4902 0.4902
v -0.935685 0.063315 0.122117 0.4196 0.4196 0.4196
v -0.702902 0.032136 0.105759 0.4628 0.4628 0.4628
v -0.953737 0.032136 0.105759 0.3882 0.3882 0.3882
v -1.028848 0.100125 0.000000 0.4235 0.4235 0.4235
v -0.953737 0.032136 0.000000 0.3882 0.3882 0.3882
v -1.028848 0.100125 -0.105759 0.4235 0.4235 0.4235
v -0.953737 0.032136 0.000000 0.3882 0.3882 0.3882
v -1.028848 0.100125 0.000000 0.4235 0.4235 0.4235
v -0.953737 0.032136 0.000000 0.3882 0.3882 0.3882
v -1.028848 0.100125 -0.105759 0.4235 0.4235 0.4235
v -0.953737 0.032136 -0.105759 0.3882 0.3882 0.3882
v -0.702902 0.032136 -0.105759 0.4628 0.4628 0.4628
v -0.953737 0.032136 0.000000 0.3882 0.3882 0.3882
v -0.953737 0.032136 -0.105759 0.3882 0.3882 0.3882
v -0.702902 0.032136 0.105759 0.4628 0.4628 0.4628
v -0.573298 -0.036617 0.122112 0.4471 0.4471 0.4471
v -0.702501 0.064422 0.122112 0.4902 0.4902 0.4902
v -0.702902 0.032136 0.000000 0.4628 0.4628 0.4628
v -0.953737 0.032136 0.000000 0.3882 0.3882 0.3882
v -0.702902 0.032136 -0.105759 0.4628 0.4628 0.4628
v -0.702902 0.032136 0.000000 0.4628 0.4628 0.4628
v -0.953737 0.032136 0.105759 0.3882 0.3882 0.3882
v -0.953737 0.032136 0.000000 0.3882 0.3882 0.3882
v -0.702902 0.032136 0.105759 0.4628 0.4628 0.4628
v -0.953737 0.032136 0.105759 0.3882 0.3882 0.3882
v -0.702902 0.032136 0.000000 0.4628 0.4628 0.4628
v -0.572902 -0.067864 -0.105759 0.4196 0.4196 0.4196
v -0.702902 0.032136 0.000000 0.4628 0.4628 0.4628
v -0.702902 0.032136 -0.105759 0.4628 0.4628 0.4628
v -0.572902 -0.067864 -0.105759 0.4196 0.4196 0.4196
v -0.572902 -0.067864 0.000000 0.4196 0.4196 0.4196
v -0.702902 0.032136 0.000000 0.4628 0.4628 0.4628
v -0.572902 -0.067864 0.000000 0.4196 0.4196 0.4196
v -0.702902 0.032136 0.105759 0.4628 0.4628 0.4628
v -0.702902 0.032136 0.000000 0.4628 0.4628 0.4628
v 0.877764 -0.067864 -0.105760 0.7686 0.7686 0.7686
v -0.572902 -0.067864 0.000000 0.4196 0.4196 0.4196
v -0.572902 -0.067864 -0.105759 0.4196 0.4196 0.4196
v 0.960848 -0.067864 0.000000 0.7843 0.7843 0.7843
v -0.572902 -0.067864 0.000000 0.4196 0.4196 0.4196
v 0.877764 -0.067864 -0.105760 0.7686 0.7686 0.7686
v 0.877765 -0.067864 0.105759 0.7686 0.7686 0.7686
v -0.572902 -0.067864 0.000000 0.4196 0.4196 0.4196
v 0.960848 -0.067864 0.000000 0.7843 0.7843 0.7843
v 0.889248 -0.036099 0.119900 0.7882 0.7882 0.7882
v -0.573298 -0.036617 0.122112 0.4471 0.4471 0.4471
v 0.877765 -0.067864 0.105759 0.7686 0.7686 0.7686
v -0.572902 -0.067864 0.000000 0.4196 0.4196 0.4196
v -0.572902 -0.067864 0.105759 0.4196 0.4196 0.4196
v -0.702902 0.032136 0.105759 0.4628 0.4628 0.4628
v -0.573298 -0.036617 0.122112 0.4471 0.4471 0.4471
v -0.702902 0.032136 0.105759 0.4628 0.4628 0.4628
v -0.572902 -0.067864 0.105759 0.4196 0.4196 0.4196
v -0.572902 -0.067864 0.000000 0.4196 0.4196 0.4196
v 0.877765 -0.067864 0.105759 0.7686 0.7686 0.7686
v -0.572902 -0.067864 0.105759 0.4196 0.4196 0.4196
v 0.877765 -0.067864 0.105759 0.7686 0.7686 0.7686
v -0.573298 -0.036617 0.122112 0.4471 0.4471 0.4471
v -0.572902 -0.067864 0.105759 0.4196 0.4196 0.4196
v -1.786999 -0.354559 -0.081987 0.2706 0.2706 0.2706
v -1.746999 -0.454560 0.089685 0.1137 0.1137 0.1137
v -1.746999 -0.454560 -0.081987 0.1137 0.1137 0.1137
v -1.746999 -0.454560 0.089685 0.1137 0.1137 0.1137
v -1.786999 -0.354559 -0.081987 0.2706 0.2706 0.2706
v -1.786999 -0.354559 0.089685 0.2706 0.2706 0.2706
v -1.786999 -0.354559 -0.081987 0.2706 0.2706 0.2706
v -1.546998 -0.159559 0.089685 0.4275 0.4275 0.4275
v -1.786999 -0.354559 0.089685 0.2706 0.2706 0.2706
v -1.546998 -0.159559 0.089685 0.4275 0.4275 0.4275
v -1.786999 -0.354559 -0.081987 0.2706 0.2706 0.2706
v -1.546998 -0.159559 -0.081987 0.4275 0.4275 0.4275
v -1.546998 -0.159559 -0.081987 0.4275 0.4275 0.4275
v -1.337214 -0.159559 0.089685 0.3608 0.3608 0.3608
v -1.546998 -0.159559 0.089685 0.4275 0.4275 0.4275
v -1.337214 -0.159559 0.089685 0.3608 0.3608 0.3608
v -1.546998 -0.159559 -0.081987 0.4275 0.4275 0.4275
v -1.337214 -0.159559 -0.081987 0.3608 0.3608 0.3608
v -1.173892 -0.008234 0.088434 0.2784 0.2784 0.2784
v -0.725353 -0.008234 0.088434 0.4235 0.4235 0.4235
v -0.725353 -0.008234 -0.088434 0.4235 0.4235 0.4235
v -0.725353 -0.008234 -0.088434 0.4235 0.4235 0.4235
v -1.173892 -0.008234 -0.088434 0.2784 0.2784 0.2784
v -1.173892 -0.008234 0.088434 0.2784 0.2784 0.2784
v -1.173892 -0.008234 0.088434 0.2784 0.2784 0.2784
v -1.173892 -0.008234 -0.088434 0.2784 0.2784 0.2784
v -1.087805 -0.103886 -0.088434 0.2118 0.2118 0.2118
v -1.087805 -0.103886 -0.088434 0.2118 0.2118 0.2118
v -1.087805 -0.103886 0.088434 0.2118 0.2118 0.2118
v -1.173892 -0.008234 0.088434 0.2784 0.2784 0.2784
v -0.609545 -0.103886 -0.088434 0.3765 0.3765 0.3765
v -1.087805 -0.103886 0.088434 0.2118 0.2118 0.2118
v -1.087805 -0.103886 -0.088434 0.2118 0.2118 0.2118
v -0.609545 -0.103886 0.088434 0.3765 0.3765 0.3765
v -1.087805 -0.103886 0.088434 0.2118 0.2118 0.2118
v -0.609545 -0.103886 -0.088434 0.3765 0.3765 0.3765
v 0.630243 -0.138486 -0.088434 0.6785 0.6785 0.6785
v 0.048923 -0.138487 0.088434 0.5412 0.5412 0.5412
v 0.630243 -0.138486 0.088434 0.6785 0.6785 0.6785
v 0.048923 -0.138487 0.088434 0.5412 0.5412 0.5412
v 0.630243 -0.138486 -0.088434 0.6785 0.6785 0.6785
v 0.048923 -0.138487 -0.088434 0.5412 0.5412 0.5412
v -1.319345 0.395283 0.093516 0.2275 0.2275 0.2275
v -1.466282 0.395283 0.154301 0.2314 0.2314 0.2314
v -1.319345 0.329158 0.066126 0.0078 0.0078 0.0078
v -1.319345 0.461409 0.066126 0.4118 0.4118 0.4118
v -1.466282 0.395283 0.154301 0.2314 0.2314 0.2314
v -1.319345 0.395283 0.093516 0.2275 0.2275 0.2275
v -1.319345 0.329158 0.066126 0.0078 0.0078 0.0078
v -1.466282 0.240983 0.000000 0.0000 0.0000 0.0000
v -1.319345 0.301768 0.000000 0.0000 0.0000 0.0000
v -1.466282 0.504391 0.109107 0.5137 0.5137 0.5137
v -1.554672 0.395283 0.154301 0.2353 0.2353 0.2353
v -1.466282 0.395283 0.154301 0.2314 0.2314 0.2314
v -1.554672 0.395283 0.154301 0.2353 0.2353 0.2353
v -1.466282 0.504391 0.109107 0.5137 0.5137 0.5137
v -1.554672 0.504391 0.109107 0.5176 0.5176 0.5176
v -1.466282 0.240983 0.000000 0.0000 0.0000 0.0000
v -1.554672 0.286176 0.109107 0.0000 0.0000 0.0000
v -1.554673 0.240982 0.000000 0.0000 0.0000 0.0000
v -1.554672 0.286176 0.109107 0.0000 0.0000 0.0000
v -1.466282 0.240983 0.000000 0.0000 0.0000 0.0000
v -1.466282 0.286176 0.109107 0.0000 0.0000 0.0000
v -0.997094 0.110327 -0.075056 0.5530 0.5530 0.5530
v -1.306700 0.110174 0.082754 0.6276 0.6276 0.6276
v -0.997093 0.110327 0.082754 0.5530 0.5530 0.5530
v -1.306700 0.110174 0.082754 0.6276 0.6276 0.6276
v -0.997094 0.110327 -0.075056 0.5530 0.5530 0.5530
v -1.306700 0.110174 -0.075056 0.6276 0.6276 0.6276
v -0.997093 0.110327 0.082754 0.5530 0.5530 0.5530
v -0.926108 0.040416 -0.075056 0.4628 0.4628 0.4628
v -0.997094 0.110327 -0.075056 0.5530 0.5530 0.5530
v -1.306700 0.110174 -0.075056 0.6276 0.6276 0.6276
v -1.353677 0.073861 0.082754 0.6079 0.6079 0.6079
v -1.306700 0.110174 0.082754 0.6276 0.6276 0.6276
v -0.926108 0.040416 -0.075056 0.4628 0.4628 0.4628
v -0.997093 0.110327 0.082754 0.5530 0.5530 0.5530
v -0.926108 0.040416 0.082754 0.4628 0.4628 0.4628
v -1.353677 0.073861 0.082754 0.6079 0.6079 0.6079
v -1.306700 0.110174 -0.075056 0.6276 0.6276 0.6276
v -1.353677 0.073861 -0.075056 0.6079 0.6079 0.6079
v -0.926108 0.040416 0.082754 0.4628 0.4628 0.4628
v -0.649488 0.040416 -0.075057 0.3804 0.3804 0.3804
v -0.926108 0.040416 -0.075056 0.4628 0.4628 0.4628
v -1.353677 0.073861 -0.075056 0.6079 0.6079 0.6079
v -1.152691 -0.146050 0.082754 0.3176 0.3176 0.3176
v -1.353677 0.073861 0.082754 0.6079 0.6079 0.6079
v -0.649488 0.040416 -0.075057 0.3804 0.3804 0.3804
v -0.926108 0.040416 0.082754 0.4628 0.4628 0.4628
v -0.649488 0.040416 0.082754 0.3804 0.3804 0.3804
v -0.649488 0.040416 0.082754 0.3804 0.3804 0.3804
v -0.520912 -0.059584 -0.075057 0.2078 0.2078 0.2078
v -0.649488 0.040416 -0.075057 0.3804 0.3804 0.3804
v -0.520912 -0.059584 -0.075057 0.2078 0.2078 0.2078
v -0.649488 0.040416 0.082754 0.3804 0.3804 0.3804
v -0.520912 -0.059584 0.082754 0.2078 0.2078 0.2078
v -1.152691 -0.146050 0.082754 0.3176 0.3176 0.3176
v -1.353677 0.073861 -0.075056 0.6079 0.6079 0.6079
v -1.152691 -0.146050 -0.075056 0.3176 0.3176 0.3176
v -0.917400 -0.146050 0.082754 0.2353 0.2353 0.2353
v -1.152691 -0.146050 0.082754 0.3176 0.3176 0.3176
v -1.152691 -0.146050 -0.075056 0.3176 0.3176 0.3176
v -0.917400 -0.146050 -0.075056 0.2353 0.2353 0.2353
v -0.917400 -0.146050 0.082754 0.2353 0.2353 0.2353
v -1.152691 -0.146050 -0.075056 0.3176 0.3176 0.3176
v -0.819965 -0.197321 0.082754 0.1216 0.1216 0.1216
v -0.917400 -0.146050 0.082754 0.2353 0.2353 0.2353
v -0.917400 -0.146050 -0.075056 0.2353 0.2353 0.2353
v -0.819965 -0.197321 -0.075056 0.1216 0.1216 0.1216
v -0.819965 -0.197321 0.082754 0.1216 0.1216 0.1216
v -0.917400 -0.146050 -0.075056 0.2353 0.2353 0.2353
v -0.737970 -0.196954 -0.075057 0.0863 0.0863 0.0863
v -0.819965 -0.197321 0.082754 0.1216 0.1216 0.1216
v -0.819965 -0.197321 -0.075056 0.1216 0.1216 0.1216
v -0.819965 -0.197321 0.082754 0.1216 0.1216 0.1216
v -0.737970 -0.196954 -0.075057 0.0863 0.0863 0.0863
v -0.649488 -0.196955 0.082754 0.0471 0.0471 0.0471
v -0.649488 -0.196955 -0.075057 0.0471 0.0471 0.0471
v -0.649488 -0.196955 0.082754 0.0471 0.0471 0.0471
v -0.737970 -0.196954 -0.075057 0.0863 0.0863 0.0863
v -0.649488 -0.196955 -0.075057 0.0471 0.0471 0.0471
v -0.520912 -0.232717 0.082754 0.0000 0.0000 0.0000
v -0.649488 -0.196955 0.082754 0.0471 0.0471 0.0471
v -0.520912 -0.232717 0.082754 0.0000 0.0000 0.0000
v -0.649488 -0.196955 -0.075057 0.0471 0.0471 0.0471
v -0.520912 -0.232717 -0.075057 0.0000 0.0000 0.0000
v -1.151196 -0.673537 0.000000 0.0000 0.0000 0.0000
v -1.165593 -0.816042 0.125718 0.0000 0.0000 0.0000
v -1.082249 -0.889692 0.000000 0.0000 0.0000 0.0000
v -1.165593 -0.816042 0.125718 0.0000 0.0000 0.0000
v -1.151196 -0.673537 0.000000 0.0000 0.0000 0.0000
v -1.185593 -0.716042 0.125718 0.0000 0.0000 0.0000
v -1.185593 -0.716042 -0.125718 0.0000 0.0000 0.0000
v -1.151196 -0.673537 0.000000 0.0000 0.0000 0.0000
v -1.165593 -0.816042 -0.125718 0.0000 0.0000 0.0000
v -1.165593 -0.816042 -0.125718 0.0000 0.0000 0.0000
v -1.151196 -0.673537 0.000000 0.0000 0.0000 0.0000
v -1.082249 -0.889692 0.000000 0.0000 0.0000 0.0000
v -0.974000 0.329158 0.066126 0.0039 0.0039 0.0039
v -1.319345 0.329158 0.066126 0.0078 0.0078 0.0078
v -0.974000 0.301768 0.000000 0.0000 0.0000 0.0000
v -1.319345 0.329158 0.066126 0.0078 0.0078 0.0078
v -0.974000 0.395283 0.093516 0.2196 0.2196 0.2196
v -1.319345 0.395283 0.093516 0.2275 0.2275 0.2275
v -0.833600 0.395283 0.143060 0.2157 0.2157 0.2157
v -0.974000 0.329158 0.066126 0.0039 0.0039 0.0039
v -0.833600 0.294125 0.101158 0.0000 0.0000 0.0000
v -0.974000 0.329158 0.066126 0.0039 0.0039 0.0039
v -0.833600 0.252224 0.000000 0.0000 0.0000 0.0000
v -0.833600 0.294125 0.101158 0.0000 0.0000 0.0000
v -0.974000 0.329158 0.066126 0.0039 0.0039 0.0039
v -0.833600 0.395283 0.143060 0.2157 0.2157 0.2157
v -0.974000 0.395283 0.093516 0.2196 0.2196 0.2196
v -0.833600 0.252224 0.000000 0.0000 0.0000 0.0000
v -0.974000 0.329158 0.066126 0.0039 0.0039 0.0039
v -0.974000 0.301768 0.000000 0.0000 0.0000 0.0000
v -0.833600 0.395283 0.143060 0.2157 0.2157 0.2157
v -0.974000 0.461409 0.066126 0.4039 0.4039 0.4039
v -0.974000 0.395283 0.093516 0.2196 0.2196 0.2196
v -0.974000 0.329158 -0.066126 0.0039 0.0039 0.0039
v -0.833600 0.252224 0.000000 0.0000 0.0000 0.0000
v -0.974000 0.301768 0.000000 0.0000 0.0000 0.0000
v -0.974000 0.461409 0.066126 0.4039 0.4039 0.4039
v -0.833600 0.395283 0.143060 0.2157 0.2157 0.2157
v -0.833600 0.496442 0.101158 0.4863 0.4863 0.4863
v -0.833600 0.252224 0.000000 0.0000 0.0000 0.0000
v -0.974000 0.329158 -0.066126 0.0039 0.0039 0.0039
v -0.833600 0.294125 -0.101158 0.0000 0.0000 0.0000
v -0.833600 0.538343 0.000000 0.5764 0.5764 0.5764
v -0.974000 0.461409 0.066126 0.4039 0.4039 0.4039
v -0.833600 0.496442 0.101158 0.4863 0.4863 0.4863
v -0.974000 0.329158 -0.066126 0.0039 0.0039 0.0039
v -0.833600 0.395283 -0.143060 0.2157 0.2157 0.2157
v -0.833600 0.294125 -0.101158 0.0000 0.0000 0.0000
v -0.974000 0.461409 0.066126 0.4039 0.4039 0.4039
v -0.833600 0.538343 0.000000 0.5764 0.5764 0.5764
v -0.974000 0.488799 0.000000 0.4706 0.4706 0.4706
v -0.833600 0.395283 -0.143060 0.2157 0.2157 0.2157
v -0.974000 0.329158 -0.066126 0.0039 0.0039 0.0039
v -0.974000 0.395283 -0.093516 0.2196 0.2196 0.2196
v -0.833600 0.538343 0.000000 0.5764 0.5764 0.5764
v -0.974000 0.461409 -0.066126 0.4039 0.4039 0.4039
v -0.974000 0.488799 0.000000 0.4706 0.4706 0.4706
v -0.974000 0.461409 -0.066126 0.4039 0.4039 0.4039
v -0.833600 0.395283 -0.143060 0.2157 0.2157 0.2157
v -0.974000 0.395283 -0.093516 0.2196 0.2196 0.2196
v -0.833600 0.496442 -0.101158 0.4863 0.4863 0.4863
v -0.974000 0.461409 -0.066126 0.4039 0.4039 0.4039
v -0.833600 0.538343 0.000000 0.5764 0.5764 0.5764
v -0.833600 0.395283 -0.143060 0.2157 0.2157 0.2157
v -0.974000 0.461409 -0.066126 0.4039 0.4039 0.4039
v -0.833600 0.496442 -0.101158 0.4863 0.4863 0.4863
v -1.765712 0.188478 -0.064564 0.7843 0.7843 0.7843
v -1.705712 0.139437 0.091459 0.7372 0.7372 0.7372
v -1.705712 0.139437 -0.083761 0.7372 0.7372 0.7372
v -1.705712 0.139437 0.091459 0.7372 0.7372 0.7372
v -1.765712 0.188478 -0.064564 0.7843 0.7843 0.7843
v -1.765712 0.188478 0.072263 0.7843 0.7843 0.7843
v -0.974000 0.461409 0.066126 0.4039 0.4039 0.4039
v -1.319345 0.461409 0.066126 0.4118 0.4118 0.4118
v -0.974000 0.395283 0.093516 0.2196 0.2196 0.2196
v -0.974000 0.395283 0.093516 0.2196 0.2196 0.2196
v -1.319345 0.461409 0.066126 0.4118 0.4118 0.4118
v -1.319345 0.395283 0.093516 0.2275 0.2275 0.2275
v -0.974000 0.395283 0.093516 0.2196 0.2196 0.2196
v -1.319345 0.329158 0.066126 0.0078 0.0078 0.0078
v -0.974000 0.329158 0.066126 0.0039 0.0039 0.0039
v -0.974000 0.301768 0.000000 0.0000 0.0000 0.0000
v -1.319345 0.329158 0.066126 0.0078 0.0078 0.0078
v -1.319345 0.301768 0.000000 0.0000 0.0000 0.0000
v -1.319345 0.329158 -0.066126 0.0078 0.0078 0.0078
v -0.974000 0.301768 0.000000 0.0000 0.0000 0.0000
v -1.319345 0.301768 0.000000 0.0000 0.0000 0.0000
v -0.974000 0.301768 0.000000 0.0000 0.0000 0.0000
v -1.319345 0.329158 -0.066126 0.0078 0.0078 0.0078
v -0.974000 0.329158 -0.066126 0.0039 0.0039 0.0039
v -0.974000 0.329158 -0.066126 0.0039 0.0039 0.0039
v -1.319345 0.329158 -0.066126 0.0078 0.0078 0.0078
v -0.974000 0.395283 -0.093516 0.2196 0.2196 0.2196
v -0.974000 0.395283 -0.093516 0.2196 0.2196 0.2196
v -1.319345 0.329158 -0.066126 0.0078 0.0078 0.0078
v -1.319345 0.395283 -0.093516 0.2275 0.2275 0.2275
v -1.319345 0.395283 -0.093516 0.2275 0.2275 0.2275
v -0.974000 0.461409 -0.066126 0.4039 0.4039 0.4039
v -0.974000 0.395283 -0.093516 0.2196 0.2196 0.2196
v -1.319345 0.488799 0.000000 0.4784 0.4784 0.4784
v -0.974000 0.461409 -0.066126 0.4039 0.4039 0.4039
v -1.319345 0.461409 -0.066126 0.4118 0.4118 0.4118
v -0.974000 0.461409 -0.066126 0.4039 0.4039 0.4039
v -1.319345 0.488799 0.000000 0.4784 0.4784 0.4784
v -0.974000 0.488799 0.000000 0.4706 0.4706 0.4706
v -0.679603 -0.082736 -0.088434 0.3725 0.3725 0.3725
v -0.679603 -0.082736 0.088434 0.3725 0.3725 0.3725
v -0.736786 -0.031007 0.088434 0.4000 0.4000 0.4000
v -0.679603 -0.082736 -0.088434 0.3725 0.3725 0.3725
v -0.736786 -0.031007 0.088434 0.4000 0.4000 0.4000
v -0.736786 -0.031007 -0.088434 0.4000 0.4000 0.4000
v -0.648598 -0.093588 0.082754 0.2078 0.2078 0.2078
v -0.727707 -0.021951 -0.075057 0.3294 0.3294 0.3294
v -0.648598 -0.093588 -0.075057 0.2078 0.2078 0.2078
v -0.727707 -0.021951 -0.075057 0.3294 0.3294 0.3294
v -0.648598 -0.093588 0.082754 0.2078 0.2078 0.2078
v -0.727707 -0.021951 0.082754 0.3294 0.3294 0.3294
v -1.319345 0.461409 -0.066126 0.4118 0.4118 0.4118
v -1.466282 0.549584 0.000000 0.6118 0.6118 0.6118
v -1.319345 0.488799 0.000000 0.4784 0.4784 0.4784
v -1.466282 0.549584 0.000000 0.6118 0.6118 0.6118
v -1.319345 0.461409 -0.066126 0.4118 0.4118 0.4118
v -1.466282 0.504391 -0.109107 0.5137 0.5137 0.5137
v -1.319345 0.488799 0.000000 0.4784 0.4784 0.4784
v -1.466282 0.549584 0.000000 0.6118 0.6118 0.6118
v -1.319345 0.461409 0.066126 0.4118 0.4118 0.4118
v -1.466282 0.395283 -0.154301 0.2314 0.2314 0.2314
v -1.554672 0.395283 -0.154301 0.2353 0.2353 0.2353
v -1.466282 0.504391 -0.109107 0.5137 0.5137 0.5137
v -1.319345 0.461409 0.066126 0.4118 0.4118 0.4118
v -1.466282 0.549584 0.000000 0.6118 0.6118 0.6118
v -1.466282 0.504391 0.109107 0.5137 0.5137 0.5137
v -1.466282 0.395283 0.154301 0.2314 0.2314 0.2314
v -1.319345 0.461409 0.066126 0.4118 0.4118 0.4118
v -1.466282 0.504391 0.109107 0.5137 0.5137 0.5137
v -1.466282 0.549584 0.000000 0.6118 0.6118 0.6118
v -1.554672 0.504391 0.109107 0.5176 0.5176 0.5176
v -1.466282 0.504391 0.109107 0.5137 0.5137 0.5137
v -1.554672 0.504391 0.109107 0.5176 0.5176 0.5176
v -1.466282 0.549584 0.000000 0.6118 0.6118 0.6118
v -1.554673 0.549584 0.000000 0.6118 0.6118 0.6118
v -1.319345 0.329158 0.066126 0.0078 0.0078 0.0078
v -1.466282 0.395283 0.154301 0.2314 0.2314 0.2314
v -1.466282 0.286176 0.109107 0.0000 0.0000 0.0000
v -1.466282 0.395283 0.154301 0.2314 0.2314 0.2314
v -1.554672 0.395283 0.154301 0.2353 0.2353 0.2353
v -1.466282 0.286176 0.109107 0.0000 0.0000 0.0000
v -1.466282 0.286176 0.109107 0.0000 0.0000 0.0000
v -1.554672 0.395283 0.154301 0.2353 0.2353 0.2353
v -1.554672 0.286176 0.109107 0.0000 0.0000 0.0000
v -1.466282 0.240983 0.000000 0.0000 0.0000 0.0000
v -1.319345 0.329158 0.066126 0.0078 0.0078 0.0078
v -1.466282 0.286176 0.109107 0.0000 0.0000 0.0000
v -1.319345 0.301768 0.000000 0.0000 0.0000 0.0000
v -1.466282 0.240983 0.000000 0.0000 0.0000 0.0000
v -1.319345 0.329158 -0.066126 0.0078 0.0078 0.0078
v -1.466282 0.395283 -0.154301 0.2314 0.2314 0.2314
v -1.319345 0.329158 -0.066126 0.0078 0.0078 0.0078
v -1.466282 0.286176 -0.109107 0.0000 0.0000 0.0000
v -1.319345 0.329158 -0.066126 0.0078 0.0078 0.0078
v -1.466282 0.240983 0.000000 0.0000 0.0000 0.0000
v -1.466282 0.286176 -0.109107 0.0000 0.0000 0.0000
v -1.466282 0.240983 0.000000 0.0000 0.0000 0.0000
v -1.554673 0.240982 0.000000 0.0000 0.0000 0.0000
v -1.466282 0.286176 -0.109107 0.0000 0.0000 0.0000
v -1.466282 0.286176 -0.109107 0.0000 0.0000 0.0000
v -1.554673 0.240982 0.000000 0.0000 0.0000 0.0000
v -1.554673 0.286176 -0.109107 0.0000 0.0000 0.0000
v -1.554672 0.395283 -0.154301 0.2353 0.2353 0.2353
v -1.466282 0.286176 -0.109107 0.0000 0.0000 0.0000
v -1.554673 0.286176 -0.109107 0.0000 0.0000 0.0000
v -1.185593 -0.716042 0.125718 0.0000 0.0000 0.0000
v -1.151196 -0.673537 0.000000 0.0000 0.0000 0.0000
v -1.320907 -0.585191 0.000000 0.0000 0.0000 0.0000
v -1.185593 -0.716042 0.125718 0.0000 0.0000 0.0000
v -1.320907 -0.585191 0.000000 0.0000 0.0000 0.0000
v -1.336497 -0.630439 0.125718 0.0000 0.0000 0.0000
v -1.185593 -0.716042 -0.125718 0.0000 0.0000 0.0000
v -1.320907 -0.585191 0.000000 0.0000 0.0000 0.0000
v -1.151196 -0.673537 0.000000 0.0000 0.0000 0.0000
v -1.320907 -0.585191 0.000000 0.0000 0.0000 0.0000
v -1.185593 -0.716042 -0.125718 0.0000 0.0000 0.0000
v -1.336497 -0.630439 -0.125718 0.0000 0.0000 0.0000
v -1.336497 -0.630439 -0.125718 0.0000 0.0000 0.0000
v -1.490617 -0.496846 0.000000 0.0000 0.0000 0.0000
v -1.320907 -0.585191 0.000000 0.0000 0.0000 0.0000
v -1.490617 -0.496846 0.000000 0.0000 0.0000 0.0000
v -1.336497 -0.630439 -0.125718 0.0000 0.0000 0.0000
v -1.487400 -0.554837 -0.125718 0.0000 0.0000 0.0000
v -1.336497 -0.630439 0.125718 0.0000 0.0000 0.0000
v -1.320907 -0.585191 0.000000 0.0000 0.0000 0.0000
v -1.490617 -0.496846 0.000000 0.0000 0.0000 0.0000
v -1.336497 -0.630439 0.125718 0.0000 0.0000 0.0000
v -1.490617 -0.496846 0.000000 0.0000 0.0000 0.0000
v -1.487400 -0.554837 0.125718 0.0000 0.0000 0.0000
v -2.286334 0.041428 0.106986 0.0000 0.0000 0.0000
v -1.697406 0.041428 0.106986 0.1333 0.1333 0.1333
v -1.697406 0.041428 -0.106986 0.1333 0.1333 0.1333
v -1.697406 0.041428 -0.106986 0.1333 0.1333 0.1333
v -2.286335 0.041428 -0.106986 0.0000 0.0000 0.0000
v -2.286334 0.041428 0.106986 0.0000 0.0000 0.0000
v -1.697406 0.041428 -0.106986 0.1333 0.1333 0.1333
v -1.697406 0.041428 0.106986 0.1333 0.1333 0.1333
v -1.604143 -0.072162 0.106986 0.0314 0.0314 0.0314
v -1.604143 -0.072162 0.106986 0.0314 0.0314 0.0314
v -1.604143 -0.072162 -0.106986 0.0314 0.0314 0.0314
v -1.697406 0.041428 -0.106986 0.1333 0.1333 0.1333
v -1.914586 -0.330320 0.106986 0.0000 0.0000 0.0000
v -1.604143 -0.072162 -0.106986 0.0314 0.0314 0.0314
v -1.604143 -0.072162 0.106986 0.0314 0.0314 0.0314
v -1.604143 -0.072162 -0.106986 0.0314 0.0314 0.0314
v -1.914586 -0.330320 0.106986 0.0000 0.0000 0.0000
v -1.914586 -0.330320 -0.106986 0.0000 0.0000 0.0000
v -1.914586 -0.330320 0.106986 0.0000 0.0000 0.0000
v -1.862954 -0.423257 -0.106986 0.0000 0.0000 0.0000
v -1.914586 -0.330320 -0.106986 0.0000 0.0000 0.0000
v -1.862954 -0.423257 -0.106986 0.0000 0.0000 0.0000
v -1.914586 -0.330320 0.106986 0.0000 0.0000 0.0000
v -1.862954 -0.423257 0.106986 0.0000 0.0000 0.0000
v -1.719536 -0.388267 0.000000 0.0000 0.0000 0.0000
v -1.629085 -0.553365 0.000000 0.0000 0.0000 0.0000
v -1.700894 -0.511437 -0.125718 0.0000 0.0000 0.0000
v -1.719536 -0.388267 0.000000 0.0000 0.0000 0.0000
v -1.700894 -0.511437 -0.125718 0.0000 0.0000 0.0000
v -1.750894 -0.421437 -0.125718 0.0000 0.0000 0.0000
v -1.719536 -0.388267 0.000000 0.0000 0.0000 0.0000
v -1.700894 -0.511437 0.125718 0.0000 0.0000 0.0000
v -1.629085 -0.553365 0.000000 0.0000 0.0000 0.0000
v -1.700894 -0.511437 0.125718 0.0000 0.0000 0.0000
v -1.719536 -0.388267 0.000000 0.0000 0.0000 0.0000
v -1.750894 -0.421437 0.125718 0.0000 0.0000 0.0000
v -2.055981 0.248339 0.000000 0.2039 0.2039 0.2039
v -2.048139 0.107934 0.125718 0.0314 0.0314 0.0314
v -1.957073 0.045179 0.000000 0.0039 0.0039 0.0039
v -2.048139 0.107934 0.125718 0.0314 0.0314 0.0314
v -2.055981 0.248339 0.000000 0.2039 0.2039 0.2039
v -2.088139 0.193959 0.125718 0.1294 0.1294 0.1294
v -2.048140 0.107934 -0.125718 0.0314 0.0314 0.0314
v -2.055981 0.248339 0.000000 0.2039 0.2039 0.2039
v -1.957073 0.045179 0.000000 0.0039 0.0039 0.0039
v -2.088140 0.193959 -0.125718 0.1294 0.1294 0.1294
v -2.055981 0.248339 0.000000 0.2039 0.2039 0.2039
v -2.048140 0.107934 -0.125718 0.0314 0.0314 0.0314
v -0.005574 -0.096114 0.088434 0.5569 0.5569 0.5569
v 0.607669 -0.092917 0.088434 0.7020 0.7020 0.7020
v 0.607669 -0.092917 -0.088434 0.7020 0.7020 0.7020
v 0.607669 -0.092917 -0.088434 0.7020 0.7020 0.7020
v -0.005574 -0.096114 -0.088434 0.5569 0.5569 0.5569
v -0.005574 -0.096114 0.088434 0.5569 0.5569 0.5569
v 0.039827 -0.155335 -0.088434 0.5255 0.5255 0.5255
v -0.005574 -0.096114 0.088434 0.5569 0.5569 0.5569
v -0.005574 -0.096114 -0.088434 0.5569 0.5569 0.5569
v -0.005574 -0.096114 0.088434 0.5569 0.5569 0.5569
v 0.039827 -0.155335 -0.088434 0.5255 0.5255 0.5255
v 0.039827 -0.155335 0.088434 0.5255 0.5255 0.5255
v 0.684779 -0.151633 -0.088434 0.6824 0.6824 0.6824
v 0.039827 -0.155335 0.088434 0.5255 0.5255 0.5255
v 0.039827 -0.155335 -0.088434 0.5255 0.5255 0.5255
v 0.039827 -0.155335 0.088434 0.5255 0.5255 0.5255
v 0.684779 -0.151633 -0.088434 0.6824 0.6824 0.6824
v 0.684779 -0.151633 0.088434 0.6824 0.6824 0.6824
v -1.928541 -0.277762 -0.106986 0.0000 0.0000 0.0000
v -2.058139 -0.016042 0.106986 0.0000 0.0000 0.0000
v -1.932207 -0.277794 0.106986 0.0000 0.0000 0.0000
v -2.058139 -0.016042 0.106986 0.0000 0.0000 0.0000
v -1.928541 -0.277762 -0.106986 0.0000 0.0000 0.0000
v -2.058139 -0.016042 -0.106986 0.0000 0.0000 0.0000
v -2.268139 -0.016042 -0.106986 0.0000 0.0000 0.0000
v -2.268139 -0.016042 0.106986 0.0000 0.0000 0.0000
v -2.318139 -0.066042 0.106986 0.0000 0.0000 0.0000
v -2.268139 -0.016042 -0.106986 0.0000 0.0000 0.0000
v -2.318139 -0.066042 0.106986 0.0000 0.0000 0.0000
v -2.318139 -0.066042 -0.106986 0.0000 0.0000 0.0000
v -2.318139 -0.066042 -0.106986 0.0000 0.0000 0.0000
v -2.318139 -0.066042 0.106986 0.0000 0.0000 0.0000
v -2.250911 -0.232959 -0.106986 0.0000 0.0000 0.0000
v -2.250911 -0.232959 -0.106986 0.0000 0.0000 0.0000
v -2.318139 -0.066042 0.106986 0.0000 0.0000 0.0000
v -2.250910 -0.232959 0.106986 0.0000 0.0000 0.0000
v -2.250910 -0.232959 0.106986 0.0000 0.0000 0.0000
v -1.970995 -0.337718 -0.106986 0.0000 0.0000 0.0000
v -2.250911 -0.232959 -0.106986 0.0000 0.0000 0.0000
v -1.970995 -0.337718 -0.106986 0.0000 0.0000 0.0000
v -2.250910 -0.232959 0.106986 0.0000 0.0000 0.0000
v -1.970995 -0.337718 0.106986 0.0000 0.0000 0.0000
v -1.750894 -0.421437 -0.125718 0.0000 0.0000 0.0000
v -1.865317 -0.384723 0.000000 0.0000 0.0000 0.0000
v -1.719536 -0.388267 0.000000 0.0000 0.0000 0.0000
v -1.865317 -0.384723 0.000000 0.0000 0.0000 0.0000
v -1.750894 -0.421437 0.125718 0.0000 0.0000 0.0000
v -1.719536 -0.388267 0.000000 0.0000 0.0000 0.0000
v -1.865317 -0.384723 0.000000 0.0000 0.0000 0.0000
v -1.750894 -0.421437 -0.125718 0.0000 0.0000 0.0000
v -1.875593 -0.416042 -0.125718 0.0000 0.0000 0.0000
v -1.750894 -0.421437 0.125718 0.0000 0.0000 0.0000
v -1.865317 -0.384723 0.000000 0.0000 0.0000 0.0000
v -1.875593 -0.416042 0.125718 0.0000 0.0000 0.0000
v -1.875593 -0.416042 -0.125718 0.0000 0.0000 0.0000
v -2.305628 -0.219408 0.000000 0.0000 0.0000 0.0000
v -1.865317 -0.384723 0.000000 0.0000 0.0000 0.0000
v -1.865317 -0.384723 0.000000 0.0000 0.0000 0.0000
v -2.305628 -0.219408 0.000000 0.0000 0.0000 0.0000
v -1.875593 -0.416042 0.125718 0.0000 0.0000 0.0000
v -2.305628 -0.219408 0.000000 0.0000 0.0000 0.0000
v -1.875593 -0.416042 -0.125718 0.0000 0.0000 0.0000
v -2.345593 -0.266042 -0.125718 0.0000 0.0000 0.0000
v -1.875593 -0.416042 0.125718 0.0000 0.0000 0.0000
v -2.305628 -0.219408 0.000000 0.0000 0.0000 0.0000
v -2.345593 -0.266042 0.125718 0.0000 0.0000 0.0000
v -2.345593 -0.266042 -0.125718 0.0000 0.0000 0.0000
v -2.485593 0.053958 -0.125718 0.0000 0.0000 0.0000
v -2.305628 -0.219408 0.000000 0.0000 0.0000 0.0000
v -2.305628 -0.219408 0.000000 0.0000 0.0000 0.0000
v -2.485593 0.053958 0.125718 0.0000 0.0000 0.0000
v -2.345593 -0.266042 0.125718 0.0000 0.0000 0.0000
v -2.415929 0.045179 0.000000 0.0000 0.0000 0.0000
v -2.305628 -0.219408 0.000000 0.0000 0.0000 0.0000
v -2.485593 0.053958 -0.125718 0.0000 0.0000 0.0000
v -2.485593 0.053958 0.125718 0.0000 0.0000 0.0000
v -2.305628 -0.219408 0.000000 0.0000 0.0000 0.0000
v -2.415929 0.045179 0.000000 0.0000 0.0000 0.0000
v -2.426867 0.108225 -0.125718 0.0000 0.0000 0.0000
v -2.415929 0.045179 0.000000 0.0000 0.0000 0.0000
v -2.485593 0.053958 -0.125718 0.0000 0.0000 0.0000
v -2.415929 0.045179 0.000000 0.0000 0.0000 0.0000
v -2.426867 0.108225 0.125718 0.0000 0.0000 0.0000
v -2.485593 0.053958 0.125718 0.0000 0.0000 0.0000
v -2.048140 0.107934 -0.125718 0.0314 0.0314 0.0314
v -2.415929 0.045179 0.000000 0.0000 0.0000 0.0000
v -2.426867 0.108225 -0.125718 0.0000 0.0000 0.0000
v -2.415929 0.045179 0.000000 0.0000 0.0000 0.0000
v -2.048139 0.107934 0.125718 0.0314 0.0314 0.0314
v -2.426867 0.108225 0.125718 0.0000 0.0000 0.0000
v -2.415929 0.045179 0.000000 0.0000 0.0000 0.0000
v -2.048140 0.107934 -0.125718 0.0314 0.0314 0.0314
v -1.957073 0.045179 0.000000 0.0039 0.0039 0.0039
v -2.048139 0.107934 0.125718 0.0314 0.0314 0.0314
v -2.415929 0.045179 0.000000 0.0000 0.0000 0.0000
v -1.957073 0.045179 0.000000 0.0039 0.0039 0.0039
v 0.592800 -0.108695 0.088434 0.6902 0.6902 0.6902
v 0.630243 -0.138486 -0.088434 0.6785 0.6785 0.6785
v 0.630243 -0.138486 0.088434 0.6785 0.6785 0.6785
v 0.630243 -0.138486 -0.088434 0.6785 0.6785 0.6785
v 0.592800 -0.108695 0.088434 0.6902 0.6902 0.6902
v 0.592800 -0.108695 -0.088434 0.6902 0.6902 0.6902
v 0.602293 -0.101951 0.082753 0.0000 0.0000 0.0000
v 0.002294 -0.101951 -0.075057 0.0000 0.0000 0.0000
v 0.602293 -0.101951 -0.075058 0.0000 0.0000 0.0000
v 0.002294 -0.101951 -0.075057 0.0000 0.0000 0.0000
v 0.602293 -0.101951 0.082753 0.0000 0.0000 0.0000
v 0.002294 -0.101951 0.082753 0.0000 0.0000 0.0000
v 0.602293 -0.101951 0.082753 0.0000 0.0000 0.0000
v 0.602293 -0.101951 -0.075058 0.0000 0.0000 0.0000
v 0.672293 -0.146900 0.082753 0.0000 0.0000 0.0000
v 0.672293 -0.146900 -0.075058 0.0000 0.0000 0.0000
v 0.672293 -0.146900 0.082753 0.0000 0.0000 0.0000
v 0.602293 -0.101951 -0.075058 0.0000 0.0000 0.0000
v 0.672293 -0.146900 -0.075058 0.0000 0.0000 0.0000
v 0.042293 -0.146900 -0.075057 0.0000 0.0000 0.0000
v 0.672293 -0.146900 0.082753 0.0000 0.0000 0.0000
v 0.672293 -0.146900 0.082753 0.0000 0.0000 0.0000
v 0.042293 -0.146900 -0.075057 0.0000 0.0000 0.0000
v 0.042293 -0.146900 0.082753 0.0000 0.0000 0.0000
vn 0.4139 -0.0005 -0.9103
vn 1.0000 -0.0003 -0.0004
vn 1.0000 -0.0004 -0.0004
vn 1.0000 -0.0005 -0.0004
vn 0.4139 -0.0005 0.9103
vn 1.0000 -0.0004 -0.0005
vn 1.0000 -0.0005 -0.0005
vn 0.6857 -0.4892 -0.5390
vn 0.8141 -0.5807 -0.0005
vn 0.6856 -0.4892 -0.5390
vn 0.8142 -0.5807 -0.0005
vn 0.8142 -0.5806 -0.0005
vn 0.6857 -0.4892 0.5391
vn 0.6856 -0.4892 0.5390
vn 0.6857 0.4892 -0.5390
vn 0.6857 0.4891 -0.5390
vn 0.6856 0.4892 0.5390
vn 0.6857 0.4892 0.5391
vn 0.6856 0.4892 0.5391
vn 0.6857 0.4892 0.5390
vn -0.0000 1.0000 -0.0000
vn 0.3883 -0.9215 0.0083
vn 0.6988 -0.7154 -0.0005
vn 0.6987 -0.7153 0.0142
vn 0.6987 -0.7154 -0.0005
vn 0.3797 -0.9251 -0.0005
vn 0.3883 -0.9215 -0.0083
vn 0.6987 -0.7153 -0.0142
vn -0.0005 0.0005 -1.0000
vn 0.7951 0.0060 -0.6064
vn 0.7951 0.0005 -0.6064
vn 0.7178 -0.0000 -0.6962
vn 0.7951 0.0005 -0.6065
vn 0.7178 0.0005 -0.6963
vn 0.7951 -0.0005 0.6065
vn 0.7178 -0.0000 0.6963
vn 0.7951 0.0060 0.6064
vn 0.0005 -0.0005 1.0000
vn 0.7178 -0.0005 0.6962
vn 0.7951 -0.0000 0.6064
vn -0.9620 -0.2732 0.0004
vn -0.9603 0.2791 0.0005
vn 0.0044 -1.0000 0.0005
vn -0.4657 -0.8849 0.0005
vn 0.0034 -0.9333 -0.3590
vn 0.0034 -0.9333 0.3590
vn -0.4158 -0.8038 -0.4255
vn -0.4158 -0.8038 0.4256
vn -0.5908 -0.8068 0.0005
vn -0.4158 -0.8037 -0.4256
vn -0.4158 -0.8037 0.4256
vn -0.4656 -0.8850 0.0005
vn -0.5329 -0.7263 -0.4342
vn -0.5329 -0.7263 0.4342
vn 0.0718 -0.8978 -0.4345
vn -0.5328 -0.7263 -0.4342
vn -0.5328 -0.7263 0.4342
vn 0.0718 -0.8978 0.4345
vn 0.0767 -0.9971 -0.0005
vn -0.1070 -0.8796 -0.4634
vn 0.0719 -0.8978 -0.4345
vn -0.1070 -0.8796 0.4634
vn 0.0719 -0.8978 0.4345
vn -0.1069 -0.8796 -0.4635
vn -0.1275 -0.9918 -0.0005
vn -0.1069 -0.8796 0.4635
vn -0.1274 -0.9918 -0.0005
vn -0.7478 -0.5153 -0.4186
vn -0.1070 -0.8796 -0.4635
vn -0.1274 -0.9919 -0.0005
vn -0.1070 -0.8796 0.4635
vn -0.7478 -0.5153 0.4186
vn -0.8262 -0.5634 0.0005
vn -0.8262 -0.5633 0.0005
vn -0.9867 0.1627 0.0005
vn -0.9867 0.1628 0.0005
vn -0.8840 0.1461 -0.4441
vn -0.8840 0.1461 0.4441
vn -0.4002 0.8086 -0.4314
vn -0.8839 0.1461 -0.4442
vn -0.4002 0.8085 0.4314
vn -0.8839 0.1461 0.4442
vn -0.4001 0.8086 -0.4314
vn -0.4458 0.8951 0.0005
vn -0.9867 0.1627 0.0004
vn -0.4001 0.8086 0.4314
vn -0.4459 0.8951 0.0005
vn -0.0005 0.9178 -0.3971
vn 0.0006 0.9178 0.3971
vn -0.0005 1.0000 0.0005
vn 0.0005 0.9178 0.3971
vn 0.9535 -0.3015 -0.0005
vn 0.3189 0.9478 -0.0005
vn 0.6423 0.7664 -0.0005
vn 0.6417 0.7668 0.0132
vn 0.6417 0.7668 -0.0132
vn -0.8586 -0.5126 0.0004
vn -0.4990 -0.8666 0.0005
vn -0.4990 -0.8666 -0.0000
vn 0.7861 0.6181 -0.0004
vn -0.9603 0.2790 0.0005
vn -0.3541 0.9352 0.0005
vn -0.9603 0.2790 0.0004
vn 0.4127 0.9109 -0.0005
vn 0.4127 0.9109 -0.0000
vn 0.9199 -0.3922 -0.0004
vn 0.9199 -0.3922 -0.0000
vn -0.2535 -0.9021 -0.3492
vn -0.2535 -0.9021 0.3492
vn -0.7070 -0.6171 0.3455
vn -0.7070 -0.6170 0.3455
vn -0.7070 -0.6171 -0.3454
vn -0.7070 -0.6171 -0.3455
vn -0.0000 -0.0000 -0.0000
vn -0.6705 0.7418 -0.0054
vn -0.9949 0.1011 -0.0034
vn -0.9949 0.1011 -0.0000
vn -0.4587 -0.8886 0.0005
vn -0.9949 0.1012 -0.0034
vn -0.4587 -0.8886 -0.0000
vn -0.6706 0.7418 -0.0054
vn -0.0005 1.0000 -0.0004
vn -0.0005 0.7071 0.7071
vn 0.0044 0.0503 0.9987
vn -0.1569 0.7003 0.6964
vn -0.1607 -0.0005 0.9870
vn 0.0122 0.7324 0.6807
vn 0.0122 0.7325 0.6806
vn -0.1539 0.9881 0.0005
vn 0.0122 0.7325 0.6807
vn 0.0191 0.9998 -0.0005
vn 0.0190 0.9998 -0.0005
vn 0.0122 0.7325 -0.6807
vn -0.1539 0.9881 0.0004
vn 0.0122 0.7325 -0.6806
vn -0.1569 0.7003 -0.6964
vn 0.0123 0.7324 -0.6807
vn 0.0044 0.0503 -0.9987
vn -0.1607 -0.0005 -0.9870
vn 0.0161 -0.6826 -0.7306
vn -0.1539 -0.7021 -0.6953
vn 0.0162 -0.6827 -0.7305
vn 0.0298 -0.9996 -0.0005
vn -0.1539 -0.7021 -0.6952
vn -0.1480 -0.9890 0.0005
vn -0.1539 -0.7021 0.6953
vn -0.1539 -0.7021 0.6952
vn 0.0161 -0.6827 0.7305
vn 0.0161 -0.6826 0.7306
vn -0.1606 -0.0005 0.9870
vn 0.0034 -1.0000 0.0005
vn -0.3825 -0.9239 0.0005
vn -0.3825 -0.9239 -0.0005
vn -0.0005 -1.0000 0.0005
vn 0.3882 -0.9215 -0.0083
vn 0.3882 -0.9215 0.0083
vn 0.9464 -0.3229 -0.0004
vn 0.3405 0.9403 -0.0005
vn 0.9464 -0.3229 -0.0005
vn -0.8047 0.5937 -0.0005
vn -0.9219 0.3875 -0.0005
vn -0.8047 0.5936 -0.0004
vn -0.9884 0.1520 -0.0006
vn -0.9219 0.3874 -0.0005
vn -0.9884 0.1519 -0.0004
vn 0.0005 0.7071 -0.7071
vn 0.0005 0.0005 -1.0000
vn 0.0005 1.0000 -0.0005
vn 0.0005 1.0000 0.0005
vn 0.4333 0.9013 -0.0005
vn 0.4333 0.9013 -0.0000
vn 0.4333 0.9012 -0.0004
vn 0.4333 0.9012 -0.0005
vn 0.4333 0.9012 -0.0000
vn -0.4321 0.9018 0.0005
vn -0.4321 0.9018 0.0004
vn -0.9913 0.1314 0.0005
vn -0.9139 -0.4059 0.0005
vn -0.9139 -0.4059 0.0006
vn -0.8916 0.4529 0.0005
vn 0.3618 0.9322 -0.0005
vn -0.0005 1.0000 -0.0005
vn 0.0005 -1.0000 0.0005
vn 0.9215 -0.3883 -0.0005
vn 0.9216 -0.3882 -0.0006
vn 0.8047 0.5936 0.0004
vn 0.9219 0.3875 0.0005
vn 0.9884 0.1520 0.0006
vn 0.9219 0.3874 0.0005
vn 0.3826 -0.6533 -0.6533
vn 0.1871 -0.0005 -0.9823
vn 0.3826 -0.0005 -0.9239
vn 0.3826 0.6533 -0.6533
vn 0.1872 0.6946 -0.6946
vn 0.1872 -0.6946 -0.6946
vn -0.0005 -0.0005 -1.0000
vn -0.0004 -0.0004 -1.0000
vn 0.1870 0.9824 -0.0005
vn 0.1871 0.9823 -0.0005
vn 0.0005 0.0005 1.0000
vn 0.0004 0.7071 0.7071
vn 0.0005 0.7071 0.7071
vn 0.0005 1.0000 0.0004
vn -0.0005 -0.0004 -1.0000
vn -0.0005 0.0004 -1.0000
vn -0.0005 -0.7071 -0.7071
vn -0.0005 -1.0000 0.0004
vn -0.0005 -1.0000 -0.0005
vn -0.0005 -1.0000 -0.0004
vn 0.0005 -0.7071 0.7071
vn 0.0005 0.0004 1.0000
vn 0.8916 0.4529 -0.0005
vn 0.0005 0.4285 -0.9035
vn 0.0005 0.4286 -0.9035
vn 0.0005 0.4285 0.9035
vn 0.0005 0.4286 0.9035
vn 0.9660 -0.2585 -0.0005
vn 0.9676 0.2525 -0.0006
vn 0.9660 -0.2585 -0.0000
vn 0.3817 -0.9243 -0.0000
vn 0.3817 -0.9243 -0.0005
vn -0.4392 -0.8984 -0.0000
vn -0.4392 -0.8984 0.0005
vn -0.9938 0.1109 0.0005
vn -0.9938 0.1109 -0.0000
vn -0.9938 0.1108 -0.0000
vn -0.6159 0.7878 0.0005
vn -0.9938 0.1108 0.0005
vn -0.6158 0.7879 0.0003
vn 0.0004 0.3647 0.9311
vn 0.0005 0.3647 0.9311
vn -1.0000 -0.0005 0.0005
vn -0.1832 0.4237 0.8871
vn 0.0786 0.4117 0.9079
vn -0.0552 0.4615 0.8854
vn 0.1284 0.3756 0.9178
vn -0.1851 0.4452 0.8761
vn -0.1832 0.4237 0.8870
vn 0.0787 0.4117 0.9079
vn 0.1177 0.3648 0.9236
vn 0.1285 0.3756 0.9178
vn -0.1833 0.4237 0.8870
vn -0.1852 0.4451 0.8761
vn -0.3014 0.3630 0.8817
vn 0.0865 0.3805 0.9207
vn -0.3014 0.3629 0.8817
vn -0.1998 0.4254 0.8827
vn 0.1177 0.3649 0.9236
vn -0.0493 0.3572 0.9327
vn 0.0864 0.3805 0.9207
vn -0.1616 0.4478 0.8794
vn -0.1295 0.2439 0.9611
vn -0.1676 0.1881 0.9678
vn -0.0494 0.3571 0.9327
vn -0.1295 0.2438 0.9611
vn -0.0494 0.3571 0.9328
vn 0.1148 0.4421 0.8896
vn -0.1997 0.4255 0.8827
vn 0.1949 0.3728 0.9072
vn 0.1373 0.3816 0.9141
vn 0.1949 0.3727 0.9072
vn 0.1373 0.3815 0.9141
vn 0.1149 0.4421 0.8896
vn 0.1618 0.3661 0.9164
vn 0.1958 0.4489 0.8719
vn 0.1372 0.3816 0.9141
vn 0.1617 0.3661 0.9164
vn 0.1313 0.4537 0.8814
vn 0.1959 0.4489 0.8718
vn 0.1950 0.4373 0.8779
vn 0.1314 0.4537 0.8814
vn 0.1959 0.4489 0.8719
vn 0.1344 0.4363 0.8897
vn 0.1343 0.4363 0.8897
vn 0.0005 0.4302 0.9028
vn 0.1949 0.4373 0.8780
vn 0.0005 0.4301 0.9028
vn 0.0786 0.4117 -0.9079
vn -0.0552 0.4615 -0.8854
vn 0.1284 0.3757 -0.9178
vn -0.1832 0.4237 -0.8871
vn 0.1285 0.3756 -0.9178
vn 0.1177 0.3648 -0.9236
vn 0.0787 0.4117 -0.9079
vn -0.1832 0.4238 -0.8870
vn -0.1851 0.4451 -0.8761
vn 0.0865 0.3805 -0.9207
vn -0.1852 0.4451 -0.8761
vn -0.1833 0.4237 -0.8871
vn -0.3014 0.3630 -0.8817
vn -0.0493 0.3572 -0.9327
vn 0.1177 0.3649 -0.9236
vn 0.0864 0.3805 -0.9207
vn -0.1833 0.4237 -0.8870
vn -0.1998 0.4254 -0.8827
vn -0.3014 0.3629 -0.8817
vn -0.1295 0.2439 -0.9611
vn -0.0494 0.3571 -0.9327
vn -0.1676 0.1881 -0.9678
vn -0.1295 0.2438 -0.9611
vn -0.0494 0.3571 -0.9328
vn -0.1998 0.4254 -0.8826
vn -0.1617 0.4477 -0.8794
vn -0.1997 0.4255 -0.8827
vn 0.1148 0.4421 -0.8896
vn -0.1616 0.4478 -0.8794
vn -0.1997 0.4255 -0.8826
vn 0.1949 0.3728 -0.9072
vn 0.1949 0.3727 -0.9072
vn 0.1373 0.3815 -0.9141
vn 0.1618 0.3661 -0.9164
vn 0.1372 0.3816 -0.9141
vn 0.1958 0.4489 -0.8719
vn 0.1313 0.4537 -0.8814
vn 0.1314 0.4536 -0.8814
vn 0.1950 0.4373 -0.8779
vn 0.1959 0.4489 -0.8718
vn 0.1344 0.4363 -0.8897
vn 0.1959 0.4489 -0.8719
vn 0.1949 0.4373 -0.8779
vn 0.0005 0.4301 -0.9028
vn 0.1949 0.4373 -0.8780
vn 0.1343 0.4363 -0.8897
vn -0.0005 0.3647 -0.9311
vn -0.0004 0.3647 -0.9311
vn -0.1265 -0.3794 -0.9165
vn -0.1139 -0.3621 -0.9251
vn -0.0758 -0.4185 -0.9050
vn -0.1265 -0.3794 -0.9166
vn -0.0836 -0.3757 -0.9230
vn -0.0757 -0.4186 -0.9050
vn -0.0444 -0.4127 -0.9098
vn -0.1264 -0.3794 -0.9165
vn 0.0308 -0.3170 -0.9479
vn -0.0835 -0.3758 -0.9230
vn -0.0747 -0.3688 -0.9265
vn 0.0699 -0.1921 -0.9789
vn -0.1138 -0.3622 -0.9251
vn 0.0308 -0.3169 -0.9480
vn 0.0894 -0.1295 -0.9875
vn 0.0699 -0.1920 -0.9789
vn -0.0748 -0.3687 -0.9265
vn -0.1460 -0.2662 -0.9528
vn -0.0445 -0.4126 -0.9098
vn -0.0747 -0.3687 -0.9265
vn -0.1539 -0.2556 -0.9545
vn -0.1539 -0.2556 -0.9544
vn -0.1920 -0.2077 -0.9592
vn -0.1460 -0.2661 -0.9528
vn -0.1540 -0.2556 -0.9545
vn -0.0884 -0.2799 -0.9559
vn -0.1207 -0.2574 -0.9587
vn -0.0356 -0.2682 -0.9627
vn -0.1206 -0.2574 -0.9587
vn -0.0943 -0.1549 -0.9834
vn -0.0943 -0.1548 -0.9834
vn -0.0923 -0.1236 -0.9880
vn -0.0357 -0.2681 -0.9627
vn -0.0582 -0.1412 -0.9883
vn -0.0513 -0.1451 -0.9881
vn -0.0581 -0.1412 -0.9883
vn -0.0171 -0.1606 -0.9869
vn 0.0007 -0.1688 -0.9856
vn 0.0003 -0.1684 -0.9857
vn 0.0015 -0.1607 -0.9870
vn 0.0004 -0.1686 -0.9857
vn 0.0044 -0.1480 -0.9890
vn 0.0064 -0.1402 -0.9901
vn -0.1920 -0.2077 0.9592
vn -0.1539 -0.2556 0.9544
vn -0.1460 -0.2661 0.9528
vn -0.1460 -0.2662 0.9528
vn -0.1539 -0.2556 0.9545
vn -0.0747 -0.3687 0.9265
vn -0.1540 -0.2556 0.9545
vn -0.0748 -0.3687 0.9265
vn -0.0445 -0.4126 0.9098
vn -0.1919 -0.2076 0.9592
vn -0.0884 -0.2799 0.9559
vn -0.0747 -0.3688 0.9265
vn -0.0757 -0.4186 0.9050
vn -0.0444 -0.4127 0.9098
vn -0.0884 -0.2799 0.9560
vn -0.1207 -0.2574 0.9587
vn -0.1264 -0.3794 0.9165
vn -0.0356 -0.2682 0.9627
vn -0.1206 -0.2574 0.9587
vn -0.0757 -0.4185 0.9050
vn -0.1139 -0.3621 0.9251
vn -0.1265 -0.3794 0.9165
vn -0.0943 -0.1549 0.9834
vn -0.0830 -0.3747 0.9234
vn -0.1265 -0.3794 0.9166
vn -0.0357 -0.2681 0.9627
vn -0.0923 -0.1236 0.9880
vn -0.0943 -0.1548 0.9834
vn -0.1138 -0.3621 0.9251
vn 0.0308 -0.3170 0.9479
vn -0.0835 -0.3757 0.9230
vn -0.0923 -0.1235 0.9880
vn -0.0582 -0.1412 0.9883
vn -0.1138 -0.3622 0.9251
vn 0.0699 -0.1921 0.9789
vn 0.0699 -0.1920 0.9789
vn 0.0894 -0.1295 0.9875
vn 0.0308 -0.3169 0.9480
vn -0.0513 -0.1451 0.9881
vn -0.0171 -0.1606 0.9869
vn -0.0581 -0.1412 0.9883
vn 0.0005 -0.1686 0.9857
vn 0.0015 -0.1607 0.9870
vn 0.0004 -0.1685 0.9857
vn -0.0171 -0.1607 0.9869
vn 0.0044 -0.1480 0.9890
vn 0.0004 -0.1686 0.9857
vn 0.0064 -0.1402 0.9901
vn -0.8568 -0.3646 0.3647
vn -0.8571 -0.0005 0.5152
vn -0.8571 -0.3638 0.3648
vn -0.8567 -0.3646 0.3647
vn -0.8571 0.0005 0.5152
vn -0.8571 -0.5152 0.0005
vn -0.8568 -0.3647 0.3646
vn -0.8571 -0.3639 0.3648
vn -0.8571 -0.3648 -0.3638
vn -0.8568 -0.3647 -0.3646
vn -0.8571 -0.0005 -0.5152
vn -0.8567 -0.3646 -0.3647
vn -0.8571 0.0005 -0.5152
vn -0.8568 0.3646 -0.3647
vn -0.8568 0.3647 -0.3646
vn -0.8571 0.5152 0.0005
vn -0.8568 0.3647 0.3646
vn -0.8568 0.3646 0.3647
vn -0.8570 0.0005 0.5152
vn 0.2710 -0.1363 -0.9529
vn 0.2173 0.0591 -0.9743
vn 0.2379 -0.0513 -0.9699
vn 0.2174 0.0591 -0.9743
vn 0.2711 -0.1363 -0.9529
vn 0.2750 -0.0933 -0.9569
vn 0.1930 -0.4118 -0.8906
vn 0.0846 0.2731 -0.9583
vn 0.1587 -0.4312 -0.8882
vn 0.1148 0.2495 -0.9615
vn 0.0845 0.2732 -0.9582
vn 0.1929 -0.4119 -0.8906
vn -0.1098 -0.4322 -0.8951
vn 0.0366 0.2673 -0.9629
vn 0.1147 0.2496 -0.9615
vn -0.1099 -0.4322 -0.8951
vn -0.1852 -0.3720 -0.9096
vn 0.0708 0.1119 -0.9912
vn -0.1853 -0.3719 -0.9096
vn -0.1295 -0.3865 -0.9132
vn -0.1099 -0.4321 -0.8951
vn -0.1578 -0.3697 -0.9157
vn -0.1294 -0.3865 -0.9132
vn -0.1940 -0.4491 -0.8722
vn -0.1577 -0.3697 -0.9157
vn -0.1939 -0.4490 -0.8722
vn -0.1334 -0.4539 -0.8810
vn -0.1968 -0.4391 -0.8766
vn -0.1940 -0.4490 -0.8722
vn -0.1314 -0.4400 -0.8883
vn -0.1969 -0.4391 -0.8766
vn 0.0005 -0.4353 -0.9003
vn -0.1313 -0.4400 -0.8883
vn 0.0005 -0.4352 -0.9003
vn 0.0709 0.1119 -0.9912
vn 0.0884 0.1500 -0.9847
vn 0.0366 0.2672 -0.9629
vn 0.0259 0.1422 -0.9895
vn 0.0884 0.1501 -0.9847
vn -0.0005 0.2858 -0.9583
vn 0.0015 0.2172 -0.9761
vn 0.0015 0.2173 -0.9761
vn -0.0005 0.2859 -0.9583
vn 0.0044 0.2507 -0.9681
vn -0.0003 0.2859 -0.9583
vn 0.0063 0.2369 -0.9715
vn 0.0064 0.2369 -0.9715
vn 0.0005 -0.0005 -1.0000
vn 0.2741 0.9617 -0.0005
vn 0.2741 0.9617 0.0005
vn 0.2741 0.9617 -0.0000
vn 0.2740 0.9617 0.0005
vn -0.3971 0.9178 -0.0000
vn 0.2740 0.9617 -0.0005
vn -0.3854 0.9228 0.0005
vn -0.3971 0.9178 0.0005
vn 0.2740 0.9617 -0.0000
vn -0.3855 0.9227 0.0005
vn -0.7071 0.7071 0.0005
vn -0.7071 0.7071 0.0003
vn -0.3971 0.9178 0.0004
vn 0.3971 0.9178 0.0005
vn 0.3971 0.9178 -0.0005
vn 0.3971 0.9178 -0.0000
vn 0.3238 0.9461 -0.0005
vn 0.3239 0.9461 -0.0005
vn 0.3239 0.9461 -0.0000
vn 0.3238 0.9461 -0.0000
vn 0.3238 0.9461 0.0005
vn 1.0000 0.0005 0.0005
vn -0.3366 -0.9416 0.0005
vn -0.2602 -0.9655 0.0005
vn -0.3367 -0.9416 0.0005
vn -0.6305 -0.7762 -0.0006
vn -0.3367 -0.9416 -0.0000
vn -0.6305 -0.7762 -0.0005
vn -0.6685 -0.7437 -0.0000
vn -0.6685 -0.7437 0.0005
vn -0.6685 -0.7437 -0.0005
vn -0.3834 -0.9236 0.0005
vn -0.3366 -0.9416 -0.0000
vn -0.3854 -0.9228 0.0005
vn -0.3854 -0.9228 -0.0000
vn -0.3854 -0.9228 -0.0005
vn -0.7071 -0.7071 -0.0000
vn -0.3855 -0.9227 0.0005
vn -0.3855 -0.9227 -0.0000
vn -0.3855 -0.9227 -0.0005
vn -0.7071 -0.7071 0.0005
vn -0.7071 -0.7071 -0.0005
vn -0.3826 -0.9239 -0.0005
vn -0.3826 -0.9239 0.0005
vn -0.2603 -0.9655 0.0005
vn -0.2603 -0.9655 -0.0000
vn -0.2602 -0.9655 -0.0000
vn 0.4039 -0.9148 -0.0005
vn 0.4039 -0.9148 -0.0000
vn 0.4040 -0.9148 -0.0005
vn 0.4040 -0.9148 -0.0000
vn 0.7348 -0.6782 -0.0003
vn 0.8571 -0.0005 0.5152
vn 0.8568 0.3646 0.3647
vn 0.8567 0.3647 0.3647
vn 0.8568 0.3647 0.3646
vn 0.8571 0.5152 -0.0005
vn 0.8568 0.3647 0.3647
vn 0.8567 0.3647 0.3646
vn 0.8568 0.3647 -0.3646
vn 0.8568 0.3647 -0.3647
vn 0.8571 -0.0005 -0.5152
vn 0.8567 0.3647 -0.3647
vn 0.8568 -0.3646 -0.3647
vn 0.8571 -0.0006 -0.5152
vn 0.8571 -0.5152 0.0005
vn 0.8568 -0.3647 -0.3647
vn 0.8568 -0.3647 0.3647
vn 0.8568 -0.3647 0.3646
vn 0.8570 -0.5152 0.0005
vn 0.8568 -0.3646 0.3647
vn 0.8567 -0.3646 0.3647
vn -0.0005 -0.0894 -0.9960
vn -0.0004 0.3053 -0.9523
vn -0.0005 0.3054 -0.9522
vn -0.0006 -0.3003 -0.9538
vn -0.0005 -0.3003 -0.9538
vn 0.0005 0.3054 0.9522
vn 0.0005 -0.0894 0.9960
vn 0.0005 -0.3003 0.9538
vn 0.0004 -0.3004 0.9538
vn -0.0005 0.0005 1.0000
vn -0.0005 -0.0005 1.0000
vn 0.4139 -0.0004 -0.9103
vn 0.0210 0.0933 0.9954
vn 0.0210 0.0933 -0.9954
vn 0.6346 -0.0738 0.7693
vn 0.3951 0.9186 -0.0000
vn 1.0000 0.0014 0.0005
vn 0.3951 0.9186 0.0005
vn 0.6346 -0.0737 0.7693
vn 0.3951 0.9187 0.0005
vn 0.3951 0.9187 -0.0000
vn 1.0000 0.0014 -0.0000
vn 0.4099 0.9121 -0.0005
vn 0.3963 -0.9181 0.0005
vn 1.0000 0.0015 0.0004
vn 1.0000 0.0015 -0.0000
vn 0.4099 0.9121 -0.0000
vn 0.4099 0.9121 -0.0004
vn 1.0000 0.0015 0.0005
vn 0.3963 -0.9181 -0.0000
vn 0.6345 -0.0738 0.7694
vn 0.3962 -0.9181 0.0005
vn -0.3618 -0.9322 -0.0000
vn -0.3618 -0.9322 0.0005
vn 0.3962 -0.9181 -0.0000
vn -0.3618 -0.9322 -0.0005
vn 0.3061 -0.7506 0.5855
vn 0.3062 -0.7506 0.5855
vn 0.1930 -0.4118 0.8906
vn 0.2711 -0.1363 0.9529
vn 0.2174 0.0591 0.9743
vn 0.2173 0.0591 0.9743
vn 0.2710 -0.1362 0.9529
vn 0.2379 -0.0513 0.9699
vn 0.0849 0.2735 0.9581
vn 0.0851 0.2740 0.9580
vn 0.1148 0.2495 0.9615
vn 0.0366 0.2673 0.9629
vn 0.0845 0.2732 0.9582
vn 0.1147 0.2496 0.9615
vn 0.0708 0.1119 0.9912
vn 0.0367 0.2672 0.9629
vn 0.0884 0.1500 0.9847
vn 0.0709 0.1119 0.9912
vn 0.0885 0.1500 0.9847
vn 0.0259 0.1422 0.9895
vn 0.0884 0.1501 0.9847
vn -0.0005 0.2858 0.9583
vn 0.0015 0.2172 0.9761
vn -0.0005 0.2859 0.9583
vn 0.0015 0.2173 0.9761
vn -0.0003 0.2859 0.9583
vn 0.0044 0.2507 0.9681
vn 0.0063 0.2369 0.9715
vn -0.4306 -0.9026 0.0005
vn -0.8068 0.5908 -0.0005
vn -0.4306 -0.9026 0.0004
vn -0.4305 -0.9026 0.0004
vn -0.4305 -0.9026 0.0005
vn 0.2184 0.9758 -0.0000
vn 0.2185 0.9758 -0.0005
vn -0.8068 0.5908 -0.0003
vn 0.3854 0.9228 -0.0005
vn 0.2184 0.9759 -0.0005
vn 0.2184 0.9759 -0.0000
vn 0.3855 0.9227 -0.0005
vn 0.3855 0.9227 -0.0000
vn 0.3854 0.9228 -0.0000
vn 0.7891 0.6142 -0.0005
vn -0.0005 0.9878 0.1558
vn 0.0005 0.9100 0.4147
vn -0.0005 0.9100 -0.4147
vn -0.0000 1.0000 0.0005
vn 0.0004 0.9100 0.4147
vn 0.8071 0.5904 -0.0005
vn 0.8072 0.5903 -0.0003
vn 0.8582 -0.5133 0.0074
vn 0.8582 -0.5133 -0.0000
vn 0.8582 -0.5133 0.0073
vn 0.3854 -0.9228 -0.0000
vn 0.3854 -0.9228 -0.0005
vn -0.8076 0.5898 0.0006
vn -0.8076 0.5897 0.0004
vn -0.6896 0.6593 -0.2996
vn -0.6896 0.6593 0.2996
vn -0.1852 -0.3720 0.9096
vn 0.1929 -0.4118 0.8906
vn -0.2594 -0.7664 0.5877
vn 0.1929 -0.4119 0.8906
vn -0.2594 -0.7664 0.5876
vn -0.1295 -0.3865 0.9132
vn -0.1853 -0.3719 0.9096
vn 0.3062 -0.7506 0.5856
vn -0.3209 -0.8064 0.4967
vn -0.3619 -0.9322 0.0005
vn -0.3209 -0.8064 0.4968
vn -0.2927 -0.7783 0.5555
vn -0.1294 -0.3865 0.9132
vn -0.1334 -0.4539 0.8810
vn -0.3619 -0.9322 -0.0000
vn -0.3619 -0.9322 -0.0005
vn -0.3238 -0.9461 0.0005
vn -0.2926 -0.7783 0.5556
vn -0.1968 -0.4390 0.8766
vn -0.3238 -0.9461 -0.0000
vn -0.2926 -0.7783 0.5555
vn -0.3239 -0.9461 -0.0005
vn -0.3239 -0.9461 0.0005
vn -0.3239 -0.9461 -0.0000
vn 0.0005 -1.0000 -0.0005
vn -0.3238 -0.9461 -0.0005
vn 0.0005 -0.8743 0.4853
vn 0.0005 -0.4352 0.9003
vn -0.1968 -0.4391 0.8766
vn 0.0004 -0.8744 0.4853
vn -0.2751 -0.8340 0.4783
vn -0.2750 -0.8340 0.4783
vn 0.9694 -0.2457 -0.0005
vn 0.9284 0.3716 -0.0004
vn 0.9694 -0.2457 -0.0000
vn 0.9694 -0.2456 -0.0005
vn 0.3367 -0.9416 -0.0000
vn 0.3367 -0.9416 -0.0005
vn 0.9694 -0.2456 -0.0000
vn 0.3366 -0.9416 -0.0005
vn 0.3366 -0.9416 -0.0000
vn -0.9210 0.3895 0.0005
vn 0.3404 0.9403 -0.0005
vn -0.9210 0.3895 0.0004
vn -0.9211 0.3894 0.0005
vn -0.9211 0.3894 0.0004
vn -0.4099 -0.9121 0.0005
vn 0.9464 -0.3230 -0.0006
vn 0.9464 -0.3230 -0.0005
vn 0.3826 -0.0005 0.9239
vn 0.1871 0.0005 0.9823
vn 0.3826 -0.6533 0.6533
vn 0.3826 0.6533 0.6533
vn 0.1871 -0.9823 -0.0005
vn 0.3826 -0.9239 0.0005
vn 0.1872 0.6946 0.6946
vn 0.0005 -0.0004 1.0000
vn 0.1871 -0.9823 -0.0004
vn 0.0005 -1.0000 -0.0004
vn 0.1872 -0.6946 0.6946
vn 0.3817 0.9243 0.0005
vn -0.3250 0.9457 0.0005
vn 0.3818 0.9243 0.0005
vn 0.3818 0.9243 -0.0000
vn -0.3251 0.9457 0.0005
vn -0.9965 0.0835 0.0005
vn 0.3267 0.9451 -0.0005
vn -0.9965 0.0836 0.0005
vn -0.4067 -0.9135 0.0005
vn 0.3817 0.9243 -0.0000
vn 0.3268 0.9451 -0.0005
vn 0.6142 0.7892 -0.0004
vn 0.6142 0.7892 -0.0005
vn -0.2408 -0.9706 -0.0000
vn -0.4067 -0.9136 0.0005
vn -0.2408 -0.9706 -0.0005
vn -0.2399 -0.9708 -0.0005
vn -0.2409 -0.9706 -0.0005
vn -0.2409 -0.9706 -0.0000
vn 0.0024 -1.0000 -0.0005
vn -0.2398 -0.9708 -0.0005
vn -0.1343 -0.9909 -0.0012
vn -0.1343 -0.9909 -0.0005
vn -0.2680 -0.9634 -0.0000
vn -0.1343 -0.9909 -0.0000
vn 0.8884 0.2496 0.3854
vn 0.8884 0.2496 0.3853
vn 0.8884 0.2495 0.3853
vn 0.8884 0.2495 -0.3853
vn 0.8884 0.2496 -0.3853
vn 0.8884 0.2496 -0.3854
vn -0.0005 -0.7071 0.7071
vn -0.0005 0.0004 1.0000
vn -0.3327 -0.6668 0.6669
vn -0.3327 -0.6669 0.6668
vn -0.3326 -0.0005 0.9431
vn -0.3326 -0.9431 0.0005
vn -0.3327 0.6668 0.6669
vn -0.3326 -0.0004 0.9431
vn -0.3327 -0.6669 -0.6668
vn -0.1480 -0.9890 0.0004
vn -0.3326 -0.9431 0.0004
vn -0.3327 0.6669 0.6668
vn -0.3327 -0.6668 -0.6669
vn -0.3326 0.9431 0.0005
vn -0.3326 0.0004 -0.9431
vn -0.3327 0.6669 -0.6668
vn -0.3326 0.9431 0.0004
vn -0.3327 0.6668 -0.6669
vn -0.3326 0.0005 -0.9431
vn 0.3619 0.9322 -0.0005
vn 0.6327 0.7744 -0.0004
vn 0.6327 0.7744 -0.0005
vn -0.0005 -0.0004 1.0000
vn 0.0005 -0.7071 -0.7071
vn 0.0005 0.0004 -1.0000
vn 0.0004 0.7071 -0.7071
vn 0.0005 -0.0004 -1.0000
vn -0.6706 -0.7418 0.0004
vn -0.6716 -0.7409 0.0005
vn 0.3826 0.9239 -0.0005
vn 0.1871 0.9823 -0.0004
vn 0.1871 -0.0004 -0.9823
vn 0.0005 1.0000 -0.0004
vn 0.1871 0.0004 0.9823
vn 0.1872 -0.9823 -0.0005
vn 0.4423 0.8157 0.3729
vn 0.4423 0.8157 -0.3729
vn 0.4245 0.8299 -0.3620
vn 0.4245 0.8299 0.3620
vn -0.3540 0.9352 0.0005
vn 0.4313 0.9022 -0.0005
vn 0.9958 -0.0914 -0.0005
vn 0.9958 -0.0914 -0.0004
vn 0.9838 -0.1793 -0.0005
vn 0.9958 -0.0913 -0.0005
vn 0.9958 -0.0913 -0.0003
vn 0.9838 -0.1793 -0.0000
vn 0.9838 -0.1794 -0.0005
vn 0.8739 0.4861 -0.0005
vn 0.9838 -0.1794 -0.0000
vn 0.8760 0.4823 -0.0005
vn 0.8760 0.4822 -0.0005
vn 0.8291 0.4558 -0.3239
vn 0.8760 0.4822 -0.0004
vn 0.8291 0.4558 0.3239
vn 0.8761 0.4822 -0.0004
vn 0.8290 0.4558 0.3239
vn 0.9013 0.4333 -0.0004
vn 0.8288 0.3981 0.3932
vn 0.8288 0.3980 0.3932
vn 0.9012 0.4333 -0.0004
vn 0.8288 0.3981 -0.3932
vn 0.9012 0.4333 -0.0005
vn 0.9013 0.4333 -0.0005
vn -0.9063 0.4227 0.0005
vn 0.3188 0.9478 -0.0005
vn -0.9063 0.4227 0.0004
vn -0.4439 -0.8961 0.0004
vn -0.9063 0.4226 0.0006
vn -0.9063 0.4226 0.0005
vn -0.4439 -0.8961 0.0005
vn 0.9534 -0.3016 -0.0004
vn 0.9534 -0.3016 -0.0005
vn 0.9534 -0.3016 -0.0003
vn 0.8988 0.4384 0.0073
vn 0.8581 -0.5134 0.0085
vn 0.3855 -0.9227 -0.0005
vn 0.3855 -0.9227 -0.0000
vn 0.9806 -0.1959 -0.0005
vn 0.9806 -0.1959 -0.0000
vn 0.7017 0.7124 -0.0000
vn 0.7017 0.7124 -0.0005
vn 0.7017 0.7125 -0.0005
vn 0.3503 0.9366 -0.0005
vn 0.3503 0.9366 -0.0004
vn 0.7017 0.7125 -0.0000
vn 0.0317 0.9668 -0.2536
vn 0.1773 0.9842 -0.0005
vn 0.0328 0.9995 0.0005
vn 0.0317 0.9668 0.2536
vn 0.0327 0.9995 0.0005
vn 0.0318 0.9668 -0.2535
vn 0.1754 0.9378 -0.2996
vn 0.0318 0.9668 0.2535
vn 0.1754 0.9378 0.2995
vn 0.1755 0.9378 -0.2996
vn 0.6812 0.7321 -0.0005
vn 0.1755 0.9378 0.2996
vn 0.6813 0.7320 -0.0005
vn 0.6197 0.6705 -0.4078
vn 0.6197 0.6705 0.4078
vn 0.6198 0.6705 -0.4078
vn 0.8627 -0.1667 -0.4775
vn 0.8627 -0.1667 0.4775
vn 0.6198 0.6705 0.4078
vn 0.8474 -0.5309 -0.0005
vn 0.8627 -0.1666 -0.4775
vn 0.3141 -0.8376 -0.4469
vn 0.8474 -0.5309 -0.0004
vn 0.3141 -0.8376 0.4469
vn -0.0005 -0.8945 -0.4470
vn 0.8474 -0.5310 -0.0004
vn 0.3140 -0.8376 -0.4469
vn 0.8474 -0.5310 -0.0006
vn -0.0005 -0.8945 0.4471
vn 0.3140 -0.8376 0.4469
vn -0.0004 -0.8946 -0.4470
vn -0.0004 -0.8946 0.4470
vn -0.6230 -0.7822 0.0005
vn -0.6229 -0.7823 0.0004
vn -0.2829 -0.9592 0.0005
vn 0.9198 -0.3923 -0.0000
vn 0.9198 -0.3923 -0.0004
vn -0.2829 -0.9592 -0.0000
vn 0.9198 -0.3923 -0.0005
vn -0.2830 -0.9591 0.0005
vn -0.9637 0.2671 -0.0000
vn -0.9637 0.2671 0.0005
vn -0.9637 0.2671 0.0004
vn -0.2830 -0.9591 -0.0000
vn -0.9636 0.2672 -0.0000
vn 0.4127 0.9109 -0.0004
vn -0.9636 0.2672 0.0005
vt 0.875000 0.250000
vt 0.375000 0.375000
vt 0.375000 0.000000
vt 0.750000 0.500000
vt 0.625000 0.750000
vt 0.375000 0.750000
vt 0.625000 0.500000
vt 0.625000 0.625000
vt 0.625000 1.000000
vt 0.625000 0.875000
vt 0.625000 0.354187
vt 0.625000 0.000000
vt 0.625000 0.227427
vt 0.625000 0.609667
vt 0.625000 0.522573
vt 0.625000 0.566067
vt 0.500000 0.750000
vt 0.625000 0.375000
vt 0.500000 0.375000
vt 0.500000 0.000000
vt 0.375000 0.675001
vt 0.375000 0.500000
vt 0.421433 0.674066
vt 0.421433 0.500000
vt 0.471462 0.375000
vt 0.375000 0.250000
vt 0.421433 0.250000
vt 0.421433 0.075934
vt 0.375000 0.075006
vt 0.000000 0.000000
vt 0.000000 1.000000
vt 0.375000 0.338922
vt 0.625000 0.411078
vt 0.375000 0.411078
vt 0.625000 0.338922
vt 0.750000 0.129774
vt 0.750000 0.870226
vt 1.000000 0.000000
vt 1.000000 1.000000
vt 1.000000 0.870226
vt 1.000000 0.129774
vt 0.000000 0.129774
vt 0.000000 0.870226
vt 0.093116 0.750000
vt 0.139066 0.639066
vt 0.000000 0.500000
vt 0.125000 0.060413
vt 0.000000 0.060413
vt 0.125000 0.500000
vt 0.250000 0.060413
vt 0.250000 0.500000
vt 0.375000 0.060413
vt 0.500000 0.500000
vt 0.500000 0.060413
vt 0.625000 0.060413
vt 0.750000 0.060413
vt 0.875000 0.060413
vt 0.875000 0.500000
vt 1.000000 0.060413
vt 1.000000 0.500000
vt 0.625000 0.250000
vt 0.500000 0.250000
vt 0.139066 0.860934
vt 0.250000 0.906884
vt 0.125000 0.250000
vt 0.125000 0.375000
vt 0.500000 1.000000
vt 0.375000 1.000000
vt 0.360934 0.860934
vt 0.000000 0.333333
vt 0.125000 0.166667
vt 0.000000 0.166667
vt 0.125000 0.333333
vt 0.250000 0.333333
vt 0.250000 0.166667
vt 0.375000 0.166667
vt 0.375000 0.333333
vt 0.500000 0.333333
vt 0.500000 0.166667
vt 0.625000 0.333333
vt 0.625000 0.166667
vt 0.750000 0.166667
vt 0.750000 0.333333
vt 0.875000 0.333333
vt 0.875000 0.166667
vt 1.000000 0.166667
vt 1.000000 0.333333
vt 0.010000 0.750000
vt 0.250000 0.510000
vt 0.080294 0.580294
vt 0.419706 0.580294
vt 0.419706 0.919706
vt 0.490000 0.750000
vt 0.250000 0.990000
vt 0.080294 0.919706
vt 0.875000 0.000000
vt 0.750000 0.000000
vt 0.250000 0.000000
vt 0.125000 0.000000
vt 0.875000 0.375000
vt 0.875000 0.424191
vt 0.875000 0.325809
vt 0.919706 0.919706
vt 0.919706 0.580294
vt 0.990000 0.750000
vt 0.510000 0.750000
vt 0.750000 0.510000
vt 0.580294 0.580294
vt 0.750000 0.990000
vt 0.580294 0.919706
vt 0.053029 1.000000
vt 0.053196 1.000000
vt 0.067468 1.000000
vt 0.018540 1.000000
vt 0.203476 1.000000
vt 0.067266 1.000000
vt 0.580385 1.000000
vt 0.452105 1.000000
vt 0.323826 1.000000
vt 0.053029 0.000000
vt 0.018540 0.000000
vt 0.051734 0.000000
vt 0.067266 0.000000
vt 0.323826 0.000000
vt 0.452105 0.000000
vt 0.580385 0.000000
vt 0.203476 0.000000
vt 0.067468 0.000000
vt 0.506227 0.750000
vt 0.437147 0.500000
vt 0.480378 0.750000
vt 0.437943 0.500000
vt 0.375000 0.598558
vt 0.375000 0.614984
vt 0.563823 0.750000
vt 0.498918 0.750000
vt 0.437147 0.250000
vt 0.569858 0.120788
vt 0.500968 0.000000
vt 0.440897 0.250000
vt 0.375000 0.151442
vt 0.440897 0.151442
vt 0.375000 0.135016
vt 0.480378 0.118590
vt 0.375000 0.118590
vt 0.563823 0.000000
vt 0.498918 0.000000
vt 0.194417 0.375000
vt 0.200006 0.250000
vt 0.199999 0.500000
vt 0.500000 0.129774
vt 0.500000 0.870226
vt 0.250000 0.593116
vt 0.360934 0.639066
vt 0.406884 0.750000
vt 0.276442 0.500000
vt 0.276442 0.250000
vt 0.260016 0.500000
vt 0.260016 0.250000
vt 0.243590 0.250000
vt 0.447230 0.338922
s 1
usemtl Material_0.002
f 1/1/1 2/2/2 3/3/1
f 4/2/3 5/1/1 6/4/4
f 7/5/5 8/2/6 9/4/6
f 10/2/7 11/5/5 12/6/5
f 13/7/8 14/8/9 15/9/8
f 16/9/10 17/8/11 18/10/12
f 19/8/9 20/5/13 21/10/9
f 22/5/14 23/8/9 24/5/14
f 25/11/15 26/12/15 27/13/15
f 28/11/16 29/14/16 30/8/16
f 31/15/17 32/5/17 33/16/17
f 34/5/18 35/16/18 36/5/18
s 0
f 37/5/19 38/8/19 39/16/19
s 1
f 40/16/20 41/8/20 42/14/20
f 43/8/18 44/14/21 45/14/19
f 46/12/16 47/11/16 48/7/16
f 49/8/15 50/7/15 51/11/15
f 52/17/22 53/18/23 54/5/24
f 55/18/25 56/17/22 57/19/26
f 58/20/27 59/18/25 60/19/26
f 61/18/23 62/20/27 63/12/28
f 64/21/29 65/22/30 66/23/29
f 67/23/29 68/22/31 69/24/32
f 70/22/33 71/25/7 72/24/34
f 73/25/7 74/22/33 75/2/7
f 76/26/35 77/25/7 78/2/7
f 79/25/7 80/26/35 81/27/36
f 82/26/37 83/28/38 84/27/39
f 85/28/38 86/26/40 87/29/38
f 88/30/41 89/31/42 90/31/41
f 91/31/42 92/30/41 93/30/42
f 94/31/43 95/31/44 96/31/45
f 97/31/46 98/31/44 99/31/43
f 100/31/45 101/31/44 102/31/47
f 103/31/44 104/31/46 105/31/48
f 106/31/49 107/31/50 108/31/44
f 109/31/51 110/31/49 111/31/52
f 112/31/50 113/31/49 114/31/53
f 115/31/54 116/31/49 117/31/51
f 118/31/49 119/31/55 120/31/56
f 121/31/57 122/31/58 123/31/49
f 124/31/55 125/31/49 126/31/59
f 127/31/49 128/31/58 129/31/59
f 130/31/59 131/31/60 132/31/61
f 133/31/62 134/31/59 135/31/63
f 136/31/64 137/31/59 138/31/65
f 139/31/59 140/31/66 141/31/67
f 142/31/67 143/31/68 144/31/69
f 145/31/70 146/31/71 147/31/72
f 148/31/68 149/31/65 150/31/73
f 151/31/67 152/31/72 153/31/74
f 154/31/75 155/31/68 156/31/74
f 157/31/72 158/31/75 159/31/73
f 160/31/68 161/31/76 162/31/77
f 163/31/72 164/31/78 165/31/76
f 166/31/76 167/31/79 168/31/80
f 169/31/81 170/31/75 171/31/82
f 172/31/83 173/31/75 174/31/84
f 175/31/85 176/31/86 177/31/84
f 178/31/87 179/31/88 180/31/83
f 181/31/89 182/31/87 183/31/86
f 184/31/88 185/31/87 186/31/90
f 187/31/90 188/31/87 189/31/91
f 190/32/92 191/33/93 192/34/92
f 193/33/93 194/32/92 195/35/93
f 196/10/94 197/5/95 198/5/95
f 199/5/95 200/10/94 201/10/94
f 202/10/94 203/9/96 204/10/94
f 205/10/94 206/9/96 207/9/96
f 208/36/97 209/36/98 210/37/97
f 211/36/98 212/37/99 213/37/97
f 214/32/100 215/33/100 216/34/100
f 217/33/100 218/32/100 219/35/100
f 220/31/101 221/38/102 222/39/102
f 223/38/102 224/31/101 225/30/103
f 226/34/104 227/32/105 228/35/106
f 229/35/106 230/33/107 231/34/104
f 232/31/108 233/31/108 234/31/108
f 235/31/108 236/31/108 237/31/108
f 238/31/109 239/31/109 240/31/109
f 241/31/109 242/31/109 243/31/109
f 244/31/110 245/31/110 246/31/110
f 247/31/111 248/31/111 249/31/111
f 250/31/112 251/31/112 252/31/112
f 253/31/113 254/31/113 255/31/113
f 256/2/114 257/25/114 258/25/114
f 259/40/115 260/41/116 261/40/117
f 262/42/118 263/40/116 264/41/117
f 265/40/119 266/42/118 267/43/120
f 268/40/121 269/41/121 270/40/121
f 271/41/121 272/40/121 273/41/121
f 274/44/122 275/44/122 276/45/123
f 277/45/123 278/44/122 279/45/123
f 280/46/124 281/47/125 282/48/126
f 283/47/125 284/46/124 285/49/127
f 286/49/128 287/50/129 288/47/125
f 289/50/129 290/49/130 291/51/131
f 292/51/132 293/22/133 294/50/134
f 295/22/135 296/52/136 297/50/134
f 298/22/137 299/53/138 300/52/136
f 301/53/138 302/54/139 303/52/136
f 304/53/138 305/7/140 306/54/139
f 307/7/140 308/55/141 309/54/139
f 310/7/142 311/4/143 312/55/144
f 313/4/143 314/56/145 315/55/144
f 316/4/143 317/57/146 318/56/145
f 319/57/147 320/4/143 321/58/148
f 322/58/149 323/59/150 324/57/146
f 325/59/126 326/58/149 327/60/124
f 328/19/151 329/6/152 330/2/152
f 331/6/152 332/19/151 333/17/151
f 334/2/152 335/20/151 336/19/151
f 337/20/151 338/2/152 339/3/153
f 340/41/116 341/40/121 342/41/121
f 343/19/154 344/19/151 345/20/154
f 346/20/154 347/19/151 348/20/151
f 349/19/154 350/17/151 351/19/151
f 352/20/155 353/19/154 354/20/154
f 355/17/154 356/17/151 357/19/154
f 358/19/26 359/19/154 360/20/155
f 361/19/26 362/17/154 363/19/154
f 364/17/156 365/17/154 366/19/26
f 367/39/157 368/30/158 369/38/157
f 370/30/158 371/39/159 372/31/158
f 373/61/160 374/53/161 375/7/160
f 376/62/161 377/53/161 378/61/162
f 379/26/163 380/53/164 381/62/164
f 382/53/164 383/26/165 384/22/165
f 385/63/166 386/64/167 387/63/166
f 388/58/168 389/61/168 390/7/168
f 391/61/168 392/58/168 393/1/168
f 394/30/169 395/39/170 396/38/171
f 397/39/170 398/30/169 399/31/169
f 400/39/172 401/38/173 402/39/174
f 403/38/173 404/39/173 405/38/172
f 406/39/170 407/39/175 408/38/170
f 409/38/170 410/39/175 411/38/175
f 412/38/175 413/39/176 414/39/177
f 415/38/177 416/38/175 417/39/177
f 418/39/177 419/38/178 420/38/177
f 421/38/179 422/39/177 423/39/179
f 424/61/180 425/7/180 426/7/180
f 427/7/180 428/61/180 429/61/180
f 430/26/180 431/7/180 432/61/180
f 433/7/180 434/26/180 435/22/180
f 436/1/181 437/7/182 438/58/181
f 439/7/182 440/1/181 441/61/182
f 442/49/183 443/65/183 444/66/183
f 445/65/183 446/49/183 447/65/183
f 448/65/183 449/49/183 450/49/183
f 451/49/183 452/65/183 453/65/183
f 454/65/183 455/49/183 456/49/183
f 457/30/184 458/39/184 459/31/184
f 460/39/185 461/30/185 462/38/185
f 463/5/186 464/67/187 465/9/186
f 466/17/187 467/67/187 468/5/186
f 469/6/188 470/67/189 471/17/189
f 472/67/189 473/6/188 474/68/188
f 475/69/190 476/64/191 477/64/192
f 478/64/192 479/64/191 480/63/193
f 481/63/193 482/64/191 483/63/194
f 484/69/195 485/64/196 486/64/191
f 487/63/194 488/64/197 489/63/166
f 490/63/194 491/63/166 492/44/198
f 493/44/199 494/63/166 495/44/168
f 496/70/200 497/71/201 498/72/200
f 499/71/202 500/70/200 501/73/202
f 502/71/202 503/73/202 504/74/169
f 505/74/169 506/75/169 507/71/202
f 508/74/203 509/76/166 510/75/203
f 511/76/166 512/74/203 513/77/166
f 514/76/166 515/77/166 516/78/29
f 517/78/29 518/79/204 519/76/166
f 520/79/196 521/78/205 522/80/206
f 523/80/206 524/81/206 525/79/196
f 526/80/206 527/82/207 528/81/206
f 529/82/207 530/80/206 531/83/208
f 532/82/154 533/83/209 534/84/210
f 535/84/210 536/85/210 537/82/154
f 538/84/210 539/86/211 540/85/210
f 541/86/211 542/84/210 543/87/211
f 544/5/212 545/9/212 546/9/212
f 547/9/212 548/5/212 549/5/212
f 550/5/212 551/68/212 552/9/212
f 553/6/212 554/68/212 555/5/212
f 556/12/213 557/61/213 558/12/213
f 559/12/213 560/61/213 561/61/213
f 562/61/214 563/12/214 564/26/214
f 565/3/214 566/26/214 567/12/214
f 568/5/215 569/7/215 570/5/215
f 571/7/215 572/5/215 573/7/215
f 574/22/216 575/5/216 576/7/216
f 577/5/216 578/22/216 579/6/216
f 580/39/217 581/38/218 582/39/218
f 583/38/218 584/39/217 585/38/219
f 586/39/217 587/38/220 588/38/217
f 589/38/221 590/39/219 591/39/221
f 592/39/221 593/38/222 594/38/221
f 595/38/223 596/39/220 597/39/223
f 598/38/223 599/39/222 600/39/224
f 601/38/225 602/38/223 603/39/224
f 604/39/226 605/39/227 606/38/228
f 607/38/228 608/39/229 609/38/229
f 610/22/230 611/5/230 612/7/230
f 613/5/231 614/22/231 615/6/231
f 616/88/232 617/89/232 618/90/232
f 619/88/232 620/91/232 621/89/232
f 622/88/232 623/92/232 624/91/232
f 625/91/232 626/92/232 627/93/232
f 628/92/232 629/88/232 630/94/232
f 631/94/232 632/88/232 633/95/232
f 634/5/233 635/7/234 636/17/235
f 637/53/236 638/17/235 639/7/234
f 640/17/237 641/5/238 642/17/235
f 643/7/239 644/7/240 645/53/241
f 646/5/242 647/17/243 648/5/244
f 649/53/245 650/53/241 651/7/240
f 652/5/246 653/5/247 654/5/242
f 655/7/248 656/53/249 657/53/250
f 658/5/247 659/5/246 660/5/251
f 661/53/249 662/7/248 663/7/252
f 664/7/253 665/53/254 666/7/255
f 667/53/256 668/7/253 669/53/253
f 670/5/257 671/5/258 672/5/251
f 673/5/259 674/5/258 675/5/257
f 676/5/257 677/5/260 678/5/261
f 679/5/262 680/5/263 681/5/264
f 682/5/265 683/5/266 684/5/267
f 685/5/268 686/5/266 687/5/265
f 688/5/269 689/5/270 690/5/271
f 691/5/270 692/5/272 693/5/273
f 694/5/274 695/5/275 696/5/276
f 697/5/277 698/5/274 699/5/277
f 700/61/278 701/20/279 702/62/280
f 703/20/279 704/61/278 705/12/281
f 706/62/282 707/61/283 708/61/284
f 709/12/285 710/20/286 711/20/279
f 712/61/283 713/62/282 714/62/287
f 715/20/288 716/12/289 717/12/290
f 718/62/291 719/61/292 720/62/293
f 721/12/294 722/12/295 723/12/296
f 724/61/297 725/61/283 726/62/291
f 727/62/298 728/61/299 729/61/300
f 730/61/299 731/62/301 732/62/299
f 733/12/296 734/12/302 735/12/303
f 736/12/304 737/12/305 738/12/306
f 739/12/305 740/12/307 741/12/308
f 742/12/309 743/12/310 744/12/305
f 745/12/311 746/12/305 747/12/310
f 748/12/312 749/12/313 750/12/311
f 751/12/313 752/12/312 753/12/314
f 754/12/315 755/12/316 756/12/317
f 757/12/318 758/12/319 759/12/320
f 760/12/321 761/12/318 762/12/322
f 763/12/321 764/12/323 765/12/321
f 766/3/324 767/26/324 768/12/324
f 769/12/325 770/26/325 771/61/325
f 772/26/326 773/62/327 774/62/328
f 775/62/327 776/26/329 777/26/330
f 778/62/331 779/3/332 780/26/333
f 781/26/334 782/62/327 783/26/335
f 784/3/332 785/62/331 786/20/336
f 787/62/337 788/62/338 789/26/334
f 790/62/337 791/26/339 792/26/340
f 793/62/340 794/62/341 795/26/340
f 796/20/342 797/3/343 798/3/344
f 799/3/343 800/20/345 801/20/346
f 802/20/347 803/3/348 804/3/349
f 805/3/348 806/20/350 807/20/348
f 808/20/348 809/20/351 810/3/348
f 811/3/352 812/3/348 813/20/351
f 814/20/351 815/3/353 816/3/354
f 817/3/353 818/20/351 819/20/355
f 820/20/356 821/3/357 822/3/358
f 823/3/357 824/20/355 825/20/359
f 826/20/359 827/3/360 828/3/357
f 829/3/360 830/20/361 831/20/362
f 832/20/362 833/20/361 834/12/363
f 835/12/364 836/20/365 837/20/362
f 838/20/365 839/12/366 840/12/367
f 841/12/367 842/20/368 843/20/365
f 844/20/368 845/12/367 846/12/368
f 847/6/369 848/17/370 849/6/371
f 850/6/372 851/17/373 852/17/374
f 853/17/375 854/6/369 855/17/369
f 856/6/372 857/17/376 858/6/377
f 859/6/378 860/17/379 861/17/369
f 862/17/380 863/53/381 864/6/382
f 865/17/383 866/6/369 867/6/384
f 868/22/385 869/6/382 870/53/381
f 871/6/386 872/17/379 873/6/387
f 874/53/388 875/53/389 876/22/390
f 877/17/391 878/17/379 879/6/386
f 880/22/392 881/22/393 882/53/389
f 883/6/394 884/6/395 885/17/396
f 886/53/397 887/22/398 888/22/399
f 889/17/391 890/6/400 891/17/401
f 892/22/398 893/53/402 894/53/403
f 895/53/404 896/22/405 897/22/406
f 898/22/405 899/53/404 900/53/405
f 901/6/395 902/6/407 903/17/401
f 904/17/408 905/17/409 906/6/407
f 907/17/409 908/17/408 909/5/410
f 910/17/411 911/5/412 912/17/413
f 913/5/414 914/5/415 915/17/411
f 916/17/416 917/5/414 918/17/411
f 919/5/416 920/5/414 921/17/416
f 922/85/417 923/38/418 924/96/419
f 925/38/418 926/85/420 927/86/421
f 928/97/422 929/85/423 930/96/424
f 931/85/423 932/97/422 933/82/422
f 934/97/422 935/81/425 936/82/422
f 937/81/425 938/97/422 939/12/426
f 940/20/427 941/81/425 942/12/428
f 943/81/425 944/20/427 945/79/429
f 946/3/430 947/79/429 948/20/427
f 949/79/429 950/3/430 951/76/430
f 952/3/431 953/75/432 954/76/431
f 955/75/432 956/3/431 957/98/432
f 958/99/433 959/75/432 960/98/432
f 961/75/432 962/99/433 963/71/433
f 964/99/434 965/72/435 966/71/434
f 967/72/421 968/99/434 969/30/418
f 970/31/29 971/31/29 972/31/29
f 973/31/29 974/31/29 975/31/29
f 976/31/29 977/31/29 978/31/29
f 979/31/29 980/31/29 981/31/29
f 982/31/29 983/31/29 984/31/29
f 985/31/29 986/31/29 987/31/29
f 988/31/29 989/31/29 990/31/29
f 991/31/29 992/31/29 993/31/29
f 994/31/29 995/31/29 996/31/29
f 997/31/29 998/31/29 999/31/29
f 1000/31/29 1001/31/29 1002/31/29
f 1003/31/29 1004/31/29 1005/31/29
f 1006/31/29 1007/31/29 1008/31/29
f 1009/12/436 1010/20/437 1011/20/438
f 1012/20/439 1013/12/440 1014/12/441
f 1015/12/440 1016/12/442 1017/12/441
f 1018/12/441 1019/12/443 1020/20/437
f 1021/12/441 1022/12/442 1023/12/444
f 1024/20/445 1025/20/437 1026/12/446
f 1027/12/447 1028/12/448 1029/12/444
f 1030/12/446 1031/20/449 1032/20/450
f 1033/12/451 1034/12/447 1035/12/452
f 1036/20/449 1037/12/446 1038/12/453
f 1039/12/454 1040/12/455 1041/12/456
f 1042/12/457 1043/12/456 1044/12/455
f 1045/12/458 1046/12/459 1047/12/460
f 1048/12/461 1049/12/455 1050/12/462
f 1051/12/462 1052/12/463 1053/12/464
f 1054/12/465 1055/12/459 1056/12/466
f 1057/12/463 1058/12/467 1059/12/468
f 1060/12/469 1061/12/463 1062/12/469
f 1063/12/470 1064/20/471 1065/20/472
f 1066/20/471 1067/12/470 1068/12/473
f 1069/12/196 1070/12/473 1071/12/453
f 1072/20/474 1073/12/473 1074/12/475
f 1075/12/476 1076/12/473 1077/12/196
f 1078/12/477 1079/12/478 1080/12/473
f 1081/12/479 1082/12/480 1083/12/477
f 1084/12/481 1085/12/479 1086/12/477
f 1087/12/481 1088/12/479 1089/12/482
f 1090/31/483 1091/31/483 1092/31/483
f 1093/31/483 1094/31/483 1095/31/483
f 1096/31/29 1097/31/29 1098/31/29
f 1099/31/29 1100/31/29 1101/31/29
f 1102/31/38 1103/31/38 1104/31/38
f 1105/31/38 1106/31/38 1107/31/38
f 1108/31/38 1109/31/38 1110/31/38
f 1111/31/38 1112/31/38 1113/31/38
f 1114/31/38 1115/31/38 1116/31/38
f 1117/31/38 1118/31/38 1119/31/38
f 1120/31/38 1121/31/38 1122/31/38
f 1123/31/38 1124/31/38 1125/31/38
f 1126/31/38 1127/31/38 1128/31/38
f 1129/31/38 1130/31/38 1131/31/38
f 1132/31/38 1133/31/38 1134/31/38
f 1135/31/38 1136/31/38 1137/31/38
f 1138/31/38 1139/31/38 1140/31/38
f 1141/31/200 1142/31/200 1143/31/200
f 1144/31/200 1145/31/200 1146/31/200
f 1147/31/38 1148/31/38 1149/31/38
f 1150/31/38 1151/31/38 1152/31/38
f 1153/61/484 1154/18/485 1155/18/485
f 1156/18/485 1157/61/486 1158/61/485
f 1159/18/487 1160/1/488 1161/61/489
f 1162/61/487 1163/61/490 1164/18/487
f 1165/18/486 1166/18/485 1167/7/485
f 1168/7/485 1169/18/485 1170/7/485
f 1171/58/491 1172/18/487 1173/7/492
f 1174/18/487 1175/18/490 1176/7/487
f 1177/18/487 1178/61/490 1179/18/490
f 1180/7/487 1181/18/490 1182/7/490
f 1183/18/493 1184/7/494 1185/7/493
f 1186/7/495 1187/18/493 1188/18/495
f 1189/61/493 1190/18/494 1191/18/493
f 1192/18/495 1193/61/493 1194/61/495
f 1195/18/487 1196/58/491 1197/100/488
f 1198/1/496 1199/18/492 1200/100/491
f 1201/58/496 1202/100/491 1203/58/488
f 1204/100/496 1205/1/491 1206/100/488
f 1207/100/491 1208/58/491 1209/100/491
f 1210/1/491 1211/100/491 1212/1/491
f 1213/58/497 1214/100/491 1215/58/491
f 1216/100/497 1217/1/491 1218/100/491
f 1219/100/497 1220/100/491 1221/58/497
f 1222/1/498 1223/1/491 1224/100/497
f 1225/100/497 1226/58/497 1227/58/497
f 1228/1/498 1229/100/497 1230/100/498
f 1231/58/497 1232/100/499 1233/100/497
f 1234/100/498 1235/1/499 1236/1/498
f 1237/58/500 1238/100/498 1239/58/499
f 1240/100/500 1241/1/498 1242/100/499
f 1243/100/500 1244/100/498 1245/58/500
f 1246/1/500 1247/1/498 1248/100/500
f 1249/58/501 1250/100/501 1251/58/501
f 1252/100/501 1253/1/501 1254/100/501
f 1255/58/501 1256/100/502 1257/100/501
f 1258/100/501 1259/1/502 1260/1/501
f 1261/101/182 1262/100/500 1263/58/500
f 1264/58/503 1265/58/182 1266/101/182
f 1267/101/182 1268/101/182 1269/58/182
f 1270/100/500 1271/101/182 1272/100/182
f 1273/100/182 1274/100/503 1275/100/21
f 1276/100/500 1277/102/90 1278/1/504
f 1279/102/90 1280/100/503 1281/100/90
f 1282/1/90 1283/1/504 1284/102/90
f 1285/102/90 1286/102/90 1287/1/90
f 1288/103/505 1289/104/505 1290/105/505
f 1291/103/505 1292/106/505 1293/104/505
f 1294/104/505 1295/106/505 1296/107/505
f 1297/107/505 1298/106/505 1299/108/505
f 1300/109/505 1301/106/505 1302/103/505
f 1303/106/505 1304/109/505 1305/110/505
f 1306/31/196 1307/31/196 1308/111/196
f 1309/31/196 1310/31/196 1311/31/196
f 1312/111/196 1313/31/196 1314/31/196
f 1315/111/196 1316/112/29 1317/31/196
f 1318/31/196 1319/113/196 1320/111/196
f 1321/114/29 1322/31/196 1323/112/29
f 1324/113/196 1325/31/196 1326/31/196
f 1327/31/196 1328/114/29 1329/31/29
f 1330/115/29 1331/113/196 1332/31/196
f 1333/114/29 1334/31/29 1335/31/29
f 1336/31/196 1337/31/29 1338/115/29
f 1339/31/29 1340/114/29 1341/116/29
f 1342/31/29 1343/117/29 1344/115/29
f 1345/117/29 1346/31/29 1347/39/29
f 1348/39/29 1349/118/29 1350/117/29
f 1351/119/29 1352/31/29 1353/116/29
f 1354/31/29 1355/119/29 1356/39/29
f 1357/39/29 1358/119/29 1359/118/29
f 1360/119/29 1361/118/167 1362/118/29
f 1363/118/167 1364/119/29 1365/119/167
f 1366/30/200 1367/30/200 1368/30/200
f 1369/30/200 1370/30/200 1371/120/200
f 1372/30/200 1373/121/38 1374/122/200
f 1375/121/38 1376/30/200 1377/30/38
f 1378/30/38 1379/121/38 1380/30/38
f 1381/121/38 1382/30/38 1383/123/38
f 1384/38/38 1385/124/38 1386/30/38
f 1387/124/38 1388/125/200 1389/124/200
f 1390/125/38 1391/125/200 1392/124/38
f 1393/124/38 1394/38/38 1395/125/38
f 1396/125/38 1397/38/38 1398/126/38
f 1399/30/38 1400/126/38 1401/38/38
f 1402/126/38 1403/30/38 1404/127/38
f 1405/127/38 1406/30/200 1407/128/200
f 1408/30/200 1409/128/200 1410/30/200
f 1411/122/200 1412/120/200 1413/30/200
f 1414/128/200 1415/30/200 1416/120/200
f 1417/120/200 1418/30/200 1419/30/200
f 1420/30/200 1421/127/38 1422/30/38
f 1423/124/38 1424/123/38 1425/30/38
f 1426/49/200 1427/49/200 1428/49/200
f 1429/49/200 1430/49/200 1431/49/200
f 1432/49/200 1433/49/200 1434/49/200
f 1435/49/200 1436/49/200 1437/49/200
f 1438/49/200 1439/49/200 1440/49/200
f 1441/49/200 1442/49/200 1443/49/200
f 1444/49/200 1445/49/200 1446/49/200
f 1447/65/506 1448/66/506 1449/26/507
f 1450/65/508 1451/66/509 1452/66/508
f 1453/66/509 1454/65/510 1455/65/509
f 1456/65/511 1457/66/512 1458/66/511
f 1459/66/513 1460/65/511 1461/65/513
f 1462/49/514 1463/66/511 1464/66/513
f 1465/66/511 1466/49/512 1467/49/511
f 1468/49/509 1469/66/510 1470/66/509
f 1471/66/513 1472/49/515 1473/49/514
f 1474/66/508 1475/49/509 1476/49/508
f 1477/22/507 1478/66/506 1479/49/516
f 1480/65/513 1481/66/515 1482/66/513
f 1483/49/515 1484/66/512 1485/66/515
f 1486/66/515 1487/65/512 1488/65/515
f 1489/66/517 1490/49/515 1491/66/515
f 1492/65/515 1493/66/518 1494/66/515
f 1495/49/518 1496/49/515 1497/66/517
f 1498/66/517 1499/65/515 1500/65/519
f 1501/66/520 1502/49/521 1503/66/522
f 1504/65/523 1505/66/520 1506/66/521
f 1507/66/524 1508/65/522 1509/65/525
f 1510/65/526 1511/66/524 1512/65/525
f 1513/66/524 1514/49/524 1515/49/521
f 1516/65/526 1517/66/527 1518/66/524
f 1519/66/527 1520/49/524 1521/66/524
f 1522/66/527 1523/49/527 1524/49/524
f 1525/66/506 1526/22/507 1527/2/507
f 1528/22/528 1529/22/528 1530/2/528
f 1531/66/516 1532/2/507 1533/26/507
f 1534/2/528 1535/22/528 1536/2/529
f 1537/2/528 1538/26/528 1539/2/528
f 1540/22/530 1541/22/531 1542/2/507
f 1543/26/528 1544/2/528 1545/26/529
f 1546/2/507 1547/22/531 1548/2/532
f 1549/2/530 1550/2/531 1551/26/507
f 1552/2/533 1553/22/534 1554/22/535
f 1555/26/507 1556/2/531 1557/26/532
f 1558/2/535 1559/2/533 1560/22/535
f 1561/26/533 1562/2/534 1563/2/535
f 1564/26/535 1565/26/533 1566/2/535
f 1567/46/536 1568/49/537 1569/70/536
f 1570/49/538 1571/73/538 1572/70/536
f 1573/49/539 1574/74/540 1575/73/541
f 1576/74/540 1577/49/542 1578/51/540
f 1579/22/543 1580/74/540 1581/51/540
f 1582/77/544 1583/74/540 1584/22/543
f 1585/22/544 1586/78/545 1587/77/544
f 1588/78/545 1589/22/546 1590/53/545
f 1591/7/547 1592/78/545 1593/53/545
f 1594/80/547 1595/78/548 1596/7/547
f 1597/4/549 1598/80/550 1599/7/550
f 1600/4/549 1601/83/549 1602/80/550
f 1603/4/549 1604/84/551 1605/83/549
f 1606/84/552 1607/4/553 1608/58/552
f 1609/58/554 1610/87/536 1611/84/551
f 1612/87/536 1613/58/555 1614/60/536
f 1615/65/196 1616/65/196 1617/65/196
f 1618/65/196 1619/65/196 1620/65/196
f 1621/65/196 1622/65/196 1623/65/196
f 1624/65/196 1625/65/196 1626/65/196
f 1627/65/196 1628/65/196 1629/65/196
f 1630/65/196 1631/65/196 1632/65/196
f 1633/65/196 1634/65/196 1635/65/196
f 1636/20/556 1637/61/557 1638/12/557
f 1639/61/558 1640/20/556 1641/62/556
f 1642/20/556 1643/26/559 1644/62/556
f 1645/3/560 1646/26/560 1647/20/556
f 1648/30/38 1649/38/38 1650/38/38
f 1651/38/38 1652/30/38 1653/38/38
f 1654/38/38 1655/38/38 1656/38/38
f 1657/38/38 1658/38/38 1659/38/38
f 1660/38/38 1661/38/38 1662/38/38
f 1663/38/38 1664/38/38 1665/38/38
f 1666/38/38 1667/38/38 1668/38/38
f 1669/38/38 1670/38/38 1671/38/38
f 1672/38/38 1673/38/38 1674/38/38
f 1675/38/38 1676/38/38 1677/38/38
f 1678/38/38 1679/38/38 1680/38/38
f 1681/38/38 1682/38/38 1683/38/38
f 1684/38/38 1685/38/38 1686/38/38
f 1687/38/38 1688/38/38 1689/38/38
f 1690/38/38 1691/38/38 1692/38/38
f 1693/38/38 1694/38/38 1695/38/38
f 1696/7/561 1697/17/562 1698/5/561
f 1699/53/562 1700/17/562 1701/7/561
f 1702/22/563 1703/17/562 1704/53/562
f 1705/17/562 1706/22/564 1707/6/564
f 1708/33/38 1709/33/565 1710/33/566
f 1711/33/38 1712/33/566 1713/33/38
f 1714/34/565 1715/33/566 1716/33/565
f 1717/33/566 1718/34/565 1719/34/565
f 1720/34/565 1721/34/200 1722/34/565
f 1723/33/38 1724/34/200 1725/34/200
f 1726/34/565 1727/34/200 1728/34/200
f 1729/34/200 1730/33/38 1731/33/38
f 1732/32/167 1733/32/483 1734/32/483
f 1735/32/483 1736/32/483 1737/32/483
f 1738/32/483 1739/35/167 1740/32/483
f 1741/32/483 1742/35/167 1743/35/167
f 1744/35/167 1745/35/167 1746/35/167
f 1747/32/483 1748/35/167 1749/35/167
f 1750/35/167 1751/35/167 1752/35/167
f 1753/35/167 1754/32/167 1755/32/483
f 1756/38/200 1757/38/200 1758/38/200
f 1759/38/200 1760/30/200 1761/38/200
f 1762/38/200 1763/38/200 1764/38/38
f 1765/38/200 1766/30/200 1767/30/38
f 1768/38/200 1769/38/38 1770/38/38
f 1771/30/200 1772/38/38 1773/30/38
f 1774/38/200 1775/38/200 1776/38/38
f 1777/30/200 1778/38/200 1779/38/38
f 1780/31/29 1781/39/29 1782/31/29
f 1783/39/29 1784/31/29 1785/31/29
f 1786/39/29 1787/31/29 1788/39/29
f 1789/39/29 1790/31/29 1791/39/29
f 1792/39/29 1793/39/29 1794/39/29
f 1795/39/29 1796/39/29 1797/39/29
f 1798/39/29 1799/39/29 1800/39/29
f 1801/39/29 1802/39/29 1803/39/29
f 1804/5/38 1805/7/38 1806/129/38
f 1807/7/38 1808/130/38 1809/129/38
f 1810/131/38 1811/5/38 1812/129/38
f 1813/130/38 1814/7/38 1815/7/38
f 1816/7/38 1817/7/38 1818/130/38
f 1819/22/38 1820/130/38 1821/7/38
f 1822/130/38 1823/22/38 1824/22/38
f 1825/130/38 1826/22/38 1827/132/38
f 1828/22/38 1829/133/38 1830/132/38
f 1831/133/38 1832/131/38 1833/132/38
f 1834/131/38 1835/133/38 1836/134/38
f 1837/131/38 1838/134/38 1839/6/38
f 1840/5/38 1841/131/38 1842/5/38
f 1843/6/38 1844/5/38 1845/131/38
f 1846/6/38 1847/5/38 1848/6/38
f 1849/5/38 1850/6/38 1851/135/38
f 1852/5/38 1853/5/38 1854/135/38
f 1855/135/38 1856/135/38 1857/5/38
f 1858/135/38 1859/6/38 1860/136/38
f 1861/6/38 1862/6/38 1863/136/38
f 1864/136/38 1865/136/38 1866/6/38
f 1867/5/5 1868/136/200 1869/6/5
f 1870/6/5 1871/136/200 1872/6/200
f 1873/5/5 1874/5/200 1875/136/200
f 1876/136/200 1877/5/200 1878/135/200
f 1879/39/29 1880/39/29 1881/39/29
f 1882/39/29 1883/39/29 1884/39/29
f 1885/39/29 1886/39/29 1887/39/29
f 1888/39/29 1889/39/29 1890/39/29
f 1891/39/29 1892/39/29 1893/39/29
f 1894/39/29 1895/39/29 1896/39/29
f 1897/39/29 1898/39/29 1899/39/29
f 1900/39/29 1901/39/29 1902/39/29
f 1903/39/29 1904/39/29 1905/39/29
f 1906/39/29 1907/39/29 1908/39/29
f 1909/31/29 1910/39/29 1911/39/29
f 1912/39/29 1913/39/29 1914/31/29
f 1915/39/29 1916/39/29 1917/39/29
f 1918/39/29 1919/39/29 1920/39/29
f 1921/39/29 1922/39/29 1923/39/29
f 1924/39/29 1925/39/29 1926/39/29
f 1927/33/183 1928/33/183 1929/35/183
f 1930/35/183 1931/33/183 1932/35/183
f 1933/61/29 1934/137/29 1935/61/29
f 1936/137/29 1937/26/29 1938/61/29
f 1939/61/29 1940/137/29 1941/61/29
f 1942/26/29 1943/137/29 1944/26/29
f 1945/137/29 1946/61/29 1947/138/29
f 1948/61/29 1949/12/29 1950/138/29
f 1951/139/29 1952/138/29 1953/12/29
f 1954/26/29 1955/137/29 1956/140/29
f 1957/141/29 1958/26/29 1959/140/29
f 1960/142/29 1961/141/29 1962/140/29
f 1963/143/29 1964/141/29 1965/142/29
f 1966/144/29 1967/143/29 1968/142/29
f 1969/144/29 1970/145/29 1971/143/29
f 1972/144/29 1973/3/29 1974/145/29
f 1975/3/29 1976/144/29 1977/139/29
f 1978/12/29 1979/3/29 1980/139/29
f 1981/12/29 1982/3/29 1983/3/29
f 1984/146/29 1985/3/29 1986/12/29
f 1987/12/29 1988/12/29 1989/146/29
f 1990/146/29 1991/146/29 1992/12/29
f 1993/3/29 1994/146/29 1995/147/29
f 1996/3/29 1997/3/29 1998/147/29
f 1999/147/29 2000/147/29 2001/3/29
f 2002/139/29 2003/12/29 2004/12/29
f 2005/3/1 2006/147/29 2007/12/1
f 2008/3/567 2009/3/29 2010/147/29
f 2011/12/1 2012/147/29 2013/12/29
f 2014/147/29 2015/146/29 2016/12/29
f 2017/38/568 2018/38/568 2019/38/568
f 2020/38/568 2021/38/568 2022/38/568
f 2023/38/568 2024/38/568 2025/30/568
f 2026/39/569 2027/39/569 2028/31/569
f 2029/39/569 2030/39/569 2031/39/569
f 2032/39/569 2033/39/569 2034/39/569
f 2035/5/570 2036/10/571 2037/10/572
f 2038/10/573 2039/5/574 2040/5/573
f 2041/5/575 2042/10/90 2043/10/575
f 2044/10/90 2045/5/576 2046/5/90
f 2047/9/90 2048/10/576 2049/10/90
f 2050/10/575 2051/9/90 2052/9/575
f 2053/9/573 2054/10/577 2055/10/573
f 2056/10/90 2057/9/578 2058/9/90
f 2059/10/572 2060/9/571 2061/9/572
f 2062/9/579 2063/10/580 2064/9/581
f 2065/5/90 2066/10/578 2067/10/90
f 2068/9/578 2069/10/90 2070/10/578
f 2071/10/578 2072/5/90 2073/5/578
f 2074/10/578 2075/9/582 2076/9/578
f 2077/5/578 2078/10/582 2079/10/578
f 2080/9/578 2081/10/583 2082/10/578
f 2083/10/578 2084/9/90 2085/9/578
f 2086/10/578 2087/5/583 2088/5/578
f 2089/9/90 2090/10/582 2091/10/90
f 2092/5/578 2093/10/90 2094/10/578
f 2095/10/90 2096/5/582 2097/5/90
f 2098/10/584 2099/9/579 2100/10/585
f 2101/10/579 2102/5/586 2103/10/581
f 2104/9/587 2105/10/588 2106/10/587
f 2107/10/589 2108/9/590 2109/9/591
f 2110/5/574 2111/10/579 2112/5/592
f 2113/10/589 2114/5/593 2115/10/590
f 2116/5/594 2117/5/586 2118/5/593
f 2119/5/586 2120/5/594 2121/5/595
f 2122/5/595 2123/17/596 2124/5/586
f 2125/17/597 2126/5/598 2127/17/599
f 2128/17/597 2129/5/600 2130/5/574
f 2131/5/601 2132/17/597 2133/17/602
f 2134/17/603 2135/5/604 2136/17/605
f 2137/5/606 2138/5/604 2139/17/603
f 2140/17/607 2141/17/608 2142/5/609
f 2143/5/609 2144/17/610 2145/5/611
f 2146/5/611 2147/5/200 2148/5/606
f 2149/5/611 2150/17/612 2151/5/613
f 2152/5/200 2153/5/611 2154/5/614
f 2155/5/615 2156/5/616 2157/5/611
f 2158/5/616 2159/5/617 2160/5/618
f 2161/5/618 2162/5/619 2163/5/616
f 2164/5/619 2165/5/618 2166/5/619
f 2167/49/620 2168/65/621 2169/65/620
f 2170/65/621 2171/49/622 2172/49/621
f 2173/65/623 2174/49/518 2175/49/624
f 2176/49/621 2177/65/625 2178/65/621
f 2179/49/517 2180/65/624 2181/65/517
f 2182/65/626 2183/49/627 2184/49/626
f 2185/65/521 2186/49/521 2187/65/522
f 2188/49/628 2189/65/629 2190/49/630
f 2191/49/521 2192/49/521 2193/65/521
f 2194/65/154 2195/49/517 2196/65/517
f 2197/49/154 2198/49/517 2199/65/154
f 2200/49/628 2201/65/628 2202/65/629
f 2203/49/631 2204/65/631 2205/49/631
f 2206/49/631 2207/65/632 2208/65/631
f 2209/49/90 2210/65/628 2211/49/633
f 2212/65/90 2213/65/628 2214/49/90
f 2215/30/183 2216/38/183 2217/31/183
f 2218/31/183 2219/38/183 2220/39/183
f 2221/39/634 2222/38/634 2223/39/634
f 2224/39/634 2225/38/634 2226/38/634
f 2227/2/90 2228/148/635 2229/149/636
f 2230/149/636 2231/26/636 2232/2/90
f 2233/2/90 2234/150/637 2235/148/635
f 2236/150/637 2237/2/638 2238/22/637
f 2239/149/636 2240/148/21 2241/148/639
f 2242/35/183 2243/35/183 2244/33/183
f 2245/33/183 2246/33/183 2247/35/183
f 2248/34/640 2249/32/640 2250/35/640
s 0
f 2251/35/641 2252/33/641 2253/34/641
s 1
f 2254/43/118 2255/151/642 2256/152/643
f 2257/151/644 2258/43/118 2259/42/120
f 2260/36/98 2261/40/645 2262/37/98
f 2263/40/646 2264/36/99 2265/41/646
f 2266/1/90 2267/58/90 2268/100/90
f 2269/1/90 2270/58/90 2271/1/90
f 2272/58/90 2273/1/90 2274/58/90
f 2275/58/90 2276/1/90 2277/1/90
f 2278/58/90 2279/1/90 2280/58/90
f 2281/38/647 2282/39/647 2283/38/647
f 2284/39/648 2285/38/648 2286/39/648
f 2287/38/90 2288/39/90 2289/38/90
f 2290/39/90 2291/38/90 2292/39/90
f 2293/31/649 2294/31/649 2295/31/649
f 2296/31/649 2297/31/649 2298/31/649
f 2299/31/650 2300/31/650 2301/31/650
f 2302/31/650 2303/31/650 2304/31/650
f 2305/32/182 2306/34/182 2307/32/182
f 2308/32/182 2309/34/182 2310/32/182
f 2311/34/182 2312/32/182 2313/34/182
f 2314/34/182 2315/32/182 2316/32/182
f 2317/5/651 2318/5/652 2319/5/653
f 2320/5/653 2321/5/654 2322/5/593
f 2323/5/655 2324/5/656 2325/5/657
f 2326/5/653 2327/5/658 2328/10/589
f 2329/5/656 2330/5/655 2331/5/659
f 2332/10/660 2333/5/661 2334/5/653
f 2335/5/662 2336/5/663 2337/5/659
f 2338/5/664 2339/5/656 2340/5/662
f 2341/5/659 2342/10/665 2343/10/660
f 2344/9/666 2345/10/660 2346/10/660
f 2347/10/660 2348/9/665 2349/9/666
f 2350/9/667 2351/10/589 2352/9/591
f 2353/5/668 2354/5/669 2355/5/664
f 2356/10/670 2357/10/589 2358/9/667
f 2359/10/667 2360/5/659 2361/10/589
f 2362/5/671 2363/5/661 2364/10/667
f 2365/9/672 2366/10/673 2367/9/674
f 2368/9/672 2369/10/673 2370/10/673
f 2371/10/673 2372/5/671 2373/10/674
f 2374/9/675 2375/10/667 2376/9/676
f 2377/10/183 2378/10/667 2379/9/675
f 2380/5/677 2381/10/667 2382/10/183
f 2383/5/678 2384/5/679 2385/5/680
f 2386/10/673 2387/5/681 2388/5/662
f 2389/5/679 2390/5/662 2391/5/682
f 2392/10/667 2393/5/677 2394/5/681
f 2395/5/677 2396/5/679 2397/5/681
f 2398/39/683 2399/38/684 2400/39/684
f 2401/38/684 2402/39/683 2403/38/685
f 2404/39/686 2405/38/687 2406/38/686
f 2407/38/688 2408/39/689 2409/39/688
f 2410/39/690 2411/38/675 2412/38/690
f 2413/38/675 2414/39/691 2415/39/675
f 2416/38/692 2417/30/693 2418/31/693
f 2419/31/693 2420/39/694 2421/38/692
f 2422/38/695 2423/39/696 2424/39/697
f 2425/39/697 2426/38/697 2427/38/695
f 2428/39/698 2429/38/697 2430/39/697
f 2431/38/699 2432/38/697 2433/39/699
f 2434/32/90 2435/34/90 2436/34/90
f 2437/34/90 2438/32/90 2439/32/90
f 2440/153/700 2441/153/701 2442/154/702
f 2443/45/703 2444/153/701 2445/153/700
f 2446/154/702 2447/155/704 2448/155/705
f 2449/45/706 2450/153/707 2451/153/701
f 2452/153/707 2453/45/706 2454/45/202
f 2455/155/708 2456/154/210 2457/155/709
f 2458/154/210 2459/155/704 2460/154/710
f 2461/61/711 2462/7/712 2463/7/711
f 2464/7/712 2465/61/711 2466/61/712
f 2467/7/713 2468/61/714 2469/61/713
f 2470/61/715 2471/22/716 2472/7/715
f 2473/61/711 2474/7/711 2475/7/711
f 2476/22/716 2477/61/715 2478/26/716
f 2479/7/711 2480/1/717 2481/61/711
f 2482/26/718 2483/22/719 2484/22/718
f 2485/1/717 2486/7/720 2487/58/717
f 2488/58/721 2489/1/722 2490/1/721
f 2491/1/723 2492/58/721 2493/58/723
f 2494/22/719 2495/26/718 2496/26/719
f 2497/156/724 2498/22/725 2499/26/725
f 2500/157/726 2501/156/726 2502/26/725
f 2503/158/727 2504/156/728 2505/157/728
f 2506/159/727 2507/158/727 2508/157/729
f 2509/160/730 2510/158/727 2511/159/727
f 2512/158/731 2513/160/730 2514/49/732
f 2515/65/733 2516/49/733 2517/160/730
f 2518/65/733 2519/49/734 2520/49/733
f 2521/49/734 2522/65/735 2523/65/734
f 2524/31/736 2525/31/737 2526/31/736
f 2527/31/738 2528/31/738 2529/31/738
f 2530/31/739 2531/31/739 2532/31/739
f 2533/31/740 2534/31/740 2535/31/741
f 2536/154/742 2537/154/742 2538/155/154
f 2539/154/742 2540/153/566 2541/153/743
f 2542/89/126 2543/154/744 2544/91/147
f 2545/154/745 2546/93/145 2547/91/147
f 2548/154/744 2549/89/126 2550/153/746
f 2551/93/145 2552/154/745 2553/155/747
f 2554/89/126 2555/45/748 2556/153/749
f 2557/69/750 2558/93/751 2559/155/752
f 2560/45/748 2561/89/126 2562/90/125
f 2563/93/145 2564/69/750 2565/92/144
f 2566/88/129 2567/45/753 2568/90/125
f 2569/69/754 2570/94/139 2571/92/141
f 2572/45/753 2573/88/129 2574/44/755
f 2575/94/139 2576/69/754 2577/64/756
f 2578/88/129 2579/63/757 2580/44/758
f 2581/63/759 2582/94/139 2583/64/760
f 2584/95/136 2585/63/757 2586/88/129
f 2587/94/139 2588/63/759 2589/95/136
f 2590/9/761 2591/6/762 2592/68/762
f 2593/6/763 2594/9/761 2595/5/761
f 2596/45/123 2597/45/123 2598/153/764
f 2599/153/764 2600/45/123 2601/153/565
f 2602/153/566 2603/154/742 2604/154/742
f 2605/155/154 2606/154/742 2607/155/209
f 2608/69/765 2609/155/207 2610/155/208
f 2611/155/207 2612/69/765 2613/69/765
f 2614/69/765 2615/69/765 2616/64/483
f 2617/64/483 2618/69/765 2619/64/766
f 2620/64/167 2621/63/767 2622/64/768
f 2623/44/182 2624/63/166 2625/63/166
f 2626/63/166 2627/44/182 2628/44/182
f 2629/39/769 2630/38/769 2631/30/769
f 2632/39/769 2633/30/769 2634/31/769
f 2635/34/770 2636/161/770 2637/32/770
f 2638/161/770 2639/34/770 2640/33/770
f 2641/63/193 2642/44/199 2643/44/771
f 2644/44/199 2645/63/193 2646/63/194
f 2647/44/771 2648/44/772 2649/45/703
f 2650/64/773 2651/64/204 2652/63/194
f 2653/45/703 2654/44/772 2655/45/706
f 2656/153/701 2657/45/703 2658/45/706
f 2659/44/199 2660/45/202 2661/45/706
f 2662/45/202 2663/44/772 2664/44/774
f 2665/154/702 2666/153/701 2667/154/710
f 2668/153/775 2669/153/38 2670/154/710
f 2671/154/710 2672/153/38 2673/154/210
f 2674/155/776 2675/154/702 2676/154/710
f 2677/155/705 2678/155/704 2679/69/190
f 2680/64/191 2681/69/190 2682/69/195
f 2683/69/190 2684/155/704 2685/69/195
f 2686/155/704 2687/155/675 2688/69/195
f 2689/69/195 2690/155/675 2691/69/765
f 2692/64/196 2693/69/195 2694/69/765
f 2695/31/777 2696/31/777 2697/31/777
f 2698/31/777 2699/31/777 2700/31/777
f 2701/31/778 2702/31/778 2703/31/778
f 2704/31/778 2705/31/778 2706/31/778
f 2707/31/779 2708/31/779 2709/31/779
f 2710/31/779 2711/31/779 2712/31/779
f 2713/31/780 2714/31/780 2715/31/780
f 2716/31/780 2717/31/780 2718/31/780
f 2719/38/781 2720/30/782 2721/31/782
f 2722/31/782 2723/39/781 2724/38/781
f 2725/31/782 2726/30/782 2727/30/783
f 2728/30/784 2729/31/784 2730/31/782
f 2731/30/785 2732/31/786 2733/30/787
f 2734/31/786 2735/30/785 2736/31/788
f 2737/30/789 2738/31/790 2739/31/789
f 2740/31/790 2741/30/791 2742/30/790
f 2743/31/792 2744/31/793 2745/31/794
f 2746/31/793 2747/31/794 2748/31/794
f 2749/31/795 2750/31/796 2751/31/797
f 2752/31/798 2753/31/793 2754/31/798
f 2755/31/799 2756/31/800 2757/31/799
f 2758/31/801 2759/31/802 2760/31/801
f 2761/31/803 2762/31/804 2763/31/805
f 2764/31/803 2765/31/805 2766/31/803
f 2767/33/806 2768/33/807 2769/35/807
f 2770/35/807 2771/35/808 2772/33/806
f 2773/32/809 2774/33/810 2775/35/810
f 2776/33/811 2777/32/812 2778/34/812
f 2779/32/813 2780/34/812 2781/32/812
f 2782/34/812 2783/32/814 2784/34/815
f 2785/152/816 2786/151/817 2787/151/816
f 2788/151/644 2789/152/816 2790/152/644
f 2791/40/818 2792/41/819 2793/41/820
f 2794/40/818 2795/41/820 2796/40/821
f 2797/40/820 2798/41/820 2799/40/822
f 2800/40/823 2801/41/821 2802/41/823
f 2803/41/824 2804/40/825 2805/40/824
f 2806/40/826 2807/41/827 2808/41/826
f 2809/31/828 2810/31/829 2811/31/830
f 2812/31/829 2813/31/831 2814/31/832
f 2815/31/829 2816/31/833 2817/31/834
f 2818/31/835 2819/31/829 2820/31/836
f 2821/31/837 2822/31/838 2823/31/829
f 2824/31/829 2825/31/838 2826/31/839
f 2827/31/840 2828/31/837 2829/31/841
f 2830/31/839 2831/31/840 2832/31/842
f 2833/31/843 2834/31/844 2835/31/840
f 2836/31/840 2837/31/845 2838/31/846
f 2839/31/847 2840/31/838 2841/31/848
f 2842/31/845 2843/31/838 2844/31/847
f 2845/31/849 2846/31/847 2847/31/844
f 2848/31/850 2849/31/851 2850/31/845
f 2851/31/852 2852/31/853 2853/31/854
f 2854/31/855 2855/31/856 2856/31/857
f 2857/31/847 2858/31/858 2859/31/154
f 2860/31/859 2861/31/850 2862/31/154
f 2863/33/860 2864/32/860 2865/34/860
f 2866/32/861 2867/33/861 2868/35/861
f 2869/33/862 2870/35/863 2871/35/862
f 2872/35/864 2873/33/865 2874/33/866
f 2875/33/867 2876/35/867 2877/34/868
f 2878/32/869 2879/34/870 2880/35/871
f 2881/32/872 2882/32/873 2883/34/874
f 2884/34/874 2885/32/104 2886/34/105
o Mesh_0.002
v 0.830275 -0.096841 0.110920 0.0000 0.0000 0.0000
v 0.615092 -0.165179 0.284116 0.1647 0.1647 0.1647
v 0.732649 -0.165179 0.110920 0.0784 0.0784 0.0784
v 0.615092 -0.165179 0.284116 0.1647 0.1647 0.1647
v 0.830275 -0.096841 0.110920 0.0000 0.0000 0.0000
v 0.681226 -0.096841 0.355930 0.0745 0.0745 0.0745
v 0.681226 -0.096841 0.355930 0.0745 0.0745 0.0745
v 0.524678 -0.165179 0.363428 0.2353 0.2353 0.2353
v 0.615092 -0.165179 0.284116 0.1647 0.1647 0.1647
v 0.524678 -0.165179 0.363428 0.2353 0.2353 0.2353
v 0.681226 -0.096841 0.355930 0.0745 0.0745 0.0745
v 0.571326 -0.096841 0.449188 0.1725 0.1725 0.1725
v 0.351242 -0.096841 0.529488 0.3647 0.3647 0.3647
v 0.524678 -0.165179 0.363428 0.2353 0.2353 0.2353
v 0.571326 -0.096841 0.449188 0.1725 0.1725 0.1725
v 0.351242 -0.096841 0.529488 0.3647 0.3647 0.3647
v 0.334154 -0.157520 0.444503 0.3961 0.3961 0.3961
v 0.524678 -0.165179 0.363428 0.2353 0.2353 0.2353
v 0.115828 -0.096841 0.550850 0.5647 0.5647 0.5647
v 0.334154 -0.157520 0.444503 0.3961 0.3961 0.3961
v 0.351242 -0.096841 0.529488 0.3647 0.3647 0.3647
v 0.115828 -0.096841 0.550850 0.5647 0.5647 0.5647
v 0.126063 -0.157520 0.464770 0.5725 0.5725 0.5725
v 0.334154 -0.157520 0.444503 0.3961 0.3961 0.3961
v 0.053331 -0.096841 0.554031 0.6157 0.6157 0.6157
v 0.126063 -0.157520 0.464770 0.5725 0.5725 0.5725
v 0.115828 -0.096841 0.550850 0.5647 0.5647 0.5647
v 0.053331 -0.096841 0.554031 0.6157 0.6157 0.6157
v 0.005907 -0.157520 0.481468 0.6706 0.6706 0.6706
v 0.126063 -0.157520 0.464770 0.5725 0.5725 0.5725
v 0.053331 -0.096841 0.554031 0.6157 0.6157 0.6157
v -0.183015 -0.127257 0.619564 0.7960 0.7960 0.7960
v 0.005907 -0.157520 0.481468 0.6706 0.6706 0.6706
v -0.183015 -0.127257 0.619564 0.7960 0.7960 0.7960
v 0.053331 -0.096841 0.554031 0.6157 0.6157 0.6157
v -0.159601 -0.096841 0.656167 0.7725 0.7725 0.7725
v -0.183015 -0.127257 0.619564 0.7960 0.7960 0.7960
v -0.159601 -0.096841 0.656167 0.7725 0.7725 0.7725
v -0.303690 -0.096841 0.766005 0.8627 0.8627 0.8627
v 0.830275 -0.096841 0.110920 0.0000 0.0000 0.0000
v 0.615092 -0.028502 0.284116 0.1647 0.1647 0.1647
v 0.681226 -0.096841 0.355930 0.0745 0.0745 0.0745
v 0.615092 -0.028502 0.284116 0.1647 0.1647 0.1647
v 0.830275 -0.096841 0.110920 0.0000 0.0000 0.0000
v 0.732649 -0.028502 0.110920 0.0784 0.0784 0.0784
v 0.681226 -0.096841 0.355930 0.0745 0.0745 0.0745
v 0.615092 -0.028502 0.284116 0.1647 0.1647 0.1647
v 0.524678 -0.028502 0.363428 0.2353 0.2353 0.2353
v 0.524678 -0.028502 0.363428 0.2353 0.2353 0.2353
v 0.571326 -0.096841 0.449188 0.1725 0.1725 0.1725
v 0.681226 -0.096841 0.355930 0.0745 0.0745 0.0745
v 0.524678 -0.028502 0.363428 0.2353 0.2353 0.2353
v 0.351242 -0.096841 0.529488 0.3647 0.3647 0.3647
v 0.571326 -0.096841 0.449188 0.1725 0.1725 0.1725
v 0.351242 -0.096841 0.529488 0.3647 0.3647 0.3647
v 0.524678 -0.028502 0.363428 0.2353 0.2353 0.2353
v 0.334154 -0.036161 0.444503 0.3961 0.3961 0.3961
v 0.334154 -0.036161 0.444503 0.3961 0.3961 0.3961
v 0.115828 -0.096841 0.550850 0.5647 0.5647 0.5647
v 0.351242 -0.096841 0.529488 0.3647 0.3647 0.3647
v 0.115828 -0.096841 0.550850 0.5647 0.5647 0.5647
v 0.334154 -0.036161 0.444503 0.3961 0.3961 0.3961
v 0.126063 -0.036161 0.464770 0.5725 0.5725 0.5725
v 0.126063 -0.036161 0.464770 0.5725 0.5725 0.5725
v 0.053331 -0.096841 0.554031 0.6157 0.6157 0.6157
v 0.115828 -0.096841 0.550850 0.5647 0.5647 0.5647
v 0.053331 -0.096841 0.554031 0.6157 0.6157 0.6157
v 0.126063 -0.036161 0.464770 0.5725 0.5725 0.5725
v 0.005907 -0.036161 0.481468 0.6706 0.6706 0.6706
v 0.053331 -0.096841 0.554031 0.6157 0.6157 0.6157
v 0.005907 -0.036161 0.481468 0.6706 0.6706 0.6706
v -0.183015 -0.066424 0.619564 0.7960 0.7960 0.7960
v -0.159601 -0.096841 0.656167 0.7725 0.7725 0.7725
v 0.053331 -0.096841 0.554031 0.6157 0.6157 0.6157
v -0.183015 -0.066424 0.619564 0.7960 0.7960 0.7960
v -0.159601 -0.096841 0.656167 0.7725 0.7725 0.7725
v -0.183015 -0.066424 0.619564 0.7960 0.7960 0.7960
v -0.303690 -0.096841 0.766005 0.8627 0.8627 0.8627
v 0.615092 -0.028502 0.284116 0.1647 0.1647 0.1647
v 0.732649 -0.028502 0.110920 0.0784 0.0784 0.0784
v 0.548957 -0.096841 0.212303 0.2471 0.2471 0.2471
v 0.732649 -0.028502 0.110920 0.0784 0.0784 0.0784
v 0.635023 -0.096841 0.110920 0.1843 0.1843 0.1843
v 0.548957 -0.096841 0.212303 0.2471 0.2471 0.2471
v 0.615092 -0.028502 0.284116 0.1647 0.1647 0.1647
v 0.548957 -0.096841 0.212303 0.2471 0.2471 0.2471
v 0.478028 -0.096841 0.277670 0.2980 0.2980 0.2980
v 0.478028 -0.096841 0.277670 0.2980 0.2980 0.2980
v 0.524678 -0.028502 0.363428 0.2353 0.2353 0.2353
v 0.615092 -0.028502 0.284116 0.1647 0.1647 0.1647
v 0.478028 -0.096841 0.277670 0.2980 0.2980 0.2980
v 0.334154 -0.036161 0.444503 0.3961 0.3961 0.3961
v 0.524678 -0.028502 0.363428 0.2353 0.2353 0.2353
v 0.334154 -0.036161 0.444503 0.3961 0.3961 0.3961
v 0.478028 -0.096841 0.277670 0.2980 0.2980 0.2980
v 0.317065 -0.096841 0.359518 0.4275 0.4275 0.4275
v 0.317065 -0.096841 0.359518 0.4314 0.4314 0.4314
v 0.126063 -0.036161 0.464770 0.5725 0.5725 0.5725
v 0.334154 -0.036161 0.444503 0.3961 0.3961 0.3961
v 0.126063 -0.036161 0.464770 0.5725 0.5725 0.5725
v 0.317065 -0.096841 0.359518 0.4314 0.4314 0.4314
v 0.136299 -0.096841 0.378693 0.5804 0.5804 0.5804
v 0.136299 -0.096841 0.378693 0.5804 0.5804 0.5804
v 0.005907 -0.036161 0.481468 0.6706 0.6706 0.6706
v 0.126063 -0.036161 0.464770 0.5725 0.5725 0.5725
v 0.005907 -0.036161 0.481468 0.6706 0.6706 0.6706
v 0.136299 -0.096841 0.378693 0.5804 0.5804 0.5804
v -0.041518 -0.096841 0.408905 0.7216 0.7216 0.7216
v 0.005907 -0.036161 0.481468 0.6706 0.6706 0.6706
v -0.041518 -0.096841 0.408905 0.7216 0.7216 0.7216
v -0.206431 -0.096841 0.582961 0.8196 0.8196 0.8196
v -0.183015 -0.066424 0.619564 0.7960 0.7960 0.7960
v 0.005907 -0.036161 0.481468 0.6706 0.6706 0.6706
v -0.206431 -0.096841 0.582961 0.8196 0.8196 0.8196
v -0.183015 -0.066424 0.619564 0.7960 0.7960 0.7960
v -0.206431 -0.096841 0.582961 0.8196 0.8196 0.8196
v -0.303690 -0.096841 0.766005 0.8627 0.8627 0.8627
v 0.615092 -0.165179 0.284116 0.1647 0.1647 0.1647
v 0.478028 -0.096841 0.277670 0.2980 0.2980 0.2980
v 0.548957 -0.096841 0.212303 0.2471 0.2471 0.2471
v 0.548957 -0.096841 0.212303 0.2471 0.2471 0.2471
v 0.732649 -0.165179 0.110920 0.0784 0.0784 0.0784
v 0.615092 -0.165179 0.284116 0.1647 0.1647 0.1647
v 0.635023 -0.096841 0.110920 0.1843 0.1843 0.1843
v 0.732649 -0.165179 0.110920 0.0784 0.0784 0.0784
v 0.548957 -0.096841 0.212303 0.2471 0.2471 0.2471
v 0.478028 -0.096841 0.277670 0.2980 0.2980 0.2980
v 0.615092 -0.165179 0.284116 0.1647 0.1647 0.1647
v 0.524678 -0.165179 0.363428 0.2353 0.2353 0.2353
v 0.334154 -0.157520 0.444503 0.3961 0.3961 0.3961
v 0.478028 -0.096841 0.277670 0.2980 0.2980 0.2980
v 0.524678 -0.165179 0.363428 0.2353 0.2353 0.2353
v 0.334154 -0.157520 0.444503 0.3961 0.3961 0.3961
v 0.317065 -0.096841 0.359518 0.4275 0.4275 0.4275
v 0.478028 -0.096841 0.277670 0.2980 0.2980 0.2980
v 0.126063 -0.157520 0.464770 0.5725 0.5725 0.5725
v 0.317065 -0.096841 0.359518 0.4314 0.4314 0.4314
v 0.334154 -0.157520 0.444503 0.3961 0.3961 0.3961
v 0.126063 -0.157520 0.464770 0.5725 0.5725 0.5725
v 0.136299 -0.096841 0.378693 0.5804 0.5804 0.5804
v 0.317065 -0.096841 0.359518 0.4314 0.4314 0.4314
v 0.005907 -0.157520 0.481468 0.6706 0.6706 0.6706
v 0.136299 -0.096841 0.378693 0.5804 0.5804 0.5804
v 0.126063 -0.157520 0.464770 0.5725 0.5725 0.5725
v 0.005907 -0.157520 0.481468 0.6706 0.6706 0.6706
v -0.041518 -0.096841 0.408905 0.7216 0.7216 0.7216
v 0.136299 -0.096841 0.378693 0.5804 0.5804 0.5804
v 0.005907 -0.157520 0.481468 0.6706 0.6706 0.6706
v -0.206431 -0.096841 0.582961 0.8196 0.8196 0.8196
v -0.041518 -0.096841 0.408905 0.7216 0.7216 0.7216
v -0.206431 -0.096841 0.582961 0.8196 0.8196 0.8196
v 0.005907 -0.157520 0.481468 0.6706 0.6706 0.6706
v -0.183015 -0.127257 0.619564 0.7960 0.7960 0.7960
v -0.206431 -0.096841 0.582961 0.8196 0.8196 0.8196
v -0.183015 -0.127257 0.619564 0.7960 0.7960 0.7960
v -0.303690 -0.096841 0.766005 0.8627 0.8627 0.8627
vn 0.5159 -0.7910 0.3289
vn 0.4583 -0.8049 0.3770
vn 0.4258 -0.8105 0.4023
vn 0.3026 -0.8205 0.4851
vn 0.3025 -0.8205 0.4851
vn 0.4258 -0.8104 0.4024
vn 0.2615 -0.8202 0.5089
vn 0.1140 -0.8179 0.5639
vn 0.2614 -0.8202 0.5089
vn 0.1337 -0.8181 0.5594
vn 0.0599 -0.8072 0.5873
vn 0.1336 -0.8181 0.5594
vn 0.0588 -0.8087 0.5853
vn 0.1558 -0.8123 0.5620
vn 0.1305 -0.8096 0.5723
vn 0.2745 -0.8184 0.5049
vn 0.1555 -0.8129 0.5612
vn 0.3064 -0.8191 0.4849
vn 0.2745 -0.8184 0.5048
vn 0.3485 -0.8183 0.4571
vn 0.5159 0.7910 0.3289
vn 0.4583 0.8049 0.3770
vn 0.4258 0.8104 0.4023
vn 0.4584 0.8048 0.3770
vn 0.4258 0.8105 0.4023
vn 0.3026 0.8205 0.4851
vn 0.3025 0.8205 0.4851
vn 0.2615 0.8202 0.5089
vn 0.4258 0.8104 0.4024
vn 0.3024 0.8205 0.4851
vn 0.1140 0.8179 0.5639
vn 0.1337 0.8181 0.5594
vn 0.1336 0.8181 0.5594
vn 0.0599 0.8072 0.5873
vn 0.0588 0.8087 0.5853
vn 0.1558 0.8123 0.5620
vn 0.1305 0.8096 0.5723
vn 0.1559 0.8123 0.5620
vn 0.2745 0.8184 0.5049
vn 0.3064 0.8191 0.4849
vn 0.3485 0.8183 0.4571
vn -0.4244 0.8079 -0.4090
vn -0.4956 0.7870 -0.3675
vn -0.4504 0.8007 -0.3951
vn -0.4956 0.7869 -0.3675
vn -0.4252 0.8071 -0.4096
vn -0.3335 0.8176 -0.4694
vn -0.3057 0.8173 -0.4885
vn -0.1408 0.8193 -0.5557
vn -0.3056 0.8173 -0.4885
vn -0.1408 0.8194 -0.5557
vn -0.3334 0.8176 -0.4694
vn -0.1657 0.8194 -0.5488
vn -0.1655 0.8194 -0.5488
vn -0.0775 0.8077 -0.5845
vn -0.1656 0.8194 -0.5488
vn -0.0732 0.8094 -0.5826
vn -0.0733 0.8094 -0.5826
vn -0.2405 0.8204 -0.5187
vn -0.2111 0.8184 -0.5345
vn -0.2406 0.8204 -0.5187
vn -0.2112 0.8184 -0.5345
vn -0.4656 0.8041 -0.3696
vn -0.4902 0.7985 -0.3494
vn -0.2406 0.8205 -0.5186
vn -0.5531 0.7795 -0.2939
vn -0.4252 -0.8071 -0.4096
vn -0.3340 -0.8171 -0.4700
vn -0.4504 -0.8007 -0.3951
vn -0.4956 -0.7870 -0.3675
vn -0.4956 -0.7869 -0.3676
vn -0.3335 -0.8176 -0.4694
vn -0.3057 -0.8173 -0.4885
vn -0.1408 -0.8194 -0.5557
vn -0.3056 -0.8173 -0.4885
vn -0.1657 -0.8194 -0.5488
vn -0.3334 -0.8176 -0.4694
vn -0.0775 -0.8077 -0.5844
vn -0.1656 -0.8194 -0.5488
vn -0.0775 -0.8077 -0.5845
vn -0.0732 -0.8094 -0.5826
vn -0.2405 -0.8204 -0.5187
vn -0.0733 -0.8094 -0.5826
vn -0.2111 -0.8184 -0.5345
vn -0.2406 -0.8205 -0.5185
vn -0.4656 -0.8041 -0.3696
vn -0.2112 -0.8184 -0.5345
vn -0.2406 -0.8205 -0.5186
vn -0.4902 -0.7985 -0.3494
vn -0.5531 -0.7795 -0.2939
vt 0.375000 1.000000
vt 0.625000 0.750000
vt 0.625000 1.000000
vt 0.375000 0.750000
vt 0.125000 0.750000
vt 0.375000 0.500000
vt 0.125000 0.500000
vt 0.375000 0.250000
vt 0.625000 0.500000
vt 0.625000 0.250000
vt 0.875000 0.750000
vt 0.875000 0.500000
s 1
usemtl Material_0.003
f 2887/162/875 2888/163/876 2889/164/875
f 2890/163/876 2891/162/875 2892/165/877
f 2893/165/877 2894/163/878 2895/163/876
f 2896/163/879 2897/165/880 2898/165/881
f 2899/165/882 2900/163/879 2901/165/883
f 2902/165/882 2903/163/884 2904/163/879
f 2905/165/885 2906/163/886 2907/165/882
f 2908/165/885 2909/163/887 2910/163/886
f 2911/165/888 2912/163/887 2913/165/885
f 2914/165/888 2915/163/889 2916/163/887
f 2917/165/888 2918/163/890 2919/163/889
f 2920/163/890 2921/165/891 2922/165/892
f 2923/163/893 2924/165/892 2925/163/894
f 2926/166/895 2927/167/896 2928/165/897
f 2929/167/898 2930/166/895 2931/168/895
f 2932/165/899 2933/167/896 2934/167/900
f 2935/167/901 2936/165/902 2937/165/903
f 2938/167/904 2939/165/905 2940/165/902
f 2941/165/905 2942/167/901 2943/167/906
f 2944/167/907 2945/165/908 2946/165/905
f 2947/165/908 2948/167/906 2949/167/909
f 2950/167/909 2951/165/910 2952/165/908
f 2953/165/910 2954/167/909 2955/167/911
f 2956/165/912 2957/167/911 2958/167/913
f 2959/165/914 2960/165/910 2961/167/913
f 2962/165/914 2963/167/913 2964/165/915
f 2965/167/916 2966/169/917 2967/170/918
f 2968/169/919 2969/171/919 2970/170/918
f 2971/167/920 2972/170/918 2973/170/921
f 2974/170/921 2975/167/922 2976/167/920
f 2977/170/921 2978/167/923 2979/167/924
f 2980/167/925 2981/170/926 2982/170/927
f 2983/170/928 2984/167/929 2985/167/923
f 2986/167/929 2987/170/930 2988/170/931
f 2989/170/932 2990/167/933 2991/167/929
f 2992/167/933 2993/170/931 2994/170/934
f 2995/167/935 2996/170/936 2997/170/937
f 2998/167/938 2999/167/939 3000/170/937
f 3001/167/938 3002/170/937 3003/167/940
f 3004/163/941 3005/170/942 3006/170/943
f 3007/170/943 3008/172/944 3009/163/941
f 3010/173/945 3011/172/945 3012/170/943
f 3013/170/946 3014/163/941 3015/163/947
f 3016/163/948 3017/170/946 3018/163/949
f 3019/163/948 3020/170/950 3021/170/951
f 3022/163/952 3023/170/953 3024/163/948
f 3025/163/954 3026/170/955 3027/170/953
f 3028/163/956 3029/170/957 3030/163/952
f 3031/163/956 3032/170/958 3033/170/955
f 3034/163/959 3035/170/960 3036/170/961
f 3037/170/960 3038/163/962 3039/163/963
f 3040/170/960 3041/163/963 3042/170/964
o Mesh_1
v 0.529626 -0.079739 0.330443 0.9058 0.9058 0.9058
v 0.440965 -0.118213 0.421735 0.7764 0.7764 0.7764
v 0.440965 -0.079739 0.421735 0.7764 0.7764 0.7764
v 0.440965 -0.118213 0.421735 0.7764 0.7764 0.7764
v 0.529626 -0.079739 0.330443 0.9058 0.9058 0.9058
v 0.529626 -0.118213 0.330443 0.9058 0.9058 0.9058
v 0.638103 -0.118213 0.957471 0.0000 0.0000 0.0000
v 0.692697 -0.079739 0.811356 0.0000 0.0000 0.0000
v 0.638103 -0.079738 0.957471 0.0000 0.0000 0.0000
v 0.692697 -0.079739 0.811356 0.0000 0.0000 0.0000
v 0.638103 -0.118213 0.957471 0.0000 0.0000 0.0000
v 0.692697 -0.118213 0.811356 0.0000 0.0000 0.0000
v 0.692697 -0.118213 0.811356 0.0000 0.0000 0.0000
v 0.721541 -0.079739 0.704011 0.0510 0.0510 0.0510
v 0.692697 -0.079739 0.811356 0.0000 0.0000 0.0000
v 0.721541 -0.079739 0.704011 0.0510 0.0510 0.0510
v 0.692697 -0.118213 0.811356 0.0000 0.0000 0.0000
v 0.721541 -0.118213 0.704011 0.0510 0.0510 0.0510
v 0.723913 -0.118213 0.657965 0.1686 0.1686 0.1686
v 0.721541 -0.079739 0.704011 0.0510 0.0510 0.0510
v 0.721541 -0.118213 0.704011 0.0510 0.0510 0.0510
v 0.721541 -0.079739 0.704011 0.0510 0.0510 0.0510
v 0.723913 -0.118213 0.657965 0.1686 0.1686 0.1686
v 0.723913 -0.079739 0.657965 0.1686 0.1686 0.1686
v 0.697183 -0.118213 0.578548 0.3568 0.3568 0.3568
v 0.723913 -0.079739 0.657965 0.1686 0.1686 0.1686
v 0.723913 -0.118213 0.657965 0.1686 0.1686 0.1686
v 0.723913 -0.079739 0.657965 0.1686 0.1686 0.1686
v 0.697183 -0.118213 0.578548 0.3568 0.3568 0.3568
v 0.697183 -0.079739 0.578548 0.3568 0.3568 0.3568
v 0.697183 -0.118213 0.578548 0.3608 0.3608 0.3608
v 0.620638 -0.079739 0.422639 0.7020 0.7020 0.7020
v 0.697183 -0.079739 0.578548 0.3608 0.3608 0.3608
v 0.620638 -0.079739 0.422639 0.7020 0.7020 0.7020
v 0.697183 -0.118213 0.578548 0.3608 0.3608 0.3608
v 0.620638 -0.118213 0.422639 0.7020 0.7020 0.7020
v 0.620638 -0.118213 0.422639 0.7020 0.7020 0.7020
v 0.529626 -0.079739 0.330443 0.9058 0.9058 0.9058
v 0.620638 -0.079739 0.422639 0.7020 0.7020 0.7020
v 0.529626 -0.079739 0.330443 0.9058 0.9058 0.9058
v 0.620638 -0.118213 0.422639 0.7020 0.7020 0.7020
v 0.529626 -0.118213 0.330443 0.9058 0.9058 0.9058
v 0.532289 -0.118213 0.668449 0.2392 0.2392 0.2392
v 0.638103 -0.118213 0.957471 0.0000 0.0000 0.0000
v 0.532289 -0.079739 0.668449 0.2392 0.2392 0.2392
v 0.638103 -0.079738 0.957471 0.0000 0.0000 0.0000
v 0.532289 -0.079739 0.668449 0.2392 0.2392 0.2392
v 0.638103 -0.118213 0.957471 0.0000 0.0000 0.0000
v 0.440965 -0.079739 0.421735 0.7725 0.7725 0.7725
v 0.532289 -0.118213 0.668449 0.2392 0.2392 0.2392
v 0.532289 -0.079739 0.668449 0.2392 0.2392 0.2392
v 0.532289 -0.118213 0.668449 0.2392 0.2392 0.2392
v 0.440965 -0.079739 0.421735 0.7725 0.7725 0.7725
v 0.440965 -0.118213 0.421735 0.7725 0.7725 0.7725
v 0.532289 -0.079739 0.668449 0.2392 0.2392 0.2392
v 0.697183 -0.079739 0.578548 0.3608 0.3608 0.3608
v 0.440965 -0.079739 0.421735 0.7725 0.7725 0.7725
v 0.440965 -0.079739 0.421735 0.7725 0.7725 0.7725
v 0.697183 -0.079739 0.578548 0.3608 0.3608 0.3608
v 0.620638 -0.079739 0.422639 0.7020 0.7020 0.7020
v 0.620638 -0.079739 0.422639 0.7020 0.7020 0.7020
v 0.529626 -0.079739 0.330443 0.9058 0.9058 0.9058
v 0.440965 -0.079739 0.421735 0.7725 0.7725 0.7725
v 0.697183 -0.079739 0.578548 0.3608 0.3608 0.3608
v 0.532289 -0.079739 0.668449 0.2392 0.2392 0.2392
v 0.723913 -0.079739 0.657965 0.1686 0.1686 0.1686
v 0.532289 -0.079739 0.668449 0.2392 0.2392 0.2392
v 0.721541 -0.079739 0.704011 0.0510 0.0510 0.0510
v 0.723913 -0.079739 0.657965 0.1686 0.1686 0.1686
v 0.721541 -0.079739 0.704011 0.0510 0.0510 0.0510
v 0.532289 -0.079739 0.668449 0.2392 0.2392 0.2392
v 0.692697 -0.079739 0.811356 0.0000 0.0000 0.0000
v 0.692697 -0.079739 0.811356 0.0000 0.0000 0.0000
v 0.532289 -0.079739 0.668449 0.2392 0.2392 0.2392
v 0.638103 -0.079738 0.957471 0.0000 0.0000 0.0000
v 0.721541 -0.118213 0.704011 0.0510 0.0510 0.0510
v 0.692697 -0.118213 0.811356 0.0000 0.0000 0.0000
v 0.532289 -0.118213 0.668449 0.2392 0.2392 0.2392
v 0.638103 -0.118213 0.957471 0.0000 0.0000 0.0000
v 0.532289 -0.118213 0.668449 0.2392 0.2392 0.2392
v 0.692697 -0.118213 0.811356 0.0000 0.0000 0.0000
v 0.532289 -0.118213 0.668449 0.2392 0.2392 0.2392
v 0.723913 -0.118213 0.657965 0.1686 0.1686 0.1686
v 0.721541 -0.118213 0.704011 0.0510 0.0510 0.0510
v 0.532289 -0.118213 0.668449 0.2392 0.2392 0.2392
v 0.697183 -0.118213 0.578548 0.3608 0.3608 0.3608
v 0.723913 -0.118213 0.657965 0.1686 0.1686 0.1686
v 0.440965 -0.118213 0.421735 0.7725 0.7725 0.7725
v 0.697183 -0.118213 0.578548 0.3608 0.3608 0.3608
v 0.532289 -0.118213 0.668449 0.2392 0.2392 0.2392
v 0.697183 -0.118213 0.578548 0.3608 0.3608 0.3608
v 0.440965 -0.118213 0.421735 0.7725 0.7725 0.7725
v 0.620638 -0.118213 0.422639 0.7020 0.7020 0.7020
v 0.620638 -0.118213 0.422639 0.7020 0.7020 0.7020
v 0.440965 -0.118213 0.421735 0.7725 0.7725 0.7725
v 0.529626 -0.118213 0.330443 0.9058 0.9058 0.9058
vn -0.7174 -0.0000 -0.6967
vn 0.9367 -0.0000 0.3500
vn 0.9522 -0.0000 0.3056
vn 0.9875 -0.0000 0.1577
vn 0.9902 -0.0000 -0.1397
vn 0.9875 -0.0000 0.1576
vn 0.9243 -0.0000 -0.3818
vn 0.9902 -0.0000 -0.1399
vn 0.9242 -0.0000 -0.3819
vn 0.8081 -0.0000 -0.5891
vn 0.8080 -0.0000 -0.5892
vn 0.7117 -0.0000 -0.7025
vn -0.9384 -0.0000 0.3455
vn -0.9390 -0.0000 0.3438
vn -0.9378 -0.0000 0.3471
vn -0.0000 1.0000 -0.0000
vn -0.0000 -1.0000 -0.0000
vt 1.000000 1.000000
vt 1.000000 0.000000
s 0
usemtl Material_1.001
f 3043/174/965 3044/175/965 3045/174/965
f 3046/175/965 3047/174/965 3048/175/965
s 1
f 3049/175/966 3050/174/967 3051/174/966
f 3052/174/967 3053/175/966 3054/175/967
f 3055/175/967 3056/174/968 3057/174/967
f 3058/174/968 3059/175/967 3060/175/968
f 3061/175/969 3062/174/970 3063/175/970
f 3064/174/970 3065/175/969 3066/174/969
f 3067/175/971 3068/174/972 3069/175/972
f 3070/174/972 3071/175/971 3072/174/971
f 3073/175/973 3074/174/974 3075/174/973
f 3076/174/974 3077/175/973 3078/175/974
f 3079/175/975 3080/174/976 3081/174/975
f 3082/174/976 3083/175/975 3084/175/976
f 3085/175/977 3086/175/978 3087/174/977
f 3088/174/978 3089/174/977 3090/175/978
f 3091/174/979 3092/175/977 3093/174/977
f 3094/175/977 3095/174/979 3096/175/979
s 0
f 3097/174/980 3098/174/980 3099/174/980
f 3100/174/980 3101/174/980 3102/174/980
f 3103/174/980 3104/174/980 3105/174/980
f 3106/174/980 3107/174/980 3108/174/980
f 3109/174/980 3110/174/980 3111/174/980
f 3112/174/980 3113/174/980 3114/174/980
f 3115/174/980 3116/174/980 3117/174/980
f 3118/175/981 3119/175/981 3120/175/981
f 3121/175/981 3122/175/981 3123/175/981
f 3124/175/981 3125/175/981 3126/175/981
f 3127/175/981 3128/175/981 3129/175/981
f 3130/175/981 3131/175/981 3132/175/981
f 3133/175/981 3134/175/981 3135/175/981
f 3136/175/981 3137/175/981 3138/175/981
o Mesh_2
v 0.180195 -0.122364 0.507695 0.7882 0.7882 0.7882
v 0.319748 -0.071317 0.484807 0.9058 0.9058 0.9058
v 0.319748 -0.122364 0.484807 0.9058 0.9058 0.9058
v 0.319748 -0.071317 0.484807 0.9058 0.9058 0.9058
v 0.180195 -0.122364 0.507695 0.7882 0.7882 0.7882
v 0.180195 -0.071317 0.507695 0.7882 0.7882 0.7882
v -0.039755 -0.122364 1.001143 0.1098 0.1098 0.1098
v -0.199273 -0.122364 1.399271 0.0000 0.0000 0.0000
v -0.039755 -0.071317 1.001143 0.1098 0.1098 0.1098
v -0.199273 -0.071317 1.399271 0.0000 0.0000 0.0000
v -0.039755 -0.071317 1.001143 0.1098 0.1098 0.1098
v -0.199273 -0.122364 1.399271 0.0000 0.0000 0.0000
v 0.180195 -0.071317 0.507695 0.7843 0.7843 0.7843
v -0.039755 -0.122364 1.001143 0.1098 0.1098 0.1098
v -0.039755 -0.071317 1.001143 0.1098 0.1098 0.1098
v -0.039755 -0.122364 1.001143 0.1098 0.1098 0.1098
v 0.180195 -0.071317 0.507695 0.7843 0.7843 0.7843
v 0.180195 -0.122364 0.507695 0.7843 0.7843 0.7843
v -0.199273 -0.122364 1.399271 0.0000 0.0000 0.0000
v -0.006593 -0.071317 1.298670 0.0000 0.0000 0.0000
v -0.199273 -0.071317 1.399271 0.0000 0.0000 0.0000
v -0.006593 -0.071317 1.298670 0.0000 0.0000 0.0000
v -0.199273 -0.122364 1.399271 0.0000 0.0000 0.0000
v -0.006593 -0.122364 1.298670 0.0000 0.0000 0.0000
v -0.006593 -0.122364 1.298670 0.0000 0.0000 0.0000
v 0.123286 -0.071317 1.214272 0.0078 0.0078 0.0078
v -0.006593 -0.071317 1.298670 0.0000 0.0000 0.0000
v 0.123286 -0.071317 1.214272 0.0078 0.0078 0.0078
v -0.006593 -0.122364 1.298670 0.0000 0.0000 0.0000
v 0.123286 -0.122364 1.214272 0.0078 0.0078 0.0078
v 0.123286 -0.122364 1.214272 0.0078 0.0078 0.0078
v 0.168628 -0.071317 1.168754 0.1098 0.1098 0.1098
v 0.123286 -0.071317 1.214272 0.0078 0.0078 0.0078
v 0.168628 -0.071317 1.168754 0.1098 0.1098 0.1098
v 0.123286 -0.122364 1.214272 0.0078 0.0078 0.0078
v 0.168628 -0.122364 1.168754 0.1098 0.1098 0.1098
v 0.168628 -0.122364 1.168754 0.1098 0.1098 0.1098
v 0.214893 -0.071317 1.061542 0.2745 0.2745 0.2745
v 0.168628 -0.071317 1.168754 0.1098 0.1098 0.1098
v 0.214893 -0.071317 1.061542 0.2745 0.2745 0.2745
v 0.168628 -0.122364 1.168754 0.1098 0.1098 0.1098
v 0.214893 -0.122364 1.061542 0.2745 0.2745 0.2745
v 0.214893 -0.122364 1.061542 0.2745 0.2745 0.2745
v 0.280767 -0.071317 0.828649 0.5647 0.5647 0.5647
v 0.214893 -0.071317 1.061542 0.2745 0.2745 0.2745
v 0.280767 -0.071317 0.828649 0.5647 0.5647 0.5647
v 0.214893 -0.122364 1.061542 0.2745 0.2745 0.2745
v 0.280767 -0.122364 0.828649 0.5647 0.5647 0.5647
v 0.280767 -0.122364 0.828649 0.5647 0.5647 0.5647
v 0.319748 -0.071317 0.484807 0.9058 0.9058 0.9058
v 0.280767 -0.071317 0.828649 0.5647 0.5647 0.5647
v 0.319748 -0.071317 0.484807 0.9058 0.9058 0.9058
v 0.280767 -0.122364 0.828649 0.5647 0.5647 0.5647
v 0.319748 -0.122364 0.484807 0.9058 0.9058 0.9058
v 0.280767 -0.071317 0.828649 0.5647 0.5647 0.5647
v 0.180195 -0.071317 0.507695 0.7843 0.7843 0.7843
v -0.039755 -0.071317 1.001143 0.1098 0.1098 0.1098
v 0.180195 -0.071317 0.507695 0.7843 0.7843 0.7843
v 0.280767 -0.071317 0.828649 0.5647 0.5647 0.5647
v 0.319748 -0.071317 0.484807 0.9058 0.9058 0.9058
v -0.039755 -0.071317 1.001143 0.1098 0.1098 0.1098
v 0.214893 -0.071317 1.061542 0.2745 0.2745 0.2745
v 0.280767 -0.071317 0.828649 0.5647 0.5647 0.5647
v -0.039755 -0.071317 1.001143 0.1098 0.1098 0.1098
v 0.168628 -0.071317 1.168754 0.1098 0.1098 0.1098
v 0.214893 -0.071317 1.061542 0.2745 0.2745 0.2745
v 0.168628 -0.071317 1.168754 0.1098 0.1098 0.1098
v -0.039755 -0.071317 1.001143 0.1098 0.1098 0.1098
v 0.123286 -0.071317 1.214272 0.0078 0.0078 0.0078
v 0.123286 -0.071317 1.214272 0.0078 0.0078 0.0078
v -0.039755 -0.071317 1.001143 0.1098 0.1098 0.1098
v -0.006593 -0.071317 1.298670 0.0000 0.0000 0.0000
v -0.006593 -0.071317 1.298670 0.0000 0.0000 0.0000
v -0.039755 -0.071317 1.001143 0.1098 0.1098 0.1098
v -0.199273 -0.071317 1.399271 0.0000 0.0000 0.0000
v 0.214893 -0.122364 1.061542 0.2745 0.2745 0.2745
v -0.039755 -0.122364 1.001143 0.1098 0.1098 0.1098
v 0.280767 -0.122364 0.828649 0.5647 0.5647 0.5647
v 0.168628 -0.122364 1.168754 0.1098 0.1098 0.1098
v -0.039755 -0.122364 1.001143 0.1098 0.1098 0.1098
v 0.214893 -0.122364 1.061542 0.2745 0.2745 0.2745
v -0.039755 -0.122364 1.001143 0.1098 0.1098 0.1098
v 0.168628 -0.122364 1.168754 0.1098 0.1098 0.1098
v 0.123286 -0.122364 1.214272 0.0078 0.0078 0.0078
v -0.039755 -0.122364 1.001143 0.1098 0.1098 0.1098
v 0.123286 -0.122364 1.214272 0.0078 0.0078 0.0078
v -0.006593 -0.122364 1.298670 0.0000 0.0000 0.0000
v -0.039755 -0.122364 1.001143 0.1098 0.1098 0.1098
v -0.006593 -0.122364 1.298670 0.0000 0.0000 0.0000
v -0.199273 -0.122364 1.399271 0.0000 0.0000 0.0000
v 0.280767 -0.122364 0.828649 0.5647 0.5647 0.5647
v -0.039755 -0.122364 1.001143 0.1098 0.1098 0.1098
v 0.180195 -0.122364 0.507695 0.7843 0.7843 0.7843
v 0.280767 -0.122364 0.828649 0.5647 0.5647 0.5647
v 0.180195 -0.122364 0.507695 0.7843 0.7843 0.7843
v 0.319748 -0.122364 0.484807 0.9058 0.9058 0.9058
vn -0.1619 -0.0000 -0.9868
vn -0.9209 -0.0000 -0.3897
vn -0.9283 -0.0000 -0.3719
vn -0.9134 -0.0000 -0.4071
vn 0.4628 -0.0000 0.8864
vn 0.5030 -0.0000 0.8643
vn 0.6244 -0.0000 0.7811
vn 0.8186 -0.0000 0.5743
vn 0.8187 -0.0000 0.5742
vn 0.9419 -0.0000 0.3360
vn 0.9810 -0.0000 0.1940
vn 0.9936 -0.0000 0.1126
vn -0.0000 1.0000 -0.0000
vn -0.0000 -1.0000 -0.0000
vt 1.000000 0.000000
vt 1.000000 1.000000
s 1
usemtl Material_2.001
f 3139/176/982 3140/177/982 3141/176/982
f 3142/177/982 3143/176/982 3144/177/982
f 3145/176/983 3146/176/984 3147/177/983
f 3148/177/984 3149/177/983 3150/176/984
f 3151/177/985 3152/176/983 3153/177/983
f 3154/176/983 3155/177/985 3156/176/985
f 3157/176/986 3158/177/987 3159/177/986
f 3160/177/987 3161/176/986 3162/176/987
f 3163/176/987 3164/177/988 3165/177/987
f 3166/177/988 3167/176/987 3168/176/988
f 3169/176/988 3170/177/989 3171/177/988
f 3172/177/989 3173/176/988 3174/176/989
f 3175/176/990 3176/177/991 3177/177/990
f 3178/177/991 3179/176/990 3180/176/991
f 3181/176/991 3182/177/992 3183/177/991
f 3184/177/992 3185/176/991 3186/176/992
f 3187/176/992 3188/177/993 3189/177/992
f 3190/177/993 3191/176/992 3192/176/993
s 0
f 3193/177/994 3194/177/994 3195/177/994
f 3196/177/994 3197/177/994 3198/177/994
f 3199/177/994 3200/177/994 3201/177/994
f 3202/177/994 3203/177/994 3204/177/994
f 3205/177/994 3206/177/994 3207/177/994
f 3208/177/994 3209/177/994 3210/177/994
f 3211/177/994 3212/177/994 3213/177/994
f 3214/176/995 3215/176/995 3216/176/995
f 3217/176/995 3218/176/995 3219/176/995
f 3220/176/995 3221/176/995 3222/176/995
f 3223/176/995 3224/176/995 3225/176/995
f 3226/176/995 3227/176/995 3228/176/995
f 3229/176/995 3230/176/995 3231/176/995
f 3232/176/995 3233/176/995 3234/176/995
o Mesh_3
v 0.313648 -0.119044 0.453314 0.7921 0.7921 0.7921
v 0.479629 -0.074637 0.390882 0.8902 0.8902 0.8902
v 0.479629 -0.119044 0.390882 0.8902 0.8902 0.8902
v 0.479629 -0.074637 0.390882 0.8902 0.8902 0.8902
v 0.313648 -0.119044 0.453314 0.7921 0.7921 0.7921
v 0.313648 -0.074637 0.453314 0.7921 0.7921 0.7921
v 0.282258 -0.119044 0.818563 0.2510 0.2510 0.2510
v 0.244014 -0.119044 1.245751 0.0000 0.0000 0.0000
v 0.282258 -0.074637 0.818563 0.2510 0.2510 0.2510
v 0.244014 -0.074637 1.245751 0.0000 0.0000 0.0000
v 0.282258 -0.074637 0.818563 0.2510 0.2510 0.2510
v 0.244014 -0.119044 1.245751 0.0000 0.0000 0.0000
v 0.313648 -0.074637 0.453314 0.7921 0.7921 0.7921
v 0.282258 -0.119044 0.818563 0.2510 0.2510 0.2510
v 0.282258 -0.074637 0.818563 0.2510 0.2510 0.2510
v 0.282258 -0.119044 0.818563 0.2510 0.2510 0.2510
v 0.313648 -0.074637 0.453314 0.7921 0.7921 0.7921
v 0.313648 -0.119044 0.453314 0.7921 0.7921 0.7921
v 0.244014 -0.119044 1.245751 0.0000 0.0000 0.0000
v 0.399609 -0.074637 1.093974 0.0000 0.0000 0.0000
v 0.244014 -0.074637 1.245751 0.0000 0.0000 0.0000
v 0.399609 -0.074637 1.093974 0.0000 0.0000 0.0000
v 0.244014 -0.119044 1.245751 0.0000 0.0000 0.0000
v 0.399609 -0.119044 1.093974 0.0000 0.0000 0.0000
v 0.399609 -0.119044 1.093974 0.0000 0.0000 0.0000
v 0.499718 -0.074637 0.975782 0.0039 0.0039 0.0039
v 0.399609 -0.074637 1.093974 0.0000 0.0000 0.0000
v 0.499718 -0.074637 0.975782 0.0039 0.0039 0.0039
v 0.399609 -0.119044 1.093974 0.0000 0.0000 0.0000
v 0.499718 -0.119044 0.975782 0.0039 0.0039 0.0039
v 0.499718 -0.119044 0.975782 0.0039 0.0039 0.0039
v 0.530050 -0.074637 0.919143 0.1020 0.1020 0.1020
v 0.499718 -0.074637 0.975782 0.0039 0.0039 0.0039
v 0.530050 -0.074637 0.919143 0.1020 0.1020 0.1020
v 0.499718 -0.119044 0.975782 0.0039 0.0039 0.0039
v 0.530050 -0.119044 0.919143 0.1020 0.1020 0.1020
v 0.530050 -0.119044 0.919143 0.1020 0.1020 0.1020
v 0.543517 -0.074637 0.803154 0.3019 0.3019 0.3019
v 0.530050 -0.074637 0.919143 0.1020 0.1020 0.1020
v 0.543517 -0.074637 0.803154 0.3019 0.3019 0.3019
v 0.530050 -0.119044 0.919143 0.1020 0.1020 0.1020
v 0.543517 -0.119044 0.803154 0.3019 0.3019 0.3019
v 0.543517 -0.119044 0.803154 0.3059 0.3059 0.3059
v 0.539610 -0.074637 0.561155 0.6628 0.6628 0.6628
v 0.543517 -0.074637 0.803154 0.3019 0.3019 0.3019
v 0.539610 -0.074637 0.561155 0.6628 0.6628 0.6628
v 0.543517 -0.119044 0.803154 0.3059 0.3059 0.3059
v 0.539610 -0.119044 0.561155 0.6628 0.6628 0.6628
v 0.539610 -0.119044 0.561155 0.6628 0.6628 0.6628
v 0.479629 -0.074637 0.390882 0.8902 0.8902 0.8902
v 0.539610 -0.074637 0.561155 0.6628 0.6628 0.6628
v 0.479629 -0.074637 0.390882 0.8902 0.8902 0.8902
v 0.539610 -0.119044 0.561155 0.6628 0.6628 0.6628
v 0.479629 -0.119044 0.390882 0.8902 0.8902 0.8902
v 0.543517 -0.074637 0.803154 0.3059 0.3059 0.3059
v 0.539610 -0.074637 0.561155 0.6628 0.6628 0.6628
v 0.282258 -0.074637 0.818563 0.2510 0.2510 0.2510
v 0.282258 -0.074637 0.818563 0.2510 0.2510 0.2510
v 0.530050 -0.074637 0.919143 0.1020 0.1020 0.1020
v 0.543517 -0.074637 0.803154 0.3059 0.3059 0.3059
v 0.530050 -0.074637 0.919143 0.1020 0.1020 0.1020
v 0.282258 -0.074637 0.818563 0.2510 0.2510 0.2510
v 0.499718 -0.074637 0.975782 0.0039 0.0039 0.0039
v 0.499718 -0.074637 0.975782 0.0039 0.0039 0.0039
v 0.282258 -0.074637 0.818563 0.2510 0.2510 0.2510
v 0.399609 -0.074637 1.093974 0.0000 0.0000 0.0000
v 0.399609 -0.074637 1.093974 0.0000 0.0000 0.0000
v 0.282258 -0.074637 0.818563 0.2510 0.2510 0.2510
v 0.244014 -0.074637 1.245751 0.0000 0.0000 0.0000
v 0.539610 -0.074637 0.561155 0.6628 0.6628 0.6628
v 0.313648 -0.074637 0.453314 0.7921 0.7921 0.7921
v 0.282258 -0.074637 0.818563 0.2510 0.2510 0.2510
v 0.313648 -0.074637 0.453314 0.7921 0.7921 0.7921
v 0.539610 -0.074637 0.561155 0.6628 0.6628 0.6628
v 0.479629 -0.074637 0.390882 0.8902 0.8902 0.8902
v 0.282258 -0.119044 0.818563 0.2510 0.2510 0.2510
v 0.539610 -0.119044 0.561155 0.6628 0.6628 0.6628
v 0.543517 -0.119044 0.803154 0.3059 0.3059 0.3059
v 0.530050 -0.119044 0.919143 0.1020 0.1020 0.1020
v 0.282258 -0.119044 0.818563 0.2510 0.2510 0.2510
v 0.543517 -0.119044 0.803154 0.3059 0.3059 0.3059
v 0.282258 -0.119044 0.818563 0.2510 0.2510 0.2510
v 0.530050 -0.119044 0.919143 0.1020 0.1020 0.1020
v 0.499718 -0.119044 0.975782 0.0039 0.0039 0.0039
v 0.282258 -0.119044 0.818563 0.2510 0.2510 0.2510
v 0.499718 -0.119044 0.975782 0.0039 0.0039 0.0039
v 0.399609 -0.119044 1.093974 0.0000 0.0000 0.0000
v 0.399609 -0.119044 1.093974 0.0000 0.0000 0.0000
v 0.244014 -0.119044 1.245751 0.0000 0.0000 0.0000
v 0.282258 -0.119044 0.818563 0.2510 0.2510 0.2510
v 0.539610 -0.119044 0.561155 0.6628 0.6628 0.6628
v 0.282258 -0.119044 0.818563 0.2510 0.2510 0.2510
v 0.313648 -0.119044 0.453314 0.7921 0.7921 0.7921
v 0.539610 -0.119044 0.561155 0.6628 0.6628 0.6628
v 0.313648 -0.119044 0.453314 0.7921 0.7921 0.7921
v 0.479629 -0.119044 0.390882 0.8902 0.8902 0.8902
vn -0.3521 -0.0000 -0.9360
vn -0.9962 -0.0000 -0.0874
vn -0.9960 -0.0000 -0.0892
vn -0.9963 -0.0000 -0.0856
vn 0.6983 -0.0000 0.7158
vn 0.7306 -0.0000 0.6828
vn 0.8240 -0.0000 0.5666
vn 0.8241 -0.0000 0.5665
vn 0.9517 -0.0000 0.3069
vn 0.9518 -0.0000 0.3068
vn 0.9988 -0.0000 0.0499
vn 0.9518 0.0001 0.3068
vn 0.9988 -0.0000 0.0498
vn 0.9837 -0.0000 -0.1799
vn 0.9837 -0.0000 -0.1800
vn 0.9432 -0.0000 -0.3322
vn 0.9432 -0.0000 -0.3323
vn -0.0000 1.0000 -0.0000
vn -0.0000 -1.0000 -0.0000
vt 1.000000 0.000000
vt 1.000000 1.000000
s 0
usemtl Material_3.001
f 3235/178/996 3236/179/996 3237/178/996
f 3238/179/996 3239/178/996 3240/179/996
s 1
f 3241/178/997 3242/178/998 3243/179/997
f 3244/179/998 3245/179/997 3246/178/998
f 3247/179/999 3248/178/997 3249/179/997
f 3250/178/997 3251/179/999 3252/178/999
f 3253/178/1000 3254/179/1001 3255/179/1000
f 3256/179/1001 3257/178/1000 3258/178/1001
f 3259/178/1001 3260/179/1002 3261/179/1001
f 3262/179/1002 3263/178/1001 3264/178/1002
f 3265/178/1003 3266/179/1004 3267/179/1003
f 3268/179/1004 3269/178/1003 3270/178/1004
f 3271/178/1005 3272/179/1006 3273/179/1005
f 3274/179/1006 3275/178/1007 3276/178/1006
f 3277/178/1008 3278/179/1009 3279/179/1008
f 3280/179/1009 3281/178/1008 3282/178/1009
f 3283/178/1010 3284/179/1011 3285/179/1010
f 3286/179/1012 3287/178/1010 3288/178/1012
s 0
f 3289/179/1013 3290/179/1013 3291/179/1013
f 3292/179/1013 3293/179/1013 3294/179/1013
f 3295/179/1013 3296/179/1013 3297/179/1013
f 3298/179/1013 3299/179/1013 3300/179/1013
f 3301/179/1013 3302/179/1013 3303/179/1013
f 3304/179/1013 3305/179/1013 3306/179/1013
f 3307/179/1013 3308/179/1013 3309/179/1013
f 3310/178/1014 3311/178/1014 3312/178/1014
f 3313/178/1014 3314/178/1014 3315/178/1014
f 3316/178/1014 3317/178/1014 3318/178/1014
f 3319/178/1014 3320/178/1014 3321/178/1014
f 3322/178/1014 3323/178/1014 3324/178/1014
f 3325/178/1014 3326/178/1014 3327/178/1014
f 3328/178/1014 3329/178/1014 3330/178/1014
o Mesh_4
v 0.045412 -0.065246 0.456962 0.8509 0.8509 0.8509
v 0.192159 -0.128435 0.499592 0.8666 0.8666 0.8666
v 0.045412 -0.128435 0.456962 0.8509 0.8509 0.8509
v 0.192159 -0.128435 0.499592 0.8666 0.8666 0.8666
v 0.045412 -0.065246 0.456962 0.8509 0.8509 0.8509
v 0.192159 -0.065246 0.499592 0.8666 0.8666 0.8666
v -0.440219 -0.128435 0.963335 0.1294 0.1294 0.1294
v -0.629932 -0.128435 1.175748 0.0000 0.0000 0.0000
v -0.440219 -0.065246 0.963335 0.1294 0.1294 0.1294
v -0.629932 -0.065246 1.175748 0.0000 0.0000 0.0000
v -0.440219 -0.065246 0.963335 0.1294 0.1294 0.1294
v -0.629932 -0.128435 1.175748 0.0000 0.0000 0.0000
v -0.629932 -0.065246 1.175748 0.0000 0.0000 0.0000
v -0.629932 -0.128435 1.175748 0.0000 0.0000 0.0000
v -0.796945 -0.128435 1.346005 0.0000 0.0000 0.0000
v -0.796945 -0.065246 1.346005 0.0000 0.0000 0.0000
v -0.629932 -0.065246 1.175748 0.0000 0.0000 0.0000
v -0.796945 -0.128435 1.346005 0.0000 0.0000 0.0000
v -0.104549 -0.065246 0.539710 0.7176 0.7176 0.7176
v -0.440219 -0.128435 0.963335 0.1294 0.1294 0.1294
v -0.440219 -0.065246 0.963335 0.1294 0.1294 0.1294
v -0.440219 -0.128435 0.963335 0.1294 0.1294 0.1294
v -0.104549 -0.065246 0.539710 0.7176 0.7176 0.7176
v -0.104549 -0.128435 0.539710 0.7176 0.7176 0.7176
v 0.045412 -0.065246 0.456962 0.8509 0.8509 0.8509
v -0.104549 -0.128435 0.539710 0.7176 0.7176 0.7176
v -0.104549 -0.065246 0.539710 0.7176 0.7176 0.7176
v -0.104549 -0.128435 0.539710 0.7176 0.7176 0.7176
v 0.045412 -0.065246 0.456962 0.8509 0.8509 0.8509
v 0.045412 -0.128435 0.456962 0.8509 0.8509 0.8509
v -0.796945 -0.128435 1.346005 0.0000 0.0000 0.0000
v -0.578044 -0.065246 1.302225 0.0000 0.0000 0.0000
v -0.796945 -0.065246 1.346005 0.0000 0.0000 0.0000
v -0.578044 -0.065246 1.302225 0.0000 0.0000 0.0000
v -0.796945 -0.128435 1.346005 0.0000 0.0000 0.0000
v -0.578044 -0.128435 1.302225 0.0000 0.0000 0.0000
v -0.578044 -0.128435 1.302225 0.0000 0.0000 0.0000
v -0.393195 -0.065246 1.240608 0.0000 0.0000 0.0000
v -0.578044 -0.065246 1.302225 0.0000 0.0000 0.0000
v -0.393195 -0.065246 1.240608 0.0000 0.0000 0.0000
v -0.578044 -0.128435 1.302225 0.0000 0.0000 0.0000
v -0.393195 -0.128435 1.240608 0.0000 0.0000 0.0000
v -0.393195 -0.128435 1.240608 0.0000 0.0000 0.0000
v -0.284556 -0.065246 1.188721 0.0000 0.0000 0.0000
v -0.393195 -0.065246 1.240608 0.0000 0.0000 0.0000
v -0.284556 -0.065246 1.188721 0.0000 0.0000 0.0000
v -0.393195 -0.128435 1.240608 0.0000 0.0000 0.0000
v -0.284556 -0.128435 1.188721 0.0000 0.0000 0.0000
v -0.284556 -0.128435 1.188721 0.0000 0.0000 0.0000
v -0.098087 -0.065246 1.026573 0.2235 0.2235 0.2235
v -0.284556 -0.065246 1.188721 0.0000 0.0000 0.0000
v -0.098087 -0.065246 1.026573 0.2235 0.2235 0.2235
v -0.284556 -0.128435 1.188721 0.0000 0.0000 0.0000
v -0.098087 -0.128435 1.026573 0.2235 0.2235 0.2235
v -0.098087 -0.128435 1.026573 0.2235 0.2235 0.2235
v 0.017039 -0.065246 0.840102 0.4745 0.4745 0.4745
v -0.098087 -0.065246 1.026573 0.2235 0.2235 0.2235
v 0.017039 -0.065246 0.840102 0.4745 0.4745 0.4745
v -0.098087 -0.128435 1.026573 0.2235 0.2235 0.2235
v 0.017039 -0.128435 0.840102 0.4745 0.4745 0.4745
v 0.017039 -0.128435 0.840102 0.4745 0.4745 0.4745
v 0.192159 -0.065246 0.499592 0.8666 0.8666 0.8666
v 0.017039 -0.065246 0.840102 0.4745 0.4745 0.4745
v 0.192159 -0.065246 0.499592 0.8666 0.8666 0.8666
v 0.017039 -0.128435 0.840102 0.4745 0.4745 0.4745
v 0.192159 -0.128435 0.499592 0.8666 0.8666 0.8666
v -0.440219 -0.065246 0.963335 0.1294 0.1294 0.1294
v -0.284556 -0.065246 1.188721 0.0000 0.0000 0.0000
v -0.098087 -0.065246 1.026573 0.2235 0.2235 0.2235
v -0.440219 -0.065246 0.963335 0.1294 0.1294 0.1294
v -0.098087 -0.065246 1.026573 0.2235 0.2235 0.2235
v 0.017039 -0.065246 0.840102 0.4745 0.4745 0.4745
v -0.629932 -0.065246 1.175748 0.0000 0.0000 0.0000
v -0.284556 -0.065246 1.188721 0.0000 0.0000 0.0000
v -0.440219 -0.065246 0.963335 0.1294 0.1294 0.1294
v 0.017039 -0.065246 0.840102 0.4745 0.4745 0.4745
v -0.104549 -0.065246 0.539710 0.7176 0.7176 0.7176
v -0.440219 -0.065246 0.963335 0.1294 0.1294 0.1294
v 0.192159 -0.065246 0.499592 0.8666 0.8666 0.8666
v -0.104549 -0.065246 0.539710 0.7176 0.7176 0.7176
v 0.017039 -0.065246 0.840102 0.4745 0.4745 0.4745
v -0.104549 -0.065246 0.539710 0.7176 0.7176 0.7176
v 0.192159 -0.065246 0.499592 0.8666 0.8666 0.8666
v 0.045412 -0.065246 0.456962 0.8509 0.8509 0.8509
v -0.284556 -0.065246 1.188721 0.0000 0.0000 0.0000
v -0.629932 -0.065246 1.175748 0.0000 0.0000 0.0000
v -0.393195 -0.065246 1.240608 0.0000 0.0000 0.0000
v -0.393195 -0.065246 1.240608 0.0000 0.0000 0.0000
v -0.629932 -0.065246 1.175748 0.0000 0.0000 0.0000
v -0.578044 -0.065246 1.302225 0.0000 0.0000 0.0000
v -0.578044 -0.065246 1.302225 0.0000 0.0000 0.0000
v -0.629932 -0.065246 1.175748 0.0000 0.0000 0.0000
v -0.796945 -0.065246 1.346005 0.0000 0.0000 0.0000
v 0.017039 -0.128435 0.840102 0.4745 0.4745 0.4745
v -0.104549 -0.128435 0.539710 0.7176 0.7176 0.7176
v 0.192159 -0.128435 0.499592 0.8666 0.8666 0.8666
v 0.192159 -0.128435 0.499592 0.8666 0.8666 0.8666
v -0.104549 -0.128435 0.539710 0.7176 0.7176 0.7176
v 0.045412 -0.128435 0.456962 0.8509 0.8509 0.8509
v -0.104549 -0.128435 0.539710 0.7176 0.7176 0.7176
v 0.017039 -0.128435 0.840102 0.4745 0.4745 0.4745
v -0.440219 -0.128435 0.963335 0.1294 0.1294 0.1294
v -0.098087 -0.128435 1.026573 0.2235 0.2235 0.2235
v -0.440219 -0.128435 0.963335 0.1294 0.1294 0.1294
v 0.017039 -0.128435 0.840102 0.4745 0.4745 0.4745
v -0.440219 -0.128435 0.963335 0.1294 0.1294 0.1294
v -0.098087 -0.128435 1.026573 0.2235 0.2235 0.2235
v -0.284556 -0.128435 1.188721 0.0000 0.0000 0.0000
v -0.284556 -0.128435 1.188721 0.0000 0.0000 0.0000
v -0.629932 -0.128435 1.175748 0.0000 0.0000 0.0000
v -0.440219 -0.128435 0.963335 0.1294 0.1294 0.1294
v -0.629932 -0.128435 1.175748 0.0000 0.0000 0.0000
v -0.284556 -0.128435 1.188721 0.0000 0.0000 0.0000
v -0.393195 -0.128435 1.240608 0.0000 0.0000 0.0000
v -0.629932 -0.128435 1.175748 0.0000 0.0000 0.0000
v -0.393195 -0.128435 1.240608 0.0000 0.0000 0.0000
v -0.578044 -0.128435 1.302225 0.0000 0.0000 0.0000
v -0.578044 -0.128435 1.302225 0.0000 0.0000 0.0000
v -0.796945 -0.128435 1.346005 0.0000 0.0000 0.0000
v -0.629932 -0.128435 1.175748 0.0000 0.0000 0.0000
vn 0.2790 -0.0000 -0.9603
vn -0.7648 -0.0000 -0.6442
vn -0.7299 -0.0000 -0.6836
vn -0.7298 -0.0000 -0.6836
vn -0.7139 -0.0000 -0.7003
vn -0.6263 -0.0000 -0.7795
vn -0.6263 -0.0000 -0.7796
vn -0.4831 -0.0000 -0.8756
vn 0.1961 -0.0000 0.9806
vn 0.2543 -0.0000 0.9671
vn 0.2544 -0.0000 0.9671
vn 0.3717 -0.0000 0.9283
vn 0.5376 -0.0000 0.8432
vn 0.7541 -0.0000 0.6568
vn 0.7542 -0.0000 0.6567
vn 0.8705 -0.0000 0.4922
vn 0.8893 -0.0000 0.4574
vn 0.8893 -0.0000 0.4573
vn -0.0000 1.0000 -0.0000
vn -0.0000 -1.0000 -0.0000
vt 0.500000 1.000000
vt 1.000000 0.000000
vt 0.500000 0.000000
vt 1.000000 1.000000
s 0
usemtl Material_4.001
f 3331/180/1015 3332/181/1015 3333/182/1015
f 3334/181/1015 3335/180/1015 3336/183/1015
s 1
f 3337/181/1016 3338/181/1017 3339/183/1016
f 3340/183/1017 3341/183/1016 3342/181/1017
f 3343/183/1018 3344/181/1018 3345/181/1019
f 3346/183/1019 3347/183/1018 3348/181/1019
f 3349/180/1020 3350/181/1016 3351/183/1016
f 3352/181/1016 3353/180/1021 3354/182/1021
f 3355/180/1022 3356/182/1021 3357/180/1021
f 3358/182/1021 3359/180/1022 3360/182/1022
f 3361/181/1023 3362/183/1024 3363/183/1023
f 3364/183/1024 3365/181/1023 3366/181/1024
f 3367/181/1025 3368/183/1026 3369/183/1025
f 3370/183/1026 3371/181/1025 3372/181/1026
f 3373/181/1026 3374/183/1027 3375/183/1026
f 3376/183/1027 3377/181/1026 3378/181/1027
f 3379/181/1027 3380/183/1028 3381/183/1027
f 3382/183/1028 3383/181/1027 3384/181/1028
f 3385/181/1029 3386/183/1030 3387/183/1029
f 3388/183/1030 3389/181/1029 3390/181/1030
f 3391/181/1030 3392/183/1031 3393/183/1030
f 3394/183/1032 3395/181/1030 3396/181/1032
s 0
f 3397/183/1033 3398/183/1033 3399/183/1033
f 3400/183/1033 3401/183/1033 3402/183/1033
f 3403/183/1033 3404/183/1033 3405/183/1033
f 3406/183/1033 3407/180/1033 3408/183/1033
f 3409/183/1033 3410/180/1033 3411/183/1033
f 3412/180/1033 3413/183/1033 3414/180/1033
f 3415/183/1033 3416/183/1033 3417/183/1033
f 3418/183/1033 3419/183/1033 3420/183/1033
f 3421/183/1033 3422/183/1033 3423/183/1033
f 3424/181/1034 3425/182/1034 3426/181/1034
f 3427/181/1034 3428/182/1034 3429/182/1034
f 3430/182/1034 3431/181/1034 3432/181/1034
f 3433/181/1034 3434/181/1034 3435/181/1034
f 3436/181/1034 3437/181/1034 3438/181/1034
f 3439/181/1034 3440/181/1034 3441/181/1034
f 3442/181/1034 3443/181/1034 3444/181/1034
f 3445/181/1034 3446/181/1034 3447/181/1034
f 3448/181/1034 3449/181/1034 3450/181/1034
o Mesh_5
v 0.622246 -0.088035 0.296481 0.8980 0.8980 0.8980
v 0.583739 -0.121861 0.397571 0.7490 0.7490 0.7490
v 0.583739 -0.088035 0.397571 0.7490 0.7490 0.7490
v 0.583739 -0.121861 0.397571 0.7490 0.7490 0.7490
v 0.622246 -0.088035 0.296481 0.8980 0.8980 0.8980
v 0.622246 -0.121861 0.296481 0.8980 0.8980 0.8980
v 0.917837 -0.121861 0.749493 0.0000 0.0000 0.0000
v 0.911310 -0.088035 0.617061 0.0000 0.0000 0.0000
v 0.917837 -0.088035 0.749493 0.0000 0.0000 0.0000
v 0.911310 -0.088035 0.617061 0.0000 0.0000 0.0000
v 0.917837 -0.121861 0.749493 0.0000 0.0000 0.0000
v 0.911310 -0.121861 0.617061 0.0000 0.0000 0.0000
v 0.911310 -0.121861 0.617061 0.0000 0.0000 0.0000
v 0.897721 -0.088035 0.523560 0.0824 0.0824 0.0824
v 0.911310 -0.088035 0.617061 0.0000 0.0000 0.0000
v 0.897721 -0.088035 0.523560 0.0824 0.0824 0.0824
v 0.911310 -0.121861 0.617061 0.0000 0.0000 0.0000
v 0.897721 -0.121861 0.523560 0.0824 0.0824 0.0824
v 0.836504 -0.121861 0.433808 0.3843 0.3843 0.3843
v 0.724307 -0.088035 0.337843 0.7098 0.7098 0.7098
v 0.836504 -0.088035 0.433808 0.3843 0.3843 0.3843
v 0.724307 -0.088035 0.337843 0.7098 0.7098 0.7098
v 0.836504 -0.121861 0.433808 0.3843 0.3843 0.3843
v 0.724307 -0.121861 0.337843 0.7098 0.7098 0.7098
v 0.724307 -0.121861 0.337843 0.7098 0.7098 0.7098
v 0.622246 -0.088035 0.296481 0.8980 0.8980 0.8980
v 0.724307 -0.088035 0.337843 0.7098 0.7098 0.7098
v 0.622246 -0.088035 0.296481 0.8980 0.8980 0.8980
v 0.724307 -0.121861 0.337843 0.7098 0.7098 0.7098
v 0.622246 -0.121861 0.296481 0.8980 0.8980 0.8980
v 0.738016 -0.121861 0.559455 0.2196 0.2196 0.2196
v 0.917837 -0.121861 0.749493 0.0000 0.0000 0.0000
v 0.738016 -0.088035 0.559455 0.2196 0.2196 0.2196
v 0.917837 -0.088035 0.749493 0.0000 0.0000 0.0000
v 0.738016 -0.088035 0.559455 0.2196 0.2196 0.2196
v 0.917837 -0.121861 0.749493 0.0000 0.0000 0.0000
v 0.583739 -0.088035 0.397571 0.7490 0.7490 0.7490
v 0.738016 -0.121861 0.559455 0.2235 0.2235 0.2235
v 0.738016 -0.088035 0.559455 0.2235 0.2235 0.2235
v 0.738016 -0.121861 0.559455 0.2235 0.2235 0.2235
v 0.583739 -0.088035 0.397571 0.7490 0.7490 0.7490
v 0.583739 -0.121861 0.397571 0.7490 0.7490 0.7490
v 0.897721 -0.121861 0.523560 0.0863 0.0863 0.0863
v 0.884083 -0.088035 0.486816 0.2000 0.2000 0.2000
v 0.897721 -0.088035 0.523560 0.0863 0.0863 0.0863
v 0.884083 -0.088035 0.486816 0.2000 0.2000 0.2000
v 0.897721 -0.121861 0.523560 0.0863 0.0863 0.0863
v 0.884083 -0.121861 0.486816 0.2000 0.2000 0.2000
v 0.884083 -0.121861 0.486816 0.2000 0.2000 0.2000
v 0.836504 -0.088035 0.433808 0.3804 0.3804 0.3804
v 0.884083 -0.088035 0.486816 0.2000 0.2000 0.2000
v 0.836504 -0.088035 0.433808 0.3804 0.3804 0.3804
v 0.884083 -0.121861 0.486816 0.2000 0.2000 0.2000
v 0.836504 -0.121861 0.433808 0.3804 0.3804 0.3804
v 0.738016 -0.088035 0.559455 0.2235 0.2235 0.2235
v 0.836504 -0.088035 0.433808 0.3843 0.3843 0.3843
v 0.583739 -0.088035 0.397571 0.7490 0.7490 0.7490
v 0.583739 -0.088035 0.397571 0.7490 0.7490 0.7490
v 0.836504 -0.088035 0.433808 0.3843 0.3843 0.3843
v 0.724307 -0.088035 0.337843 0.7098 0.7098 0.7098
v 0.622246 -0.088035 0.296481 0.8980 0.8980 0.8980
v 0.583739 -0.088035 0.397571 0.7490 0.7490 0.7490
v 0.724307 -0.088035 0.337843 0.7098 0.7098 0.7098
v 0.836504 -0.088035 0.433808 0.3843 0.3843 0.3843
v 0.738016 -0.088035 0.559455 0.2235 0.2235 0.2235
v 0.884083 -0.088035 0.486816 0.2000 0.2000 0.2000
v 0.738016 -0.088035 0.559455 0.2235 0.2235 0.2235
v 0.897721 -0.088035 0.523560 0.0824 0.0824 0.0824
v 0.884083 -0.088035 0.486816 0.2000 0.2000 0.2000
v 0.897721 -0.088035 0.523560 0.0824 0.0824 0.0824
v 0.738016 -0.088035 0.559455 0.2235 0.2235 0.2235
v 0.911310 -0.088035 0.617061 0.0000 0.0000 0.0000
v 0.911310 -0.088035 0.617061 0.0000 0.0000 0.0000
v 0.738016 -0.088035 0.559455 0.2235 0.2235 0.2235
v 0.917837 -0.088035 0.749493 0.0000 0.0000 0.0000
v 0.738016 -0.121861 0.559455 0.2235 0.2235 0.2235
v 0.836504 -0.121861 0.433808 0.3843 0.3843 0.3843
v 0.884083 -0.121861 0.486816 0.2000 0.2000 0.2000
v 0.738016 -0.121861 0.559455 0.2235 0.2235 0.2235
v 0.884083 -0.121861 0.486816 0.2000 0.2000 0.2000
v 0.897721 -0.121861 0.523560 0.0863 0.0863 0.0863
v 0.738016 -0.121861 0.559455 0.2235 0.2235 0.2235
v 0.897721 -0.121861 0.523560 0.0863 0.0863 0.0863
v 0.911310 -0.121861 0.617061 0.0000 0.0000 0.0000
v 0.911310 -0.121861 0.617061 0.0000 0.0000 0.0000
v 0.917837 -0.121861 0.749493 0.0000 0.0000 0.0000
v 0.738016 -0.121861 0.559455 0.2235 0.2235 0.2235
v 0.836504 -0.121861 0.433808 0.3843 0.3843 0.3843
v 0.738016 -0.121861 0.559455 0.2235 0.2235 0.2235
v 0.583739 -0.121861 0.397571 0.7490 0.7490 0.7490
v 0.836504 -0.121861 0.433808 0.3843 0.3843 0.3843
v 0.583739 -0.121861 0.397571 0.7490 0.7490 0.7490
v 0.724307 -0.121861 0.337843 0.7098 0.7098 0.7098
v 0.724307 -0.121861 0.337843 0.7098 0.7098 0.7098
v 0.583739 -0.121861 0.397571 0.7490 0.7490 0.7490
v 0.622246 -0.121861 0.296481 0.8980 0.8980 0.8980
vn -0.9345 -0.0000 -0.3560
vn 0.9988 -0.0000 -0.0492
vn 0.9953 -0.0000 -0.0968
vn 0.9684 -0.0000 -0.2493
vn 0.6967 -0.0000 -0.7173
vn 0.5034 -0.0000 -0.8641
vn 0.5033 -0.0000 -0.8641
vn 0.3756 -0.0000 -0.9268
vn -0.7251 -0.0000 0.6886
vn -0.7264 -0.0000 0.6873
vn -0.7239 -0.0000 0.6899
vn -0.7251 -0.0000 0.6887
vn 0.8482 -0.0000 -0.5297
vn 0.8482 -0.0000 -0.5296
vn 0.6968 -0.0000 -0.7173
vn -0.0000 1.0000 -0.0000
vn -0.0000 -1.0000 -0.0000
vt 1.000000 1.000000
vt 1.000000 0.000000
s 0
usemtl Material_5.001
f 3451/184/1035 3452/185/1035 3453/184/1035
f 3454/185/1035 3455/184/1035 3456/185/1035
s 1
f 3457/185/1036 3458/184/1037 3459/184/1036
f 3460/184/1037 3461/185/1036 3462/185/1037
f 3463/185/1037 3464/184/1038 3465/184/1037
f 3466/184/1038 3467/185/1037 3468/185/1038
f 3469/185/1039 3470/184/1040 3471/184/1039
f 3472/184/1040 3473/185/1039 3474/185/1040
f 3475/185/1041 3476/184/1042 3477/184/1041
f 3478/184/1042 3479/185/1041 3480/185/1042
f 3481/185/1043 3482/185/1044 3483/184/1043
f 3484/184/1044 3485/184/1043 3486/185/1044
f 3487/184/1045 3488/185/1046 3489/184/1043
f 3490/185/1043 3491/184/1045 3492/185/1045
f 3493/185/1038 3494/184/1047 3495/184/1038
f 3496/184/1048 3497/185/1038 3498/185/1048
f 3499/185/1047 3500/184/1039 3501/184/1047
f 3502/184/1049 3503/185/1047 3504/185/1049
s 0
f 3505/184/1050 3506/184/1050 3507/184/1050
f 3508/184/1050 3509/184/1050 3510/184/1050
f 3511/184/1050 3512/184/1050 3513/184/1050
f 3514/184/1050 3515/184/1050 3516/184/1050
f 3517/184/1050 3518/184/1050 3519/184/1050
f 3520/184/1050 3521/184/1050 3522/184/1050
f 3523/184/1050 3524/184/1050 3525/184/1050
f 3526/185/1051 3527/185/1051 3528/185/1051
f 3529/185/1051 3530/185/1051 3531/185/1051
f 3532/185/1051 3533/185/1051 3534/185/1051
f 3535/185/1051 3536/185/1051 3537/185/1051
f 3538/185/1051 3539/185/1051 3540/185/1051
f 3541/185/1051 3542/185/1051 3543/185/1051
f 3544/185/1051 3545/185/1051 3546/185/1051
o Mesh_6
v 0.600793 -0.126317 0.198032 0.9058 0.9058 0.9058
v 0.602805 -0.094122 0.283674 0.7725 0.7725 0.7725
v 0.600793 -0.094122 0.198032 0.9058 0.9058 0.9058
v 0.602805 -0.094122 0.283674 0.7725 0.7725 0.7725
v 0.600793 -0.126317 0.198032 0.9058 0.9058 0.9058
v 0.602805 -0.126317 0.283674 0.7725 0.7725 0.7725
v 0.602805 -0.094122 0.283674 0.7725 0.7725 0.7725
v 0.602805 -0.126317 0.283674 0.7725 0.7725 0.7725
v 0.764356 -0.126317 0.356213 0.2392 0.2392 0.2392
v 0.602805 -0.094122 0.283674 0.7725 0.7725 0.7725
v 0.764356 -0.126317 0.356213 0.2392 0.2392 0.2392
v 0.764356 -0.094122 0.356213 0.2392 0.2392 0.2392
v 0.764356 -0.126317 0.356213 0.2353 0.2353 0.2353
v 0.953061 -0.126317 0.441751 0.0000 0.0000 0.0000
v 0.764356 -0.094122 0.356213 0.2353 0.2353 0.2353
v 0.764356 -0.094122 0.356213 0.2353 0.2353 0.2353
v 0.953061 -0.126317 0.441751 0.0000 0.0000 0.0000
v 0.953061 -0.094122 0.441751 0.0000 0.0000 0.0000
v 0.953061 -0.126317 0.441751 0.0000 0.0000 0.0000
v 0.908653 -0.094122 0.346603 0.0000 0.0000 0.0000
v 0.953061 -0.094122 0.441751 0.0000 0.0000 0.0000
v 0.908653 -0.094122 0.346603 0.0000 0.0000 0.0000
v 0.953061 -0.126317 0.441751 0.0000 0.0000 0.0000
v 0.908653 -0.126317 0.346603 0.0000 0.0000 0.0000
v 0.908653 -0.126317 0.346603 0.0000 0.0000 0.0000
v 0.870714 -0.094122 0.282112 0.0588 0.0588 0.0588
v 0.908653 -0.094122 0.346603 0.0000 0.0000 0.0000
v 0.870714 -0.094122 0.282112 0.0588 0.0588 0.0588
v 0.908653 -0.126317 0.346603 0.0000 0.0000 0.0000
v 0.870714 -0.126317 0.282112 0.0588 0.0588 0.0588
v 0.870714 -0.126317 0.282112 0.0588 0.0588 0.0588
v 0.849723 -0.094122 0.259251 0.1725 0.1725 0.1725
v 0.870714 -0.094122 0.282112 0.0588 0.0588 0.0588
v 0.849723 -0.094122 0.259251 0.1725 0.1725 0.1725
v 0.870714 -0.126317 0.282112 0.0588 0.0588 0.0588
v 0.849723 -0.126317 0.259251 0.1725 0.1725 0.1725
v 0.849723 -0.126317 0.259251 0.1725 0.1725 0.1725
v 0.798978 -0.094122 0.234619 0.3647 0.3647 0.3647
v 0.849723 -0.094122 0.259251 0.1725 0.1725 0.1725
v 0.798978 -0.094122 0.234619 0.3647 0.3647 0.3647
v 0.849723 -0.126317 0.259251 0.1725 0.1725 0.1725
v 0.798978 -0.126317 0.234619 0.3647 0.3647 0.3647
v 0.798978 -0.126317 0.234619 0.3647 0.3647 0.3647
v 0.688000 -0.094122 0.197824 0.7020 0.7020 0.7020
v 0.798978 -0.094122 0.234619 0.3647 0.3647 0.3647
v 0.688000 -0.094122 0.197824 0.7020 0.7020 0.7020
v 0.798978 -0.126317 0.234619 0.3647 0.3647 0.3647
v 0.688000 -0.126317 0.197824 0.7020 0.7020 0.7020
v 0.600793 -0.126317 0.198032 0.9058 0.9058 0.9058
v 0.688000 -0.094122 0.197824 0.7020 0.7020 0.7020
v 0.688000 -0.126317 0.197824 0.7020 0.7020 0.7020
v 0.600793 -0.126317 0.198032 0.9058 0.9058 0.9058
v 0.600793 -0.094122 0.198032 0.9058 0.9058 0.9058
v 0.688000 -0.094122 0.197824 0.7020 0.7020 0.7020
v 0.798978 -0.126317 0.234619 0.3647 0.3647 0.3647
v 0.764356 -0.126317 0.356213 0.2392 0.2392 0.2392
v 0.602805 -0.126317 0.283674 0.7725 0.7725 0.7725
v 0.798978 -0.126317 0.234619 0.3647 0.3647 0.3647
v 0.602805 -0.126317 0.283674 0.7725 0.7725 0.7725
v 0.688000 -0.126317 0.197824 0.7020 0.7020 0.7020
v 0.688000 -0.126317 0.197824 0.7020 0.7020 0.7020
v 0.602805 -0.126317 0.283674 0.7725 0.7725 0.7725
v 0.600793 -0.126317 0.198032 0.9058 0.9058 0.9058
v 0.764356 -0.126317 0.356213 0.2392 0.2392 0.2392
v 0.798978 -0.126317 0.234619 0.3647 0.3647 0.3647
v 0.849723 -0.126317 0.259251 0.1725 0.1725 0.1725
v 0.870714 -0.126317 0.282112 0.0588 0.0588 0.0588
v 0.764356 -0.126317 0.356213 0.2392 0.2392 0.2392
v 0.849723 -0.126317 0.259251 0.1725 0.1725 0.1725
v 0.764356 -0.126317 0.356213 0.2392 0.2392 0.2392
v 0.870714 -0.126317 0.282112 0.0588 0.0588 0.0588
v 0.908653 -0.126317 0.346603 0.0000 0.0000 0.0000
v 0.764356 -0.126317 0.356213 0.2392 0.2392 0.2392
v 0.908653 -0.126317 0.346603 0.0000 0.0000 0.0000
v 0.953061 -0.126317 0.441751 0.0000 0.0000 0.0000
v 0.798978 -0.094122 0.234619 0.3647 0.3647 0.3647
v 0.688000 -0.094122 0.197824 0.7020 0.7020 0.7020
v 0.602805 -0.094122 0.283674 0.7725 0.7725 0.7725
v 0.600793 -0.094122 0.198032 0.9058 0.9058 0.9058
v 0.602805 -0.094122 0.283674 0.7725 0.7725 0.7725
v 0.688000 -0.094122 0.197824 0.7020 0.7020 0.7020
v 0.764356 -0.094122 0.356213 0.2392 0.2392 0.2392
v 0.798978 -0.094122 0.234619 0.3647 0.3647 0.3647
v 0.602805 -0.094122 0.283674 0.7725 0.7725 0.7725
v 0.798978 -0.094122 0.234619 0.3647 0.3647 0.3647
v 0.764356 -0.094122 0.356213 0.2392 0.2392 0.2392
v 0.849723 -0.094122 0.259251 0.1725 0.1725 0.1725
v 0.764356 -0.094122 0.356213 0.2392 0.2392 0.2392
v 0.870714 -0.094122 0.282112 0.0588 0.0588 0.0588
v 0.849723 -0.094122 0.259251 0.1725 0.1725 0.1725
v 0.870714 -0.094122 0.282112 0.0588 0.0588 0.0588
v 0.764356 -0.094122 0.356213 0.2392 0.2392 0.2392
v 0.908653 -0.094122 0.346603 0.0000 0.0000 0.0000
v 0.908653 -0.094122 0.346603 0.0000 0.0000 0.0000
v 0.764356 -0.094122 0.356213 0.2392 0.2392 0.2392
v 0.953061 -0.094122 0.441751 0.0000 0.0000 0.0000
vn -0.9997 -0.0000 0.0235
vn -0.4096 -0.0000 0.9123
vn -0.4111 -0.0000 0.9116
vn -0.4110 -0.0000 0.9116
vn -0.4129 -0.0000 0.9108
vn 0.9062 -0.0000 -0.4229
vn 0.8847 -0.0000 -0.4662
vn 0.8846 -0.0000 -0.4663
vn 0.8005 -0.0000 -0.5993
vn 0.8004 -0.0000 -0.5995
vn 0.5775 -0.0000 -0.8164
vn 0.3736 -0.0000 -0.9276
vn 0.1478 -0.0000 -0.9890
vn -0.0024 -0.0000 -1.0000
vn 0.1477 -0.0000 -0.9890
vn -0.0000 -1.0000 -0.0000
vn -0.0000 1.0000 -0.0000
vt 1.000000 0.000000
vt 1.000000 1.000000
s 1
usemtl Material_6.001
f 3547/186/1052 3548/187/1052 3549/187/1052
f 3550/187/1052 3551/186/1052 3552/186/1052
f 3553/187/1053 3554/186/1053 3555/186/1054
s 0
f 3556/187/1053 3557/186/1055 3558/187/1055
s 1
f 3559/186/1054 3560/186/1056 3561/187/1054
f 3562/187/1054 3563/186/1056 3564/187/1056
f 3565/186/1057 3566/187/1058 3567/187/1057
f 3568/187/1058 3569/186/1057 3570/186/1058
f 3571/186/1059 3572/187/1060 3573/187/1059
f 3574/187/1060 3575/186/1059 3576/186/1060
f 3577/186/1061 3578/187/1062 3579/187/1061
f 3580/187/1062 3581/186/1061 3582/186/1062
f 3583/186/1062 3584/187/1063 3585/187/1062
f 3586/187/1063 3587/186/1062 3588/186/1063
f 3589/186/1063 3590/187/1064 3591/187/1063
f 3592/187/1064 3593/186/1063 3594/186/1064
f 3595/186/1065 3596/187/1066 3597/186/1066
f 3598/186/1065 3599/187/1065 3600/187/1066
s 0
f 3601/186/1067 3602/186/1067 3603/186/1067
f 3604/186/1067 3605/186/1067 3606/186/1067
f 3607/186/1067 3608/186/1067 3609/186/1067
f 3610/186/1067 3611/186/1067 3612/186/1067
f 3613/186/1067 3614/186/1067 3615/186/1067
f 3616/186/1067 3617/186/1067 3618/186/1067
f 3619/186/1067 3620/186/1067 3621/186/1067
f 3622/187/1068 3623/187/1068 3624/187/1068
f 3625/187/1068 3626/187/1068 3627/187/1068
f 3628/187/1068 3629/187/1068 3630/187/1068
f 3631/187/1068 3632/187/1068 3633/187/1068
f 3634/187/1068 3635/187/1068 3636/187/1068
f 3637/187/1068 3638/187/1068 3639/187/1068
f 3640/187/1068 3641/187/1068 3642/187/1068
o Mesh_7
v 0.819446 -0.096841 -0.089581 0.0000 0.0000 0.0000
v 0.604263 -0.028502 -0.262777 0.1647 0.1647 0.1647
v 0.721820 -0.028502 -0.089581 0.0784 0.0784 0.0784
v 0.604263 -0.028502 -0.262777 0.1647 0.1647 0.1647
v 0.819446 -0.096841 -0.089581 0.0000 0.0000 0.0000
v 0.670397 -0.096841 -0.334590 0.0745 0.0745 0.0745
v 0.670397 -0.096841 -0.334590 0.0745 0.0745 0.0745
v 0.513849 -0.028502 -0.342089 0.2353 0.2353 0.2353
v 0.604263 -0.028502 -0.262777 0.1647 0.1647 0.1647
v 0.513849 -0.028502 -0.342089 0.2353 0.2353 0.2353
v 0.670397 -0.096841 -0.334590 0.0745 0.0745 0.0745
v 0.560497 -0.096841 -0.427849 0.1725 0.1725 0.1725
v 0.340413 -0.096841 -0.508148 0.3647 0.3647 0.3647
v 0.513849 -0.028502 -0.342089 0.2353 0.2353 0.2353
v 0.560497 -0.096841 -0.427849 0.1725 0.1725 0.1725
v 0.340413 -0.096841 -0.508148 0.3647 0.3647 0.3647
v 0.323325 -0.036161 -0.423163 0.3961 0.3961 0.3961
v 0.513849 -0.028502 -0.342089 0.2353 0.2353 0.2353
v 0.104999 -0.096841 -0.529510 0.5647 0.5647 0.5647
v 0.323325 -0.036161 -0.423163 0.3961 0.3961 0.3961
v 0.340413 -0.096841 -0.508148 0.3647 0.3647 0.3647
v 0.104999 -0.096841 -0.529510 0.5647 0.5647 0.5647
v 0.115234 -0.036161 -0.443431 0.5725 0.5725 0.5725
v 0.323325 -0.036161 -0.423163 0.3961 0.3961 0.3961
v 0.042502 -0.096841 -0.532691 0.6157 0.6157 0.6157
v 0.115234 -0.036161 -0.443431 0.5725 0.5725 0.5725
v 0.104999 -0.096841 -0.529510 0.5647 0.5647 0.5647
v 0.042502 -0.096841 -0.532691 0.6157 0.6157 0.6157
v -0.004922 -0.036161 -0.460128 0.6706 0.6706 0.6706
v 0.115234 -0.036161 -0.443431 0.5725 0.5725 0.5725
v 0.042502 -0.096841 -0.532691 0.6157 0.6157 0.6157
v -0.193844 -0.066424 -0.598224 0.7960 0.7960 0.7960
v -0.004922 -0.036161 -0.460128 0.6706 0.6706 0.6706
v -0.193844 -0.066424 -0.598224 0.7960 0.7960 0.7960
v 0.042502 -0.096841 -0.532691 0.6157 0.6157 0.6157
v -0.170430 -0.096841 -0.634827 0.7725 0.7725 0.7725
v -0.193844 -0.066424 -0.598224 0.7960 0.7960 0.7960
v -0.170430 -0.096841 -0.634827 0.7725 0.7725 0.7725
v -0.314519 -0.096841 -0.744666 0.8627 0.8627 0.8627
v 0.819446 -0.096841 -0.089581 0.0000 0.0000 0.0000
v 0.604263 -0.165179 -0.262777 0.1647 0.1647 0.1647
v 0.670397 -0.096841 -0.334590 0.0745 0.0745 0.0745
v 0.604263 -0.165179 -0.262777 0.1647 0.1647 0.1647
v 0.819446 -0.096841 -0.089581 0.0000 0.0000 0.0000
v 0.721820 -0.165179 -0.089581 0.0784 0.0784 0.0784
v 0.670397 -0.096841 -0.334590 0.0745 0.0745 0.0745
v 0.604263 -0.165179 -0.262777 0.1647 0.1647 0.1647
v 0.513849 -0.165179 -0.342089 0.2353 0.2353 0.2353
v 0.513849 -0.165179 -0.342089 0.2353 0.2353 0.2353
v 0.560497 -0.096841 -0.427849 0.1725 0.1725 0.1725
v 0.670397 -0.096841 -0.334590 0.0745 0.0745 0.0745
v 0.513849 -0.165179 -0.342089 0.2353 0.2353 0.2353
v 0.340413 -0.096841 -0.508148 0.3647 0.3647 0.3647
v 0.560497 -0.096841 -0.427849 0.1725 0.1725 0.1725
v 0.340413 -0.096841 -0.508148 0.3647 0.3647 0.3647
v 0.513849 -0.165179 -0.342089 0.2353 0.2353 0.2353
v 0.323325 -0.157520 -0.423163 0.3961 0.3961 0.3961
v 0.323325 -0.157520 -0.423163 0.3961 0.3961 0.3961
v 0.104999 -0.096841 -0.529510 0.5647 0.5647 0.5647
v 0.340413 -0.096841 -0.508148 0.3647 0.3647 0.3647
v 0.104999 -0.096841 -0.529510 0.5647 0.5647 0.5647
v 0.323325 -0.157520 -0.423163 0.3961 0.3961 0.3961
v 0.115234 -0.157520 -0.443431 0.5725 0.5725 0.5725
v 0.115234 -0.157520 -0.443431 0.5725 0.5725 0.5725
v 0.042502 -0.096841 -0.532691 0.6157 0.6157 0.6157
v 0.104999 -0.096841 -0.529510 0.5647 0.5647 0.5647
v 0.042502 -0.096841 -0.532691 0.6157 0.6157 0.6157
v 0.115234 -0.157520 -0.443431 0.5725 0.5725 0.5725
v -0.004922 -0.157520 -0.460128 0.6706 0.6706 0.6706
v 0.042502 -0.096841 -0.532691 0.6157 0.6157 0.6157
v -0.004922 -0.157520 -0.460128 0.6706 0.6706 0.6706
v -0.193844 -0.127257 -0.598224 0.7960 0.7960 0.7960
v -0.170430 -0.096841 -0.634827 0.7725 0.7725 0.7725
v 0.042502 -0.096841 -0.532691 0.6157 0.6157 0.6157
v -0.193844 -0.127257 -0.598224 0.7960 0.7960 0.7960
v -0.170430 -0.096841 -0.634827 0.7725 0.7725 0.7725
v -0.193844 -0.127257 -0.598224 0.7960 0.7960 0.7960
v -0.314519 -0.096841 -0.744666 0.8627 0.8627 0.8627
v 0.604263 -0.165179 -0.262777 0.1647 0.1647 0.1647
v 0.721820 -0.165179 -0.089581 0.0784 0.0784 0.0784
v 0.538128 -0.096841 -0.190964 0.2471 0.2471 0.2471
v 0.721820 -0.165179 -0.089581 0.0784 0.0784 0.0784
v 0.624194 -0.096841 -0.089581 0.1843 0.1843 0.1843
v 0.538128 -0.096841 -0.190964 0.2471 0.2471 0.2471
v 0.604263 -0.165179 -0.262777 0.1647 0.1647 0.1647
v 0.538128 -0.096841 -0.190964 0.2471 0.2471 0.2471
v 0.467199 -0.096841 -0.256330 0.2980 0.2980 0.2980
v 0.467199 -0.096841 -0.256330 0.2980 0.2980 0.2980
v 0.513849 -0.165179 -0.342089 0.2353 0.2353 0.2353
v 0.604263 -0.165179 -0.262777 0.1647 0.1647 0.1647
v 0.467199 -0.096841 -0.256330 0.2980 0.2980 0.2980
v 0.323325 -0.157520 -0.423163 0.3961 0.3961 0.3961
v 0.513849 -0.165179 -0.342089 0.2353 0.2353 0.2353
v 0.323325 -0.157520 -0.423163 0.3961 0.3961 0.3961
v 0.467199 -0.096841 -0.256330 0.2980 0.2980 0.2980
v 0.306236 -0.096841 -0.338179 0.4275 0.4275 0.4275
v 0.306236 -0.096841 -0.338179 0.4314 0.4314 0.4314
v 0.115234 -0.157520 -0.443431 0.5725 0.5725 0.5725
v 0.323325 -0.157520 -0.423163 0.3961 0.3961 0.3961
v 0.115234 -0.157520 -0.443431 0.5725 0.5725 0.5725
v 0.306236 -0.096841 -0.338179 0.4314 0.4314 0.4314
v 0.125470 -0.096841 -0.357353 0.5804 0.5804 0.5804
v 0.125470 -0.096841 -0.357353 0.5804 0.5804 0.5804
v -0.004922 -0.157520 -0.460128 0.6706 0.6706 0.6706
v 0.115234 -0.157520 -0.443431 0.5725 0.5725 0.5725
v -0.004922 -0.157520 -0.460128 0.6706 0.6706 0.6706
v 0.125470 -0.096841 -0.357353 0.5804 0.5804 0.5804
v -0.052347 -0.096841 -0.387565 0.7216 0.7216 0.7216
v -0.004922 -0.157520 -0.460128 0.6706 0.6706 0.6706
v -0.052347 -0.096841 -0.387565 0.7216 0.7216 0.7216
v -0.217260 -0.096841 -0.561621 0.8196 0.8196 0.8196
v -0.193844 -0.127257 -0.598224 0.7960 0.7960 0.7960
v -0.004922 -0.157520 -0.460128 0.6706 0.6706 0.6706
v -0.217260 -0.096841 -0.561621 0.8196 0.8196 0.8196
v -0.193844 -0.127257 -0.598224 0.7960 0.7960 0.7960
v -0.217260 -0.096841 -0.561621 0.8196 0.8196 0.8196
v -0.314519 -0.096841 -0.744666 0.8627 0.8627 0.8627
v 0.604263 -0.028502 -0.262777 0.1647 0.1647 0.1647
v 0.467199 -0.096841 -0.256330 0.2980 0.2980 0.2980
v 0.538128 -0.096841 -0.190964 0.2471 0.2471 0.2471
v 0.538128 -0.096841 -0.190964 0.2471 0.2471 0.2471
v 0.721820 -0.028502 -0.089581 0.0784 0.0784 0.0784
v 0.604263 -0.028502 -0.262777 0.1647 0.1647 0.1647
v 0.624194 -0.096841 -0.089581 0.1843 0.1843 0.1843
v 0.721820 -0.028502 -0.089581 0.0784 0.0784 0.0784
v 0.538128 -0.096841 -0.190964 0.2471 0.2471 0.2471
v 0.467199 -0.096841 -0.256330 0.2980 0.2980 0.2980
v 0.604263 -0.028502 -0.262777 0.1647 0.1647 0.1647
v 0.513849 -0.028502 -0.342089 0.2353 0.2353 0.2353
v 0.323325 -0.036161 -0.423163 0.3961 0.3961 0.3961
v 0.467199 -0.096841 -0.256330 0.2980 0.2980 0.2980
v 0.513849 -0.028502 -0.342089 0.2353 0.2353 0.2353
v 0.323325 -0.036161 -0.423163 0.3961 0.3961 0.3961
v 0.306236 -0.096841 -0.338179 0.4275 0.4275 0.4275
v 0.467199 -0.096841 -0.256330 0.2980 0.2980 0.2980
v 0.115234 -0.036161 -0.443431 0.5725 0.5725 0.5725
v 0.306236 -0.096841 -0.338179 0.4314 0.4314 0.4314
v 0.323325 -0.036161 -0.423163 0.3961 0.3961 0.3961
v 0.115234 -0.036161 -0.443431 0.5725 0.5725 0.5725
v 0.125470 -0.096841 -0.357353 0.5804 0.5804 0.5804
v 0.306236 -0.096841 -0.338179 0.4314 0.4314 0.4314
v -0.004922 -0.036161 -0.460128 0.6706 0.6706 0.6706
v 0.125470 -0.096841 -0.357353 0.5804 0.5804 0.5804
v 0.115234 -0.036161 -0.443431 0.5725 0.5725 0.5725
v -0.004922 -0.036161 -0.460128 0.6706 0.6706 0.6706
v -0.052347 -0.096841 -0.387565 0.7216 0.7216 0.7216
v 0.125470 -0.096841 -0.357353 0.5804 0.5804 0.5804
v -0.004922 -0.036161 -0.460128 0.6706 0.6706 0.6706
v -0.217260 -0.096841 -0.561621 0.8196 0.8196 0.8196
v -0.052347 -0.096841 -0.387565 0.7216 0.7216 0.7216
v -0.217260 -0.096841 -0.561621 0.8196 0.8196 0.8196
v -0.004922 -0.036161 -0.460128 0.6706 0.6706 0.6706
v -0.193844 -0.066424 -0.598224 0.7960 0.7960 0.7960
v -0.217260 -0.096841 -0.561621 0.8196 0.8196 0.8196
v -0.193844 -0.066424 -0.598224 0.7960 0.7960 0.7960
v -0.314519 -0.096841 -0.744666 0.8627 0.8627 0.8627
vn 0.5159 0.7910 -0.3289
vn 0.4583 0.8049 -0.3770
vn 0.4258 0.8105 -0.4023
vn 0.3026 0.8205 -0.4851
vn 0.3025 0.8205 -0.4851
vn 0.4258 0.8104 -0.4024
vn 0.2615 0.8202 -0.5089
vn 0.1140 0.8179 -0.5639
vn 0.2614 0.8202 -0.5089
vn 0.1337 0.8181 -0.5594
vn 0.0599 0.8072 -0.5873
vn 0.1336 0.8181 -0.5594
vn 0.0588 0.8087 -0.5853
vn 0.1558 0.8123 -0.5620
vn 0.1305 0.8096 -0.5723
vn 0.2745 0.8184 -0.5049
vn 0.1555 0.8129 -0.5612
vn 0.3064 0.8191 -0.4849
vn 0.2745 0.8184 -0.5048
vn 0.3485 0.8183 -0.4571
vn 0.5159 -0.7910 -0.3289
vn 0.4583 -0.8049 -0.3770
vn 0.4258 -0.8104 -0.4023
vn 0.4584 -0.8048 -0.3770
vn 0.4258 -0.8105 -0.4023
vn 0.3026 -0.8205 -0.4851
vn 0.3025 -0.8205 -0.4851
vn 0.2615 -0.8202 -0.5089
vn 0.4258 -0.8104 -0.4024
vn 0.3024 -0.8205 -0.4851
vn 0.1140 -0.8179 -0.5639
vn 0.1337 -0.8181 -0.5594
vn 0.1336 -0.8181 -0.5594
vn 0.0599 -0.8072 -0.5873
vn 0.0588 -0.8087 -0.5853
vn 0.1558 -0.8123 -0.5620
vn 0.1305 -0.8096 -0.5723
vn 0.1559 -0.8123 -0.5620
vn 0.2745 -0.8184 -0.5049
vn 0.3064 -0.8191 -0.4849
vn 0.3485 -0.8183 -0.4571
vn -0.4244 -0.8079 0.4090
vn -0.4956 -0.7870 0.3675
vn -0.4504 -0.8007 0.3951
vn -0.4956 -0.7869 0.3675
vn -0.4252 -0.8071 0.4096
vn -0.3335 -0.8176 0.4694
vn -0.3057 -0.8173 0.4885
vn -0.1408 -0.8193 0.5557
vn -0.3056 -0.8173 0.4885
vn -0.1408 -0.8194 0.5557
vn -0.3334 -0.8176 0.4694
vn -0.1657 -0.8194 0.5488
vn -0.1655 -0.8194 0.5488
vn -0.0775 -0.8077 0.5845
vn -0.1656 -0.8194 0.5488
vn -0.0732 -0.8094 0.5826
vn -0.0733 -0.8094 0.5826
vn -0.2405 -0.8204 0.5187
vn -0.2111 -0.8184 0.5345
vn -0.2406 -0.8204 0.5187
vn -0.2112 -0.8184 0.5345
vn -0.4656 -0.8041 0.3696
vn -0.4902 -0.7985 0.3494
vn -0.2406 -0.8205 0.5186
vn -0.5531 -0.7795 0.2939
vn -0.4252 0.8071 0.4096
vn -0.3340 0.8171 0.4700
vn -0.4504 0.8007 0.3951
vn -0.4956 0.7870 0.3675
vn -0.4956 0.7869 0.3676
vn -0.3335 0.8176 0.4694
vn -0.3057 0.8173 0.4885
vn -0.1408 0.8194 0.5557
vn -0.3056 0.8173 0.4885
vn -0.1657 0.8194 0.5488
vn -0.3334 0.8176 0.4694
vn -0.0775 0.8077 0.5844
vn -0.1656 0.8194 0.5488
vn -0.0775 0.8077 0.5845
vn -0.0732 0.8094 0.5826
vn -0.2405 0.8204 0.5187
vn -0.0733 0.8094 0.5826
vn -0.2111 0.8184 0.5345
vn -0.2406 0.8205 0.5185
vn -0.4656 0.8041 0.3696
vn -0.2112 0.8184 0.5345
vn -0.2406 0.8205 0.5186
vn -0.4902 0.7985 0.3494
vn -0.5531 0.7795 0.2939
vt 0.375000 1.000000
vt 0.625000 0.750000
vt 0.625000 1.000000
vt 0.375000 0.750000
vt 0.125000 0.750000
vt 0.375000 0.500000
vt 0.125000 0.500000
vt 0.375000 0.250000
vt 0.625000 0.500000
vt 0.625000 0.250000
vt 0.875000 0.750000
vt 0.875000 0.500000
s 1
usemtl Material_7.001
f 3643/188/1069 3644/189/1070 3645/190/1069
f 3646/189/1070 3647/188/1069 3648/191/1071
f 3649/191/1071 3650/189/1072 3651/189/1070
f 3652/189/1073 3653/191/1074 3654/191/1075
f 3655/191/1076 3656/189/1073 3657/191/1077
f 3658/191/1076 3659/189/1078 3660/189/1073
f 3661/191/1079 3662/189/1080 3663/191/1076
f 3664/191/1079 3665/189/1081 3666/189/1080
f 3667/191/1082 3668/189/1081 3669/191/1079
f 3670/191/1082 3671/189/1083 3672/189/1081
f 3673/191/1082 3674/189/1084 3675/189/1083
f 3676/189/1084 3677/191/1085 3678/191/1086
f 3679/189/1087 3680/191/1086 3681/189/1088
f 3682/192/1089 3683/193/1090 3684/191/1091
f 3685/193/1092 3686/192/1089 3687/194/1089
f 3688/191/1093 3689/193/1090 3690/193/1094
f 3691/193/1095 3692/191/1096 3693/191/1097
f 3694/193/1098 3695/191/1099 3696/191/1096
f 3697/191/1099 3698/193/1095 3699/193/1100
f 3700/193/1101 3701/191/1102 3702/191/1099
f 3703/191/1102 3704/193/1100 3705/193/1103
f 3706/193/1103 3707/191/1104 3708/191/1102
f 3709/191/1104 3710/193/1103 3711/193/1105
f 3712/191/1106 3713/193/1105 3714/193/1107
f 3715/191/1108 3716/191/1104 3717/193/1107
f 3718/191/1108 3719/193/1107 3720/191/1109
f 3721/193/1110 3722/195/1111 3723/196/1112
f 3724/195/1113 3725/197/1113 3726/196/1112
f 3727/193/1114 3728/196/1112 3729/196/1115
f 3730/196/1115 3731/193/1116 3732/193/1114
f 3733/196/1115 3734/193/1117 3735/193/1118
f 3736/193/1119 3737/196/1120 3738/196/1121
f 3739/196/1122 3740/193/1123 3741/193/1117
f 3742/193/1123 3743/196/1124 3744/196/1125
f 3745/196/1126 3746/193/1127 3747/193/1123
f 3748/193/1127 3749/196/1125 3750/196/1128
f 3751/193/1129 3752/196/1130 3753/196/1131
f 3754/193/1132 3755/193/1133 3756/196/1131
f 3757/193/1132 3758/196/1131 3759/193/1134
f 3760/189/1135 3761/196/1136 3762/196/1137
f 3763/196/1137 3764/198/1138 3765/189/1135
f 3766/199/1139 3767/198/1139 3768/196/1137
f 3769/196/1140 3770/189/1135 3771/189/1141
f 3772/189/1142 3773/196/1140 3774/189/1143
f 3775/189/1142 3776/196/1144 3777/196/1145
f 3778/189/1146 3779/196/1147 3780/189/1142
f 3781/189/1148 3782/196/1149 3783/196/1147
f 3784/189/1150 3785/196/1151 3786/189/1146
f 3787/189/1150 3788/196/1152 3789/196/1149
f 3790/189/1153 3791/196/1154 3792/196/1155
f 3793/196/1154 3794/189/1156 3795/189/1157
f 3796/196/1154 3797/189/1157 3798/196/1158
o Mesh_8
v 0.185118 -0.071317 -0.453954 0.7882 0.7882 0.7882
v 0.324671 -0.122364 -0.431065 0.9058 0.9058 0.9058
v 0.324671 -0.071317 -0.431065 0.9058 0.9058 0.9058
v 0.324671 -0.122364 -0.431065 0.9058 0.9058 0.9058
v 0.185118 -0.071317 -0.453954 0.7882 0.7882 0.7882
v 0.185118 -0.122364 -0.453954 0.7882 0.7882 0.7882
v -0.034832 -0.071317 -0.947401 0.1098 0.1098 0.1098
v -0.194349 -0.071317 -1.345529 0.0000 0.0000 0.0000
v -0.034832 -0.122364 -0.947401 0.1098 0.1098 0.1098
v -0.194349 -0.122364 -1.345529 0.0000 0.0000 0.0000
v -0.034832 -0.122364 -0.947401 0.1098 0.1098 0.1098
v -0.194349 -0.071317 -1.345529 0.0000 0.0000 0.0000
v 0.185118 -0.122364 -0.453954 0.7843 0.7843 0.7843
v -0.034832 -0.071317 -0.947401 0.1098 0.1098 0.1098
v -0.034832 -0.122364 -0.947401 0.1098 0.1098 0.1098
v -0.034832 -0.071317 -0.947401 0.1098 0.1098 0.1098
v 0.185118 -0.122364 -0.453954 0.7843 0.7843 0.7843
v 0.185118 -0.071317 -0.453954 0.7843 0.7843 0.7843
v -0.194349 -0.071317 -1.345529 0.0000 0.0000 0.0000
v -0.001670 -0.122364 -1.244928 0.0000 0.0000 0.0000
v -0.194349 -0.122364 -1.345529 0.0000 0.0000 0.0000
v -0.001670 -0.122364 -1.244928 0.0000 0.0000 0.0000
v -0.194349 -0.071317 -1.345529 0.0000 0.0000 0.0000
v -0.001670 -0.071317 -1.244928 0.0000 0.0000 0.0000
v -0.001670 -0.071317 -1.244928 0.0000 0.0000 0.0000
v 0.128209 -0.122364 -1.160530 0.0078 0.0078 0.0078
v -0.001670 -0.122364 -1.244928 0.0000 0.0000 0.0000
v 0.128209 -0.122364 -1.160530 0.0078 0.0078 0.0078
v -0.001670 -0.071317 -1.244928 0.0000 0.0000 0.0000
v 0.128209 -0.071317 -1.160530 0.0078 0.0078 0.0078
v 0.128209 -0.071317 -1.160530 0.0078 0.0078 0.0078
v 0.173551 -0.122364 -1.115012 0.1098 0.1098 0.1098
v 0.128209 -0.122364 -1.160530 0.0078 0.0078 0.0078
v 0.173551 -0.122364 -1.115012 0.1098 0.1098 0.1098
v 0.128209 -0.071317 -1.160530 0.0078 0.0078 0.0078
v 0.173551 -0.071317 -1.115012 0.1098 0.1098 0.1098
v 0.173551 -0.071317 -1.115012 0.1098 0.1098 0.1098
v 0.219817 -0.122364 -1.007800 0.2745 0.2745 0.2745
v 0.173551 -0.122364 -1.115012 0.1098 0.1098 0.1098
v 0.219817 -0.122364 -1.007800 0.2745 0.2745 0.2745
v 0.173551 -0.071317 -1.115012 0.1098 0.1098 0.1098
v 0.219817 -0.071317 -1.007800 0.2745 0.2745 0.2745
v 0.219817 -0.071317 -1.007800 0.2745 0.2745 0.2745
v 0.285690 -0.122364 -0.774907 0.5647 0.5647 0.5647
v 0.219817 -0.122364 -1.007800 0.2745 0.2745 0.2745
v 0.285690 -0.122364 -0.774907 0.5647 0.5647 0.5647
v 0.219817 -0.071317 -1.007800 0.2745 0.2745 0.2745
v 0.285690 -0.071317 -0.774907 0.5647 0.5647 0.5647
v 0.285690 -0.071317 -0.774907 0.5647 0.5647 0.5647
v 0.324671 -0.122364 -0.431065 0.9058 0.9058 0.9058
v 0.285690 -0.122364 -0.774907 0.5647 0.5647 0.5647
v 0.324671 -0.122364 -0.431065 0.9058 0.9058 0.9058
v 0.285690 -0.071317 -0.774907 0.5647 0.5647 0.5647
v 0.324671 -0.071317 -0.431065 0.9058 0.9058 0.9058
v 0.285690 -0.122364 -0.774907 0.5647 0.5647 0.5647
v 0.185118 -0.122364 -0.453954 0.7843 0.7843 0.7843
v -0.034832 -0.122364 -0.947401 0.1098 0.1098 0.1098
v 0.185118 -0.122364 -0.453954 0.7843 0.7843 0.7843
v 0.285690 -0.122364 -0.774907 0.5647 0.5647 0.5647
v 0.324671 -0.122364 -0.431065 0.9058 0.9058 0.9058
v -0.034832 -0.122364 -0.947401 0.1098 0.1098 0.1098
v 0.219817 -0.122364 -1.007800 0.2745 0.2745 0.2745
v 0.285690 -0.122364 -0.774907 0.5647 0.5647 0.5647
v -0.034832 -0.122364 -0.947401 0.1098 0.1098 0.1098
v 0.173551 -0.122364 -1.115012 0.1098 0.1098 0.1098
v 0.219817 -0.122364 -1.007800 0.2745 0.2745 0.2745
v 0.173551 -0.122364 -1.115012 0.1098 0.1098 0.1098
v -0.034832 -0.122364 -0.947401 0.1098 0.1098 0.1098
v 0.128209 -0.122364 -1.160530 0.0078 0.0078 0.0078
v 0.128209 -0.122364 -1.160530 0.0078 0.0078 0.0078
v -0.034832 -0.122364 -0.947401 0.1098 0.1098 0.1098
v -0.001670 -0.122364 -1.244928 0.0000 0.0000 0.0000
v -0.001670 -0.122364 -1.244928 0.0000 0.0000 0.0000
v -0.034832 -0.122364 -0.947401 0.1098 0.1098 0.1098
v -0.194349 -0.122364 -1.345529 0.0000 0.0000 0.0000
v 0.219817 -0.071317 -1.007800 0.2745 0.2745 0.2745
v -0.034832 -0.071317 -0.947401 0.1098 0.1098 0.1098
v 0.285690 -0.071317 -0.774907 0.5647 0.5647 0.5647
v 0.173551 -0.071317 -1.115012 0.1098 0.1098 0.1098
v -0.034832 -0.071317 -0.947401 0.1098 0.1098 0.1098
v 0.219817 -0.071317 -1.007800 0.2745 0.2745 0.2745
v -0.034832 -0.071317 -0.947401 0.1098 0.1098 0.1098
v 0.173551 -0.071317 -1.115012 0.1098 0.1098 0.1098
v 0.128209 -0.071317 -1.160530 0.0078 0.0078 0.0078
v -0.034832 -0.071317 -0.947401 0.1098 0.1098 0.1098
v 0.128209 -0.071317 -1.160530 0.0078 0.0078 0.0078
v -0.001670 -0.071317 -1.244928 0.0000 0.0000 0.0000
v -0.034832 -0.071317 -0.947401 0.1098 0.1098 0.1098
v -0.001670 -0.071317 -1.244928 0.0000 0.0000 0.0000
v -0.194349 -0.071317 -1.345529 0.0000 0.0000 0.0000
v 0.285690 -0.071317 -0.774907 0.5647 0.5647 0.5647
v -0.034832 -0.071317 -0.947401 0.1098 0.1098 0.1098
v 0.185118 -0.071317 -0.453954 0.7843 0.7843 0.7843
v 0.285690 -0.071317 -0.774907 0.5647 0.5647 0.5647
v 0.185118 -0.071317 -0.453954 0.7843 0.7843 0.7843
v 0.324671 -0.071317 -0.431065 0.9058 0.9058 0.9058
vn -0.1619 -0.0000 0.9868
vn -0.9209 -0.0000 0.3897
vn -0.9283 -0.0000 0.3719
vn -0.9134 -0.0000 0.4071
vn 0.4628 -0.0000 -0.8864
vn 0.5030 -0.0000 -0.8643
vn 0.6244 -0.0000 -0.7811
vn 0.8186 -0.0000 -0.5743
vn 0.8187 -0.0000 -0.5742
vn 0.9419 -0.0000 -0.3360
vn 0.9810 -0.0000 -0.1940
vn 0.9936 -0.0000 -0.1126
vn -0.0000 -1.0000 -0.0000
vn -0.0000 1.0000 -0.0000
vt 1.000000 0.000000
vt 1.000000 1.000000
s 1
usemtl Material_8.001
f 3799/200/1159 3800/201/1159 3801/200/1159
f 3802/201/1159 3803/200/1159 3804/201/1159
f 3805/200/1160 3806/200/1161 3807/201/1160
f 3808/201/1161 3809/201/1160 3810/200/1161
f 3811/201/1162 3812/200/1160 3813/201/1160
f 3814/200/1160 3815/201/1162 3816/200/1162
f 3817/200/1163 3818/201/1164 3819/201/1163
f 3820/201/1164 3821/200/1163 3822/200/1164
f 3823/200/1164 3824/201/1165 3825/201/1164
f 3826/201/1165 3827/200/1164 3828/200/1165
f 3829/200/1165 3830/201/1166 3831/201/1165
f 3832/201/1166 3833/200/1165 3834/200/1166
f 3835/200/1167 3836/201/1168 3837/201/1167
f 3838/201/1168 3839/200/1167 3840/200/1168
f 3841/200/1168 3842/201/1169 3843/201/1168
f 3844/201/1169 3845/200/1168 3846/200/1169
f 3847/200/1169 3848/201/1170 3849/201/1169
f 3850/201/1170 3851/200/1169 3852/200/1170
s 0
f 3853/201/1171 3854/201/1171 3855/201/1171
f 3856/201/1171 3857/201/1171 3858/201/1171
f 3859/201/1171 3860/201/1171 3861/201/1171
f 3862/201/1171 3863/201/1171 3864/201/1171
f 3865/201/1171 3866/201/1171 3867/201/1171
f 3868/201/1171 3869/201/1171 3870/201/1171
f 3871/201/1171 3872/201/1171 3873/201/1171
f 3874/200/1172 3875/200/1172 3876/200/1172
f 3877/200/1172 3878/200/1172 3879/200/1172
f 3880/200/1172 3881/200/1172 3882/200/1172
f 3883/200/1172 3884/200/1172 3885/200/1172
f 3886/200/1172 3887/200/1172 3888/200/1172
f 3889/200/1172 3890/200/1172 3891/200/1172
f 3892/200/1172 3893/200/1172 3894/200/1172
o Mesh_9
v 0.319539 -0.074637 -0.389053 0.7921 0.7921 0.7921
v 0.485520 -0.119044 -0.326620 0.8902 0.8902 0.8902
v 0.485520 -0.074637 -0.326620 0.8902 0.8902 0.8902
v 0.485520 -0.119044 -0.326620 0.8902 0.8902 0.8902
v 0.319539 -0.074637 -0.389053 0.7921 0.7921 0.7921
v 0.319539 -0.119044 -0.389053 0.7921 0.7921 0.7921
v 0.288148 -0.074637 -0.754303 0.2510 0.2510 0.2510
v 0.249905 -0.074637 -1.181489 0.0000 0.0000 0.0000
v 0.288148 -0.119044 -0.754303 0.2510 0.2510 0.2510
v 0.249905 -0.119044 -1.181489 0.0000 0.0000 0.0000
v 0.288148 -0.119044 -0.754303 0.2510 0.2510 0.2510
v 0.249905 -0.074637 -1.181489 0.0000 0.0000 0.0000
v 0.319539 -0.119044 -0.389053 0.7921 0.7921 0.7921
v 0.288148 -0.074637 -0.754303 0.2510 0.2510 0.2510
v 0.288148 -0.119044 -0.754303 0.2510 0.2510 0.2510
v 0.288148 -0.074637 -0.754303 0.2510 0.2510 0.2510
v 0.319539 -0.119044 -0.389053 0.7921 0.7921 0.7921
v 0.319539 -0.074637 -0.389053 0.7921 0.7921 0.7921
v 0.249905 -0.074637 -1.181489 0.0000 0.0000 0.0000
v 0.405499 -0.119044 -1.029713 0.0000 0.0000 0.0000
v 0.249905 -0.119044 -1.181489 0.0000 0.0000 0.0000
v 0.405499 -0.119044 -1.029713 0.0000 0.0000 0.0000
v 0.249905 -0.074637 -1.181489 0.0000 0.0000 0.0000
v 0.405499 -0.074637 -1.029713 0.0000 0.0000 0.0000
v 0.405499 -0.074637 -1.029713 0.0000 0.0000 0.0000
v 0.505609 -0.119044 -0.911521 0.0039 0.0039 0.0039
v 0.405499 -0.119044 -1.029713 0.0000 0.0000 0.0000
v 0.505609 -0.119044 -0.911521 0.0039 0.0039 0.0039
v 0.405499 -0.074637 -1.029713 0.0000 0.0000 0.0000
v 0.505609 -0.074637 -0.911521 0.0039 0.0039 0.0039
v 0.505609 -0.074637 -0.911521 0.0039 0.0039 0.0039
v 0.535940 -0.119044 -0.854883 0.1020 0.1020 0.1020
v 0.505609 -0.119044 -0.911521 0.0039 0.0039 0.0039
v 0.535940 -0.119044 -0.854883 0.1020 0.1020 0.1020
v 0.505609 -0.074637 -0.911521 0.0039 0.0039 0.0039
v 0.535940 -0.074637 -0.854883 0.1020 0.1020 0.1020
v 0.535940 -0.074637 -0.854883 0.1020 0.1020 0.1020
v 0.549408 -0.119044 -0.738892 0.3019 0.3019 0.3019
v 0.535940 -0.119044 -0.854883 0.1020 0.1020 0.1020
v 0.549408 -0.119044 -0.738892 0.3019 0.3019 0.3019
v 0.535940 -0.074637 -0.854883 0.1020 0.1020 0.1020
v 0.549408 -0.074637 -0.738892 0.3019 0.3019 0.3019
v 0.549408 -0.074637 -0.738892 0.3059 0.3059 0.3059
v 0.545501 -0.119044 -0.496896 0.6628 0.6628 0.6628
v 0.549408 -0.119044 -0.738892 0.3019 0.3019 0.3019
v 0.545501 -0.119044 -0.496896 0.6628 0.6628 0.6628
v 0.549408 -0.074637 -0.738892 0.3059 0.3059 0.3059
v 0.545501 -0.074637 -0.496896 0.6628 0.6628 0.6628
v 0.545501 -0.074637 -0.496896 0.6628 0.6628 0.6628
v 0.485520 -0.119044 -0.326620 0.8902 0.8902 0.8902
v 0.545501 -0.119044 -0.496896 0.6628 0.6628 0.6628
v 0.485520 -0.119044 -0.326620 0.8902 0.8902 0.8902
v 0.545501 -0.074637 -0.496896 0.6628 0.6628 0.6628
v 0.485520 -0.074637 -0.326620 0.8902 0.8902 0.8902
v 0.549408 -0.119044 -0.738892 0.3059 0.3059 0.3059
v 0.545501 -0.119044 -0.496896 0.6628 0.6628 0.6628
v 0.288148 -0.119044 -0.754303 0.2510 0.2510 0.2510
v 0.288148 -0.119044 -0.754303 0.2510 0.2510 0.2510
v 0.535940 -0.119044 -0.854883 0.1020 0.1020 0.1020
v 0.549408 -0.119044 -0.738892 0.3059 0.3059 0.3059
v 0.535940 -0.119044 -0.854883 0.1020 0.1020 0.1020
v 0.288148 -0.119044 -0.754303 0.2510 0.2510 0.2510
v 0.505609 -0.119044 -0.911521 0.0039 0.0039 0.0039
v 0.505609 -0.119044 -0.911521 0.0039 0.0039 0.0039
v 0.288148 -0.119044 -0.754303 0.2510 0.2510 0.2510
v 0.405499 -0.119044 -1.029713 0.0000 0.0000 0.0000
v 0.405499 -0.119044 -1.029713 0.0000 0.0000 0.0000
v 0.288148 -0.119044 -0.754303 0.2510 0.2510 0.2510
v 0.249905 -0.119044 -1.181489 0.0000 0.0000 0.0000
v 0.545501 -0.119044 -0.496896 0.6628 0.6628 0.6628
v 0.319539 -0.119044 -0.389053 0.7921 0.7921 0.7921
v 0.288148 -0.119044 -0.754303 0.2510 0.2510 0.2510
v 0.319539 -0.119044 -0.389053 0.7921 0.7921 0.7921
v 0.545501 -0.119044 -0.496896 0.6628 0.6628 0.6628
v 0.485520 -0.119044 -0.326620 0.8902 0.8902 0.8902
v 0.288148 -0.074637 -0.754303 0.2510 0.2510 0.2510
v 0.545501 -0.074637 -0.496896 0.6628 0.6628 0.6628
v 0.549408 -0.074637 -0.738892 0.3059 0.3059 0.3059
v 0.535940 -0.074637 -0.854883 0.1020 0.1020 0.1020
v 0.288148 -0.074637 -0.754303 0.2510 0.2510 0.2510
v 0.549408 -0.074637 -0.738892 0.3059 0.3059 0.3059
v 0.288148 -0.074637 -0.754303 0.2510 0.2510 0.2510
v 0.535940 -0.074637 -0.854883 0.1020 0.1020 0.1020
v 0.505609 -0.074637 -0.911521 0.0039 0.0039 0.0039
v 0.288148 -0.074637 -0.754303 0.2510 0.2510 0.2510
v 0.505609 -0.074637 -0.911521 0.0039 0.0039 0.0039
v 0.405499 -0.074637 -1.029713 0.0000 0.0000 0.0000
v 0.405499 -0.074637 -1.029713 0.0000 0.0000 0.0000
v 0.249905 -0.074637 -1.181489 0.0000 0.0000 0.0000
v 0.288148 -0.074637 -0.754303 0.2510 0.2510 0.2510
v 0.545501 -0.074637 -0.496896 0.6628 0.6628 0.6628
v 0.288148 -0.074637 -0.754303 0.2510 0.2510 0.2510
v 0.319539 -0.074637 -0.389053 0.7921 0.7921 0.7921
v 0.545501 -0.074637 -0.496896 0.6628 0.6628 0.6628
v 0.319539 -0.074637 -0.389053 0.7921 0.7921 0.7921
v 0.485520 -0.074637 -0.326620 0.8902 0.8902 0.8902
vn -0.3521 -0.0000 0.9360
vn -0.9962 -0.0000 0.0874
vn -0.9960 -0.0000 0.0892
vn -0.9963 -0.0000 0.0856
vn -0.9962 -0.0000 0.0873
vn 0.6983 -0.0000 -0.7158
vn 0.7306 -0.0000 -0.6828
vn 0.8240 -0.0000 -0.5666
vn 0.8241 -0.0000 -0.5665
vn 0.9517 -0.0000 -0.3069
vn 0.9518 -0.0000 -0.3067
vn 0.9988 -0.0000 -0.0499
vn 0.9518 -0.0001 -0.3068
vn 0.9988 -0.0000 -0.0498
vn 0.9837 -0.0000 0.1799
vn 0.9837 -0.0000 0.1800
vn 0.9432 -0.0000 0.3322
vn -0.0000 -1.0000 -0.0000
vn -0.0000 1.0000 -0.0000
vt 1.000000 0.000000
vt 1.000000 1.000000
s 0
usemtl Material_9.001
f 3895/202/1173 3896/203/1173 3897/202/1173
f 3898/203/1173 3899/202/1173 3900/203/1173
s 1
f 3901/202/1174 3902/202/1175 3903/203/1174
f 3904/203/1175 3905/203/1174 3906/202/1175
f 3907/203/1176 3908/202/1177 3909/203/1177
f 3910/202/1177 3911/203/1176 3912/202/1176
f 3913/202/1178 3914/203/1179 3915/203/1178
f 3916/203/1179 3917/202/1178 3918/202/1179
f 3919/202/1179 3920/203/1180 3921/203/1179
f 3922/203/1180 3923/202/1179 3924/202/1180
f 3925/202/1181 3926/203/1182 3927/203/1181
f 3928/203/1182 3929/202/1181 3930/202/1182
f 3931/202/1183 3932/203/1184 3933/203/1183
f 3934/203/1184 3935/202/1185 3936/202/1184
f 3937/202/1186 3938/203/1187 3939/203/1186
f 3940/203/1187 3941/202/1186 3942/202/1187
f 3943/202/1188 3944/203/1189 3945/203/1188
f 3946/203/1189 3947/202/1188 3948/202/1189
s 0
f 3949/203/1190 3950/203/1190 3951/203/1190
f 3952/203/1190 3953/203/1190 3954/203/1190
f 3955/203/1190 3956/203/1190 3957/203/1190
f 3958/203/1190 3959/203/1190 3960/203/1190
f 3961/203/1190 3962/203/1190 3963/203/1190
f 3964/203/1190 3965/203/1190 3966/203/1190
f 3967/203/1190 3968/203/1190 3969/203/1190
f 3970/202/1191 3971/202/1191 3972/202/1191
f 3973/202/1191 3974/202/1191 3975/202/1191
f 3976/202/1191 3977/202/1191 3978/202/1191
f 3979/202/1191 3980/202/1191 3981/202/1191
f 3982/202/1191 3983/202/1191 3984/202/1191
f 3985/202/1191 3986/202/1191 3987/202/1191
f 3988/202/1191 3989/202/1191 3990/202/1191
o Mesh_10
v 0.021561 -0.128435 -0.438281 0.8509 0.8509 0.8509
v 0.168308 -0.065246 -0.480911 0.8666 0.8666 0.8666
v 0.021561 -0.065246 -0.438281 0.8509 0.8509 0.8509
v 0.168308 -0.065246 -0.480911 0.8666 0.8666 0.8666
v 0.021561 -0.128435 -0.438281 0.8509 0.8509 0.8509
v 0.168308 -0.128435 -0.480911 0.8666 0.8666 0.8666
v -0.464070 -0.065246 -0.944654 0.1294 0.1294 0.1294
v -0.653783 -0.065246 -1.157067 0.0000 0.0000 0.0000
v -0.464070 -0.128435 -0.944654 0.1294 0.1294 0.1294
v -0.653783 -0.128435 -1.157067 0.0000 0.0000 0.0000
v -0.464070 -0.128435 -0.944654 0.1294 0.1294 0.1294
v -0.653783 -0.065246 -1.157067 0.0000 0.0000 0.0000
v -0.653783 -0.128435 -1.157067 0.0000 0.0000 0.0000
v -0.653783 -0.065246 -1.157067 0.0000 0.0000 0.0000
v -0.820796 -0.065246 -1.327324 0.0000 0.0000 0.0000
v -0.820796 -0.128435 -1.327324 0.0000 0.0000 0.0000
v -0.653783 -0.128435 -1.157067 0.0000 0.0000 0.0000
v -0.820796 -0.065246 -1.327324 0.0000 0.0000 0.0000
v -0.128399 -0.128435 -0.521029 0.7176 0.7176 0.7176
v -0.464070 -0.065246 -0.944654 0.1294 0.1294 0.1294
v -0.464070 -0.128435 -0.944654 0.1294 0.1294 0.1294
v -0.464070 -0.065246 -0.944654 0.1294 0.1294 0.1294
v -0.128399 -0.128435 -0.521029 0.7176 0.7176 0.7176
v -0.128399 -0.065246 -0.521029 0.7176 0.7176 0.7176
v 0.021561 -0.128435 -0.438281 0.8509 0.8509 0.8509
v -0.128399 -0.065246 -0.521029 0.7176 0.7176 0.7176
v -0.128399 -0.128435 -0.521029 0.7176 0.7176 0.7176
v -0.128399 -0.065246 -0.521029 0.7176 0.7176 0.7176
v 0.021561 -0.128435 -0.438281 0.8509 0.8509 0.8509
v 0.021561 -0.065246 -0.438281 0.8509 0.8509 0.8509
v -0.820796 -0.065246 -1.327324 0.0000 0.0000 0.0000
v -0.601895 -0.128435 -1.283544 0.0000 0.0000 0.0000
v -0.820796 -0.128435 -1.327324 0.0000 0.0000 0.0000
v -0.601895 -0.128435 -1.283544 0.0000 0.0000 0.0000
v -0.820796 -0.065246 -1.327324 0.0000 0.0000 0.0000
v -0.601895 -0.065246 -1.283544 0.0000 0.0000 0.0000
v -0.601895 -0.065246 -1.283544 0.0000 0.0000 0.0000
v -0.417046 -0.128435 -1.221927 0.0000 0.0000 0.0000
v -0.601895 -0.128435 -1.283544 0.0000 0.0000 0.0000
v -0.417046 -0.128435 -1.221927 0.0000 0.0000 0.0000
v -0.601895 -0.065246 -1.283544 0.0000 0.0000 0.0000
v -0.417046 -0.065246 -1.221927 0.0000 0.0000 0.0000
v -0.417046 -0.065246 -1.221927 0.0000 0.0000 0.0000
v -0.308407 -0.128435 -1.170040 0.0000 0.0000 0.0000
v -0.417046 -0.128435 -1.221927 0.0000 0.0000 0.0000
v -0.308407 -0.128435 -1.170040 0.0000 0.0000 0.0000
v -0.417046 -0.065246 -1.221927 0.0000 0.0000 0.0000
v -0.308407 -0.065246 -1.170040 0.0000 0.0000 0.0000
v -0.308407 -0.065246 -1.170040 0.0000 0.0000 0.0000
v -0.121938 -0.128435 -1.007892 0.2235 0.2235 0.2235
v -0.308407 -0.128435 -1.170040 0.0000 0.0000 0.0000
v -0.121938 -0.128435 -1.007892 0.2235 0.2235 0.2235
v -0.308407 -0.065246 -1.170040 0.0000 0.0000 0.0000
v -0.121938 -0.065246 -1.007892 0.2235 0.2235 0.2235
v -0.121938 -0.065246 -1.007892 0.2235 0.2235 0.2235
v -0.006812 -0.128435 -0.821421 0.4745 0.4745 0.4745
v -0.121938 -0.128435 -1.007892 0.2235 0.2235 0.2235
v -0.006812 -0.128435 -0.821421 0.4745 0.4745 0.4745
v -0.121938 -0.065246 -1.007892 0.2235 0.2235 0.2235
v -0.006812 -0.065246 -0.821421 0.4745 0.4745 0.4745
v -0.006812 -0.065246 -0.821421 0.4745 0.4745 0.4745
v 0.168308 -0.128435 -0.480911 0.8666 0.8666 0.8666
v -0.006812 -0.128435 -0.821421 0.4745 0.4745 0.4745
v 0.168308 -0.128435 -0.480911 0.8666 0.8666 0.8666
v -0.006812 -0.065246 -0.821421 0.4745 0.4745 0.4745
v 0.168308 -0.065246 -0.480911 0.8666 0.8666 0.8666
v -0.464070 -0.128435 -0.944654 0.1294 0.1294 0.1294
v -0.308407 -0.128435 -1.170040 0.0000 0.0000 0.0000
v -0.121938 -0.128435 -1.007892 0.2235 0.2235 0.2235
v -0.464070 -0.128435 -0.944654 0.1294 0.1294 0.1294
v -0.121938 -0.128435 -1.007892 0.2235 0.2235 0.2235
v -0.006812 -0.128435 -0.821421 0.4745 0.4745 0.4745
v -0.653783 -0.128435 -1.157067 0.0000 0.0000 0.0000
v -0.308407 -0.128435 -1.170040 0.0000 0.0000 0.0000
v -0.464070 -0.128435 -0.944654 0.1294 0.1294 0.1294
v -0.006812 -0.128435 -0.821421 0.4745 0.4745 0.4745
v -0.128399 -0.128435 -0.521029 0.7176 0.7176 0.7176
v -0.464070 -0.128435 -0.944654 0.1294 0.1294 0.1294
v 0.168308 -0.128435 -0.480911 0.8666 0.8666 0.8666
v -0.128399 -0.128435 -0.521029 0.7176 0.7176 0.7176
v -0.006812 -0.128435 -0.821421 0.4745 0.4745 0.4745
v -0.128399 -0.128435 -0.521029 0.7176 0.7176 0.7176
v 0.168308 -0.128435 -0.480911 0.8666 0.8666 0.8666
v 0.021561 -0.128435 -0.438281 0.8509 0.8509 0.8509
v -0.308407 -0.128435 -1.170040 0.0000 0.0000 0.0000
v -0.653783 -0.128435 -1.157067 0.0000 0.0000 0.0000
v -0.417046 -0.128435 -1.221927 0.0000 0.0000 0.0000
v -0.417046 -0.128435 -1.221927 0.0000 0.0000 0.0000
v -0.653783 -0.128435 -1.157067 0.0000 0.0000 0.0000
v -0.601895 -0.128435 -1.283544 0.0000 0.0000 0.0000
v -0.601895 -0.128435 -1.283544 0.0000 0.0000 0.0000
v -0.653783 -0.128435 -1.157067 0.0000 0.0000 0.0000
v -0.820796 -0.128435 -1.327324 0.0000 0.0000 0.0000
v -0.006812 -0.065246 -0.821421 0.4745 0.4745 0.4745
v -0.128399 -0.065246 -0.521029 0.7176 0.7176 0.7176
v 0.168308 -0.065246 -0.480911 0.8666 0.8666 0.8666
v 0.168308 -0.065246 -0.480911 0.8666 0.8666 0.8666
v -0.128399 -0.065246 -0.521029 0.7176 0.7176 0.7176
v 0.021561 -0.065246 -0.438281 0.8509 0.8509 0.8509
v -0.128399 -0.065246 -0.521029 0.7176 0.7176 0.7176
v -0.006812 -0.065246 -0.821421 0.4745 0.4745 0.4745
v -0.464070 -0.065246 -0.944654 0.1294 0.1294 0.1294
v -0.121938 -0.065246 -1.007892 0.2235 0.2235 0.2235
v -0.464070 -0.065246 -0.944654 0.1294 0.1294 0.1294
v -0.006812 -0.065246 -0.821421 0.4745 0.4745 0.4745
v -0.464070 -0.065246 -0.944654 0.1294 0.1294 0.1294
v -0.121938 -0.065246 -1.007892 0.2235 0.2235 0.2235
v -0.308407 -0.065246 -1.170040 0.0000 0.0000 0.0000
v -0.308407 -0.065246 -1.170040 0.0000 0.0000 0.0000
v -0.653783 -0.065246 -1.157067 0.0000 0.0000 0.0000
v -0.464070 -0.065246 -0.944654 0.1294 0.1294 0.1294
v -0.653783 -0.065246 -1.157067 0.0000 0.0000 0.0000
v -0.308407 -0.065246 -1.170040 0.0000 0.0000 0.0000
v -0.417046 -0.065246 -1.221927 0.0000 0.0000 0.0000
v -0.653783 -0.065246 -1.157067 0.0000 0.0000 0.0000
v -0.417046 -0.065246 -1.221927 0.0000 0.0000 0.0000
v -0.601895 -0.065246 -1.283544 0.0000 0.0000 0.0000
v -0.601895 -0.065246 -1.283544 0.0000 0.0000 0.0000
v -0.820796 -0.065246 -1.327324 0.0000 0.0000 0.0000
v -0.653783 -0.065246 -1.157067 0.0000 0.0000 0.0000
vn 0.2790 -0.0000 0.9603
vn -0.7648 -0.0000 0.6442
vn -0.7299 -0.0000 0.6836
vn -0.7298 -0.0000 0.6836
vn -0.7139 -0.0000 0.7003
vn -0.6263 -0.0000 0.7795
vn -0.6264 -0.0000 0.7795
vn -0.4831 -0.0000 0.8756
vn -0.6263 -0.0000 0.7796
vn -0.6263 0.0001 0.7796
vn 0.1961 -0.0000 -0.9806
vn 0.2543 -0.0000 -0.9671
vn 0.2544 -0.0000 -0.9671
vn 0.3717 -0.0000 -0.9283
vn 0.5376 -0.0000 -0.8432
vn 0.7541 -0.0000 -0.6568
vn 0.7542 -0.0000 -0.6567
vn 0.8705 -0.0000 -0.4922
vn 0.8893 -0.0000 -0.4574
vn -0.0000 -1.0000 -0.0000
vn -0.0000 1.0000 -0.0000
vt 0.500000 1.000000
vt 1.000000 0.000000
vt 0.500000 0.000000
vt 1.000000 1.000000
s 0
usemtl Material_10.001
f 3991/204/1192 3992/205/1192 3993/206/1192
f 3994/205/1192 3995/204/1192 3996/207/1192
s 1
f 3997/205/1193 3998/205/1194 3999/207/1193
f 4000/207/1194 4001/207/1193 4002/205/1194
f 4003/207/1195 4004/205/1195 4005/205/1196
f 4006/207/1196 4007/207/1195 4008/205/1196
f 4009/204/1197 4010/205/1193 4011/207/1193
f 4012/205/1193 4013/204/1198 4014/206/1197
f 4015/204/1199 4016/206/1200 4017/204/1201
f 4018/206/1200 4019/204/1199 4020/206/1199
f 4021/205/1202 4022/207/1203 4023/207/1202
f 4024/207/1203 4025/205/1202 4026/205/1203
f 4027/205/1204 4028/207/1205 4029/207/1204
f 4030/207/1205 4031/205/1204 4032/205/1205
f 4033/205/1205 4034/207/1206 4035/207/1205
f 4036/207/1206 4037/205/1205 4038/205/1206
f 4039/205/1206 4040/207/1207 4041/207/1206
f 4042/207/1207 4043/205/1206 4044/205/1207
f 4045/205/1208 4046/207/1209 4047/207/1208
f 4048/207/1209 4049/205/1208 4050/205/1209
f 4051/205/1209 4052/207/1210 4053/207/1209
f 4054/207/1210 4055/205/1209 4056/205/1210
s 0
f 4057/207/1211 4058/207/1211 4059/207/1211
f 4060/207/1211 4061/207/1211 4062/207/1211
f 4063/207/1211 4064/207/1211 4065/207/1211
f 4066/207/1211 4067/204/1211 4068/207/1211
f 4069/207/1211 4070/204/1211 4071/207/1211
f 4072/204/1211 4073/207/1211 4074/204/1211
f 4075/207/1211 4076/207/1211 4077/207/1211
f 4078/207/1211 4079/207/1211 4080/207/1211
f 4081/207/1211 4082/207/1211 4083/207/1211
f 4084/205/1212 4085/206/1212 4086/205/1212
f 4087/205/1212 4088/206/1212 4089/206/1212
f 4090/206/1212 4091/205/1212 4092/205/1212
f 4093/205/1212 4094/205/1212 4095/205/1212
f 4096/205/1212 4097/205/1212 4098/205/1212
f 4099/205/1212 4100/205/1212 4101/205/1212
f 4102/205/1212 4103/205/1212 4104/205/1212
f 4105/205/1212 4106/205/1212 4107/205/1212
f 4108/205/1212 4109/205/1212 4110/205/1212
o Mesh_11
v 0.615910 -0.113754 -0.207624 0.8980 0.8980 0.8980
v 0.577405 -0.079927 -0.308714 0.7490 0.7490 0.7490
v 0.577405 -0.113754 -0.308714 0.7490 0.7490 0.7490
v 0.577405 -0.079927 -0.308714 0.7490 0.7490 0.7490
v 0.615910 -0.113754 -0.207624 0.8980 0.8980 0.8980
v 0.615910 -0.079927 -0.207624 0.8980 0.8980 0.8980
v 0.911501 -0.079927 -0.660636 0.0000 0.0000 0.0000
v 0.904975 -0.113754 -0.528205 0.0000 0.0000 0.0000
v 0.911501 -0.113754 -0.660636 0.0000 0.0000 0.0000
v 0.904975 -0.113754 -0.528205 0.0000 0.0000 0.0000
v 0.911501 -0.079927 -0.660636 0.0000 0.0000 0.0000
v 0.904975 -0.079927 -0.528205 0.0000 0.0000 0.0000
v 0.904975 -0.079927 -0.528205 0.0000 0.0000 0.0000
v 0.891387 -0.113754 -0.434703 0.0824 0.0824 0.0824
v 0.904975 -0.113754 -0.528205 0.0000 0.0000 0.0000
v 0.891387 -0.113754 -0.434703 0.0824 0.0824 0.0824
v 0.904975 -0.079927 -0.528205 0.0000 0.0000 0.0000
v 0.891387 -0.079927 -0.434703 0.0824 0.0824 0.0824
v 0.830169 -0.079927 -0.344951 0.3843 0.3843 0.3843
v 0.717973 -0.113754 -0.248986 0.7098 0.7098 0.7098
v 0.830169 -0.113754 -0.344951 0.3843 0.3843 0.3843
v 0.717973 -0.113754 -0.248986 0.7098 0.7098 0.7098
v 0.830169 -0.079927 -0.344951 0.3843 0.3843 0.3843
v 0.717973 -0.079927 -0.248986 0.7098 0.7098 0.7098
v 0.717973 -0.079927 -0.248986 0.7098 0.7098 0.7098
v 0.615910 -0.113754 -0.207624 0.8980 0.8980 0.8980
v 0.717973 -0.113754 -0.248986 0.7098 0.7098 0.7098
v 0.615910 -0.113754 -0.207624 0.8980 0.8980 0.8980
v 0.717973 -0.079927 -0.248986 0.7098 0.7098 0.7098
v 0.615910 -0.079927 -0.207624 0.8980 0.8980 0.8980
v 0.731680 -0.079927 -0.470598 0.2196 0.2196 0.2196
v 0.911501 -0.079927 -0.660636 0.0000 0.0000 0.0000
v 0.731680 -0.113754 -0.470598 0.2196 0.2196 0.2196
v 0.911501 -0.113754 -0.660636 0.0000 0.0000 0.0000
v 0.731680 -0.113754 -0.470598 0.2196 0.2196 0.2196
v 0.911501 -0.079927 -0.660636 0.0000 0.0000 0.0000
v 0.577405 -0.113754 -0.308714 0.7490 0.7490 0.7490
v 0.731680 -0.079927 -0.470598 0.2235 0.2235 0.2235
v 0.731680 -0.113754 -0.470598 0.2235 0.2235 0.2235
v 0.731680 -0.079927 -0.470598 0.2235 0.2235 0.2235
v 0.577405 -0.113754 -0.308714 0.7490 0.7490 0.7490
v 0.577405 -0.079927 -0.308714 0.7490 0.7490 0.7490
v 0.891387 -0.079927 -0.434703 0.0863 0.0863 0.0863
v 0.877747 -0.113754 -0.397959 0.2000 0.2000 0.2000
v 0.891387 -0.113754 -0.434703 0.0863 0.0863 0.0863
v 0.877747 -0.113754 -0.397959 0.2000 0.2000 0.2000
v 0.891387 -0.079927 -0.434703 0.0863 0.0863 0.0863
v 0.877747 -0.079927 -0.397959 0.2000 0.2000 0.2000
v 0.877747 -0.079927 -0.397959 0.2000 0.2000 0.2000
v 0.830169 -0.113754 -0.344951 0.3804 0.3804 0.3804
v 0.877747 -0.113754 -0.397959 0.2000 0.2000 0.2000
v 0.830169 -0.113754 -0.344951 0.3804 0.3804 0.3804
v 0.877747 -0.079927 -0.397959 0.2000 0.2000 0.2000
v 0.830169 -0.079927 -0.344951 0.3804 0.3804 0.3804
v 0.731680 -0.113754 -0.470598 0.2235 0.2235 0.2235
v 0.830169 -0.113754 -0.344951 0.3843 0.3843 0.3843
v 0.577405 -0.113754 -0.308714 0.7490 0.7490 0.7490
v 0.577405 -0.113754 -0.308714 0.7490 0.7490 0.7490
v 0.830169 -0.113754 -0.344951 0.3843 0.3843 0.3843
v 0.717973 -0.113754 -0.248986 0.7098 0.7098 0.7098
v 0.615910 -0.113754 -0.207624 0.8980 0.8980 0.8980
v 0.577405 -0.113754 -0.308714 0.7490 0.7490 0.7490
v 0.717973 -0.113754 -0.248986 0.7098 0.7098 0.7098
v 0.830169 -0.113754 -0.344951 0.3843 0.3843 0.3843
v 0.731680 -0.113754 -0.470598 0.2235 0.2235 0.2235
v 0.877747 -0.113754 -0.397959 0.2000 0.2000 0.2000
v 0.731680 -0.113754 -0.470598 0.2235 0.2235 0.2235
v 0.891387 -0.113754 -0.434703 0.0824 0.0824 0.0824
v 0.877747 -0.113754 -0.397959 0.2000 0.2000 0.2000
v 0.891387 -0.113754 -0.434703 0.0824 0.0824 0.0824
v 0.731680 -0.113754 -0.470598 0.2235 0.2235 0.2235
v 0.904975 -0.113754 -0.528205 0.0000 0.0000 0.0000
v 0.904975 -0.113754 -0.528205 0.0000 0.0000 0.0000
v 0.731680 -0.113754 -0.470598 0.2235 0.2235 0.2235
v 0.911501 -0.113754 -0.660636 0.0000 0.0000 0.0000
v 0.731680 -0.079927 -0.470598 0.2235 0.2235 0.2235
v 0.830169 -0.079927 -0.344951 0.3843 0.3843 0.3843
v 0.877747 -0.079927 -0.397959 0.2000 0.2000 0.2000
v 0.731680 -0.079927 -0.470598 0.2235 0.2235 0.2235
v 0.877747 -0.079927 -0.397959 0.2000 0.2000 0.2000
v 0.891387 -0.079927 -0.434703 0.0863 0.0863 0.0863
v 0.731680 -0.079927 -0.470598 0.2235 0.2235 0.2235
v 0.891387 -0.079927 -0.434703 0.0863 0.0863 0.0863
v 0.904975 -0.079927 -0.528205 0.0000 0.0000 0.0000
v 0.904975 -0.079927 -0.528205 0.0000 0.0000 0.0000
v 0.911501 -0.079927 -0.660636 0.0000 0.0000 0.0000
v 0.731680 -0.079927 -0.470598 0.2235 0.2235 0.2235
v 0.830169 -0.079927 -0.344951 0.3843 0.3843 0.3843
v 0.731680 -0.079927 -0.470598 0.2235 0.2235 0.2235
v 0.577405 -0.079927 -0.308714 0.7490 0.7490 0.7490
v 0.830169 -0.079927 -0.344951 0.3843 0.3843 0.3843
v 0.577405 -0.079927 -0.308714 0.7490 0.7490 0.7490
v 0.717973 -0.079927 -0.248986 0.7098 0.7098 0.7098
v 0.717973 -0.079927 -0.248986 0.7098 0.7098 0.7098
v 0.577405 -0.079927 -0.308714 0.7490 0.7490 0.7490
v 0.615910 -0.079927 -0.207624 0.8980 0.8980 0.8980
vn -0.9345 -0.0000 0.3559
vn -0.9345 -0.0000 0.3560
vn 0.9988 -0.0000 0.0492
vn 0.9953 -0.0000 0.0968
vn 0.9684 -0.0000 0.2493
vn 0.6967 -0.0000 0.7173
vn 0.5034 -0.0000 0.8641
vn 0.5034 -0.0000 0.8640
vn 0.5033 -0.0000 0.8641
vn 0.3756 -0.0000 0.9268
vn -0.7251 -0.0000 -0.6886
vn -0.7264 -0.0000 -0.6873
vn -0.7239 -0.0000 -0.6899
vn -0.7251 -0.0000 -0.6887
vn 0.8482 -0.0000 0.5297
vn 0.6968 -0.0000 0.7173
vn -0.0000 -1.0000 -0.0000
vn -0.0000 1.0000 -0.0000
vt 1.000000 1.000000
vt 1.000000 0.000000
s 0
usemtl Material_11.001
f 4111/208/1213 4112/209/1213 4113/208/1213
f 4114/209/1214 4115/208/1214 4116/209/1214
s 1
f 4117/209/1215 4118/208/1216 4119/208/1215
f 4120/208/1216 4121/209/1215 4122/209/1216
f 4123/209/1216 4124/208/1217 4125/208/1216
f 4126/208/1217 4127/209/1216 4128/209/1217
f 4129/209/1218 4130/208/1219 4131/208/1218
f 4132/208/1220 4133/209/1218 4134/209/1220
f 4135/209/1221 4136/208/1222 4137/208/1221
f 4138/208/1222 4139/209/1221 4140/209/1222
f 4141/209/1223 4142/209/1224 4143/208/1223
f 4144/208/1224 4145/208/1223 4146/209/1224
f 4147/208/1225 4148/209/1226 4149/208/1223
f 4150/209/1223 4151/208/1225 4152/209/1225
f 4153/209/1217 4154/208/1227 4155/208/1217
f 4156/208/1227 4157/209/1217 4158/209/1227
f 4159/209/1227 4160/208/1228 4161/208/1227
f 4162/208/1228 4163/209/1227 4164/209/1228
s 0
f 4165/208/1229 4166/208/1229 4167/208/1229
f 4168/208/1229 4169/208/1229 4170/208/1229
f 4171/208/1229 4172/208/1229 4173/208/1229
f 4174/208/1229 4175/208/1229 4176/208/1229
f 4177/208/1229 4178/208/1229 4179/208/1229
f 4180/208/1229 4181/208/1229 4182/208/1229
f 4183/208/1229 4184/208/1229 4185/208/1229
f 4186/209/1230 4187/209/1230 4188/209/1230
f 4189/209/1230 4190/209/1230 4191/209/1230
f 4192/209/1230 4193/209/1230 4194/209/1230
f 4195/209/1230 4196/209/1230 4197/209/1230
f 4198/209/1230 4199/209/1230 4200/209/1230
f 4201/209/1230 4202/209/1230 4203/209/1230
f 4204/209/1230 4205/209/1230 4206/209/1230
o Mesh_13
v 0.671402 -0.080743 -0.166315 0.9058 0.9058 0.9058
v 0.673413 -0.112938 -0.251958 0.7725 0.7725 0.7725
v 0.671402 -0.112938 -0.166315 0.9058 0.9058 0.9058
v 0.673413 -0.112938 -0.251958 0.7725 0.7725 0.7725
v 0.671402 -0.080743 -0.166315 0.9058 0.9058 0.9058
v 0.673413 -0.080743 -0.251958 0.7725 0.7725 0.7725
v 0.673413 -0.112938 -0.251958 0.7725 0.7725 0.7725
v 0.673413 -0.080743 -0.251958 0.7725 0.7725 0.7725
v 0.834964 -0.080743 -0.324497 0.2392 0.2392 0.2392
v 0.673413 -0.112938 -0.251958 0.7725 0.7725 0.7725
v 0.834964 -0.080743 -0.324497 0.2392 0.2392 0.2392
v 0.834964 -0.112938 -0.324497 0.2392 0.2392 0.2392
v 0.834964 -0.080743 -0.324497 0.2353 0.2353 0.2353
v 1.023669 -0.080743 -0.410034 0.0000 0.0000 0.0000
v 0.834964 -0.112938 -0.324497 0.2353 0.2353 0.2353
v 0.834964 -0.112938 -0.324497 0.2353 0.2353 0.2353
v 1.023669 -0.080743 -0.410034 0.0000 0.0000 0.0000
v 1.023669 -0.112938 -0.410034 0.0000 0.0000 0.0000
v 1.023669 -0.080743 -0.410034 0.0000 0.0000 0.0000
v 0.979261 -0.112938 -0.314887 0.0000 0.0000 0.0000
v 1.023669 -0.112938 -0.410034 0.0000 0.0000 0.0000
v 0.979261 -0.112938 -0.314887 0.0000 0.0000 0.0000
v 1.023669 -0.080743 -0.410034 0.0000 0.0000 0.0000
v 0.979261 -0.080743 -0.314887 0.0000 0.0000 0.0000
v 0.979261 -0.080743 -0.314887 0.0000 0.0000 0.0000
v 0.941322 -0.112938 -0.250396 0.0588 0.0588 0.0588
v 0.979261 -0.112938 -0.314887 0.0000 0.0000 0.0000
v 0.941322 -0.112938 -0.250396 0.0588 0.0588 0.0588
v 0.979261 -0.080743 -0.314887 0.0000 0.0000 0.0000
v 0.941322 -0.080743 -0.250396 0.0588 0.0588 0.0588
v 0.941322 -0.080743 -0.250396 0.0588 0.0588 0.0588
v 0.920331 -0.112938 -0.227534 0.1725 0.1725 0.1725
v 0.941322 -0.112938 -0.250396 0.0588 0.0588 0.0588
v 0.920331 -0.112938 -0.227534 0.1725 0.1725 0.1725
v 0.941322 -0.080743 -0.250396 0.0588 0.0588 0.0588
v 0.920331 -0.080743 -0.227534 0.1725 0.1725 0.1725
v 0.920331 -0.080743 -0.227534 0.1725 0.1725 0.1725
v 0.869586 -0.112938 -0.202903 0.3647 0.3647 0.3647
v 0.920331 -0.112938 -0.227534 0.1725 0.1725 0.1725
v 0.869586 -0.112938 -0.202903 0.3647 0.3647 0.3647
v 0.920331 -0.080743 -0.227534 0.1725 0.1725 0.1725
v 0.869586 -0.080743 -0.202903 0.3647 0.3647 0.3647
v 0.869586 -0.080743 -0.202903 0.3647 0.3647 0.3647
v 0.758608 -0.112938 -0.166108 0.7020 0.7020 0.7020
v 0.869586 -0.112938 -0.202903 0.3647 0.3647 0.3647
v 0.758608 -0.112938 -0.166108 0.7020 0.7020 0.7020
v 0.869586 -0.080743 -0.202903 0.3647 0.3647 0.3647
v 0.758608 -0.080743 -0.166108 0.7020 0.7020 0.7020
v 0.671402 -0.080743 -0.166315 0.9058 0.9058 0.9058
v 0.758608 -0.112938 -0.166108 0.7020 0.7020 0.7020
v 0.758608 -0.080743 -0.166108 0.7020 0.7020 0.7020
v 0.671402 -0.080743 -0.166315 0.9058 0.9058 0.9058
v 0.671402 -0.112938 -0.166315 0.9058 0.9058 0.9058
v 0.758608 -0.112938 -0.166108 0.7020 0.7020 0.7020
v 0.869586 -0.080743 -0.202903 0.3647 0.3647 0.3647
v 0.834964 -0.080743 -0.324497 0.2392 0.2392 0.2392
v 0.673413 -0.080743 -0.251958 0.7725 0.7725 0.7725
v 0.869586 -0.080743 -0.202903 0.3647 0.3647 0.3647
v 0.673413 -0.080743 -0.251958 0.7725 0.7725 0.7725
v 0.758608 -0.080743 -0.166108 0.7020 0.7020 0.7020
v 0.758608 -0.080743 -0.166108 0.7020 0.7020 0.7020
v 0.673413 -0.080743 -0.251958 0.7725 0.7725 0.7725
v 0.671402 -0.080743 -0.166315 0.9058 0.9058 0.9058
v 0.834964 -0.080743 -0.324497 0.2392 0.2392 0.2392
v 0.869586 -0.080743 -0.202903 0.3647 0.3647 0.3647
v 0.920331 -0.080743 -0.227534 0.1725 0.1725 0.1725
v 0.941322 -0.080743 -0.250396 0.0588 0.0588 0.0588
v 0.834964 -0.080743 -0.324497 0.2392 0.2392 0.2392
v 0.920331 -0.080743 -0.227534 0.1725 0.1725 0.1725
v 0.834964 -0.080743 -0.324497 0.2392 0.2392 0.2392
v 0.941322 -0.080743 -0.250396 0.0588 0.0588 0.0588
v 0.979261 -0.080743 -0.314887 0.0000 0.0000 0.0000
v 0.834964 -0.080743 -0.324497 0.2392 0.2392 0.2392
v 0.979261 -0.080743 -0.314887 0.0000 0.0000 0.0000
v 1.023669 -0.080743 -0.410034 0.0000 0.0000 0.0000
v 0.869586 -0.112938 -0.202903 0.3647 0.3647 0.3647
v 0.758608 -0.112938 -0.166108 0.7020 0.7020 0.7020
v 0.673413 -0.112938 -0.251958 0.7725 0.7725 0.7725
v 0.671402 -0.112938 -0.166315 0.9058 0.9058 0.9058
v 0.673413 -0.112938 -0.251958 0.7725 0.7725 0.7725
v 0.758608 -0.112938 -0.166108 0.7020 0.7020 0.7020
v 0.834964 -0.112938 -0.324497 0.2392 0.2392 0.2392
v 0.869586 -0.112938 -0.202903 0.3647 0.3647 0.3647
v 0.673413 -0.112938 -0.251958 0.7725 0.7725 0.7725
v 0.869586 -0.112938 -0.202903 0.3647 0.3647 0.3647
v 0.834964 -0.112938 -0.324497 0.2392 0.2392 0.2392
v 0.920331 -0.112938 -0.227534 0.1725 0.1725 0.1725
v 0.834964 -0.112938 -0.324497 0.2392 0.2392 0.2392
v 0.941322 -0.112938 -0.250396 0.0588 0.0588 0.0588
v 0.920331 -0.112938 -0.227534 0.1725 0.1725 0.1725
v 0.941322 -0.112938 -0.250396 0.0588 0.0588 0.0588
v 0.834964 -0.112938 -0.324497 0.2392 0.2392 0.2392
v 0.979261 -0.112938 -0.314887 0.0000 0.0000 0.0000
v 0.979261 -0.112938 -0.314887 0.0000 0.0000 0.0000
v 0.834964 -0.112938 -0.324497 0.2392 0.2392 0.2392
v 1.023669 -0.112938 -0.410034 0.0000 0.0000 0.0000
vn -0.9997 -0.0000 -0.0235
vn -0.4096 -0.0000 -0.9123
vn -0.4112 -0.0000 -0.9115
vn -0.4110 -0.0000 -0.9116
vn -0.4129 -0.0000 -0.9108
vn -0.4111 -0.0000 -0.9116
vn 0.9062 -0.0000 0.4229
vn 0.8847 -0.0000 0.4662
vn 0.8846 -0.0000 0.4663
vn 0.8005 -0.0000 0.5993
vn 0.8004 -0.0000 0.5994
vn 0.5775 -0.0000 0.8164
vn 0.8004 -0.0000 0.5995
vn 0.3736 -0.0000 0.9276
vn 0.1478 -0.0000 0.9890
vn -0.0024 -0.0000 1.0000
vn 0.1477 -0.0000 0.9890
vn -0.0000 1.0000 -0.0000
vn -0.0000 -1.0000 -0.0000
vt 1.000000 0.000000
vt 1.000000 1.000000
s 1
usemtl Material_13.001
f 4207/210/1231 4208/211/1231 4209/211/1231
f 4210/211/1231 4211/210/1231 4212/210/1231
f 4213/211/1232 4214/210/1232 4215/210/1233
s 0
f 4216/211/1232 4217/210/1234 4218/211/1234
s 1
f 4219/210/1233 4220/210/1235 4221/211/1233
f 4222/211/1236 4223/210/1235 4224/211/1235
f 4225/210/1237 4226/211/1238 4227/211/1237
f 4228/211/1238 4229/210/1237 4230/210/1238
f 4231/210/1239 4232/211/1240 4233/211/1239
f 4234/211/1240 4235/210/1239 4236/210/1240
f 4237/210/1241 4238/211/1242 4239/211/1241
f 4240/211/1242 4241/210/1243 4242/210/1242
f 4243/210/1242 4244/211/1244 4245/211/1242
f 4246/211/1244 4247/210/1242 4248/210/1244
f 4249/210/1244 4250/211/1245 4251/211/1244
f 4252/211/1245 4253/210/1244 4254/210/1245
f 4255/210/1246 4256/211/1247 4257/210/1247
f 4258/210/1246 4259/211/1246 4260/211/1247
s 0
f 4261/210/1248 4262/210/1248 4263/210/1248
f 4264/210/1248 4265/210/1248 4266/210/1248
f 4267/210/1248 4268/210/1248 4269/210/1248
f 4270/210/1248 4271/210/1248 4272/210/1248
f 4273/210/1248 4274/210/1248 4275/210/1248
f 4276/210/1248 4277/210/1248 4278/210/1248
f 4279/210/1248 4280/210/1248 4281/210/1248
f 4282/211/1249 4283/211/1249 4284/211/1249
f 4285/211/1249 4286/211/1249 4287/211/1249
f 4288/211/1249 4289/211/1249 4290/211/1249
f 4291/211/1249 4292/211/1249 4293/211/1249
f 4294/211/1249 4295/211/1249 4296/211/1249
f 4297/211/1249 4298/211/1249 4299/211/1249
f 4300/211/1249 4301/211/1249 4302/211/1249
o Mesh_14
v 0.574350 -0.116078 -0.311191 0.9058 0.9058 0.9058
v 0.485688 -0.077603 -0.402483 0.7764 0.7764 0.7764
v 0.485688 -0.116078 -0.402483 0.7764 0.7764 0.7764
v 0.485688 -0.077603 -0.402483 0.7764 0.7764 0.7764
v 0.574350 -0.116078 -0.311191 0.9058 0.9058 0.9058
v 0.574350 -0.077603 -0.311191 0.9058 0.9058 0.9058
v 0.682829 -0.077603 -0.938219 0.0000 0.0000 0.0000
v 0.737421 -0.116078 -0.792104 0.0000 0.0000 0.0000
v 0.682829 -0.116078 -0.938219 0.0000 0.0000 0.0000
v 0.737421 -0.116078 -0.792104 0.0000 0.0000 0.0000
v 0.682829 -0.077603 -0.938219 0.0000 0.0000 0.0000
v 0.737421 -0.077603 -0.792104 0.0000 0.0000 0.0000
v 0.737421 -0.077603 -0.792104 0.0000 0.0000 0.0000
v 0.766265 -0.116078 -0.684759 0.0510 0.0510 0.0510
v 0.737421 -0.116078 -0.792104 0.0000 0.0000 0.0000
v 0.766265 -0.116078 -0.684759 0.0510 0.0510 0.0510
v 0.737421 -0.077603 -0.792104 0.0000 0.0000 0.0000
v 0.766265 -0.077603 -0.684759 0.0510 0.0510 0.0510
v 0.768636 -0.077603 -0.638713 0.1686 0.1686 0.1686
v 0.766265 -0.116078 -0.684759 0.0510 0.0510 0.0510
v 0.766265 -0.077603 -0.684759 0.0510 0.0510 0.0510
v 0.766265 -0.116078 -0.684759 0.0510 0.0510 0.0510
v 0.768636 -0.077603 -0.638713 0.1686 0.1686 0.1686
v 0.768636 -0.116078 -0.638713 0.1686 0.1686 0.1686
v 0.741907 -0.077603 -0.559296 0.3568 0.3568 0.3568
v 0.768636 -0.116078 -0.638713 0.1686 0.1686 0.1686
v 0.768636 -0.077603 -0.638713 0.1686 0.1686 0.1686
v 0.768636 -0.116078 -0.638713 0.1686 0.1686 0.1686
v 0.741907 -0.077603 -0.559296 0.3568 0.3568 0.3568
v 0.741907 -0.116078 -0.559296 0.3568 0.3568 0.3568
v 0.741907 -0.077603 -0.559296 0.3608 0.3608 0.3608
v 0.665361 -0.116078 -0.403387 0.7020 0.7020 0.7020
v 0.741907 -0.116078 -0.559296 0.3608 0.3608 0.3608
v 0.665361 -0.116078 -0.403387 0.7020 0.7020 0.7020
v 0.741907 -0.077603 -0.559296 0.3608 0.3608 0.3608
v 0.665361 -0.077603 -0.403387 0.7020 0.7020 0.7020
v 0.665361 -0.077603 -0.403387 0.7020 0.7020 0.7020
v 0.574350 -0.116078 -0.311191 0.9058 0.9058 0.9058
v 0.665361 -0.116078 -0.403387 0.7020 0.7020 0.7020
v 0.574350 -0.116078 -0.311191 0.9058 0.9058 0.9058
v 0.665361 -0.077603 -0.403387 0.7020 0.7020 0.7020
v 0.574350 -0.077603 -0.311191 0.9058 0.9058 0.9058
v 0.577012 -0.077603 -0.649197 0.2392 0.2392 0.2392
v 0.682829 -0.077603 -0.938219 0.0000 0.0000 0.0000
v 0.577012 -0.116078 -0.649197 0.2392 0.2392 0.2392
v 0.682829 -0.116078 -0.938219 0.0000 0.0000 0.0000
v 0.577012 -0.116078 -0.649197 0.2392 0.2392 0.2392
v 0.682829 -0.077603 -0.938219 0.0000 0.0000 0.0000
v 0.485688 -0.116078 -0.402483 0.7725 0.7725 0.7725
v 0.577012 -0.077603 -0.649197 0.2392 0.2392 0.2392
v 0.577012 -0.116078 -0.649197 0.2392 0.2392 0.2392
v 0.577012 -0.077603 -0.649197 0.2392 0.2392 0.2392
v 0.485688 -0.116078 -0.402483 0.7725 0.7725 0.7725
v 0.485688 -0.077603 -0.402483 0.7725 0.7725 0.7725
v 0.577012 -0.116078 -0.649197 0.2392 0.2392 0.2392
v 0.741907 -0.116078 -0.559296 0.3608 0.3608 0.3608
v 0.485688 -0.116078 -0.402483 0.7725 0.7725 0.7725
v 0.485688 -0.116078 -0.402483 0.7725 0.7725 0.7725
v 0.741907 -0.116078 -0.559296 0.3608 0.3608 0.3608
v 0.665361 -0.116078 -0.403387 0.7020 0.7020 0.7020
v 0.665361 -0.116078 -0.403387 0.7020 0.7020 0.7020
v 0.574350 -0.116078 -0.311191 0.9058 0.9058 0.9058
v 0.485688 -0.116078 -0.402483 0.7725 0.7725 0.7725
v 0.741907 -0.116078 -0.559296 0.3608 0.3608 0.3608
v 0.577012 -0.116078 -0.649197 0.2392 0.2392 0.2392
v 0.768636 -0.116078 -0.638713 0.1686 0.1686 0.1686
v 0.577012 -0.116078 -0.649197 0.2392 0.2392 0.2392
v 0.766265 -0.116078 -0.684759 0.0510 0.0510 0.0510
v 0.768636 -0.116078 -0.638713 0.1686 0.1686 0.1686
v 0.766265 -0.116078 -0.684759 0.0510 0.0510 0.0510
v 0.577012 -0.116078 -0.649197 0.2392 0.2392 0.2392
v 0.737421 -0.116078 -0.792104 0.0000 0.0000 0.0000
v 0.737421 -0.116078 -0.792104 0.0000 0.0000 0.0000
v 0.577012 -0.116078 -0.649197 0.2392 0.2392 0.2392
v 0.682829 -0.116078 -0.938219 0.0000 0.0000 0.0000
v 0.766265 -0.077603 -0.684759 0.0510 0.0510 0.0510
v 0.737421 -0.077603 -0.792104 0.0000 0.0000 0.0000
v 0.577012 -0.077603 -0.649197 0.2392 0.2392 0.2392
v 0.682829 -0.077603 -0.938219 0.0000 0.0000 0.0000
v 0.577012 -0.077603 -0.649197 0.2392 0.2392 0.2392
v 0.737421 -0.077603 -0.792104 0.0000 0.0000 0.0000
v 0.577012 -0.077603 -0.649197 0.2392 0.2392 0.2392
v 0.768636 -0.077603 -0.638713 0.1686 0.1686 0.1686
v 0.766265 -0.077603 -0.684759 0.0510 0.0510 0.0510
v 0.577012 -0.077603 -0.649197 0.2392 0.2392 0.2392
v 0.741907 -0.077603 -0.559296 0.3608 0.3608 0.3608
v 0.768636 -0.077603 -0.638713 0.1686 0.1686 0.1686
v 0.485688 -0.077603 -0.402483 0.7725 0.7725 0.7725
v 0.741907 -0.077603 -0.559296 0.3608 0.3608 0.3608
v 0.577012 -0.077603 -0.649197 0.2392 0.2392 0.2392
v 0.741907 -0.077603 -0.559296 0.3608 0.3608 0.3608
v 0.485688 -0.077603 -0.402483 0.7725 0.7725 0.7725
v 0.665361 -0.077603 -0.403387 0.7020 0.7020 0.7020
v 0.665361 -0.077603 -0.403387 0.7020 0.7020 0.7020
v 0.485688 -0.077603 -0.402483 0.7725 0.7725 0.7725
v 0.574350 -0.077603 -0.311191 0.9058 0.9058 0.9058
vn -0.7174 -0.0000 0.6967
vn 0.9368 -0.0000 -0.3500
vn 0.9522 -0.0000 -0.3056
vn 0.9875 -0.0000 -0.1577
vn 0.9902 -0.0000 0.1397
vn 0.9875 -0.0000 -0.1576
vn 0.9243 -0.0000 0.3818
vn 0.9902 -0.0000 0.1399
vn 0.9242 -0.0000 0.3819
vn 0.8081 -0.0000 0.5891
vn 0.8080 -0.0000 0.5892
vn 0.7117 -0.0000 0.7025
vn -0.9384 -0.0000 -0.3455
vn -0.9390 -0.0000 -0.3438
vn -0.9384 -0.0000 -0.3456
vn -0.9378 -0.0000 -0.3471
vn -0.0000 -1.0000 -0.0000
vn -0.0000 1.0000 -0.0000
vt 1.000000 1.000000
vt 1.000000 0.000000
s 0
usemtl Material_14.001
f 4303/212/1250 4304/213/1250 4305/212/1250
f 4306/213/1250 4307/212/1250 4308/213/1250
s 1
f 4309/213/1251 4310/212/1252 4311/212/1251
f 4312/212/1252 4313/213/1251 4314/213/1252
f 4315/213/1252 4316/212/1253 4317/212/1252
f 4318/212/1253 4319/213/1252 4320/213/1253
f 4321/213/1254 4322/212/1255 4323/213/1255
f 4324/212/1255 4325/213/1254 4326/212/1254
f 4327/213/1256 4328/212/1257 4329/213/1257
f 4330/212/1257 4331/213/1256 4332/212/1256
f 4333/213/1258 4334/212/1259 4335/212/1258
f 4336/212/1259 4337/213/1258 4338/213/1259
f 4339/213/1260 4340/212/1261 4341/212/1260
f 4342/212/1261 4343/213/1260 4344/213/1261
f 4345/213/1262 4346/213/1263 4347/212/1262
f 4348/212/1263 4349/212/1264 4350/213/1263
f 4351/212/1265 4352/213/1264 4353/212/1264
f 4354/213/1264 4355/212/1265 4356/213/1265
s 0
f 4357/212/1266 4358/212/1266 4359/212/1266
f 4360/212/1266 4361/212/1266 4362/212/1266
f 4363/212/1266 4364/212/1266 4365/212/1266
f 4366/212/1266 4367/212/1266 4368/212/1266
f 4369/212/1266 4370/212/1266 4371/212/1266
f 4372/212/1266 4373/212/1266 4374/212/1266
f 4375/212/1266 4376/212/1266 4377/212/1266
f 4378/213/1267 4379/213/1267 4380/213/1267
f 4381/213/1267 4382/213/1267 4383/213/1267
f 4384/213/1267 4385/213/1267 4386/213/1267
f 4387/213/1267 4388/213/1267 4389/213/1267
f 4390/213/1267 4391/213/1267 4392/213/1267
f 4393/213/1267 4394/213/1267 4395/213/1267
f 4396/213/1267 4397/213/1267 4398/213/1267
